{
"type": "FeatureCollection",
"name": "LTN_filters_Aug_2024_for_website",
"crs": { "type": "name", "properties": { "name": "urn:ogc:def:crs:EPSG::27700" } },
"features": [
{ "type": "Feature", "properties": { "ID": 747, "Type": "Point filter", "Descriptio": "Grosvenor Rise East", "Enforcemen": "Filter-Barrier-Bollard", "Timed_Enfo": "N", "Exemptions": "N", "Exemption_": null, "LGA": "Waltham Forest", "LTN": "Walthamstow Village", "Implementa": "Sep-15", "Date_Remov": null, "url": null, "Notes": null }, "geometry": { "type": "Point", "coordinates": [ 537889.892443721182644, 188753.430777103727451 ] } },
{ "type": "Feature", "properties": { "ID": 748, "Type": "Point Filter", "Descriptio": null, "Enforcemen": "Filter-Barrier-Bollard", "Timed_Enfo": "N", "Exemptions": "N", "Exemption_": null, "LGA": "Waltham Forest", "LTN": "Walthamstow Village", "Implementa": "Sep-15", "Date_Remov": null, "url": null, "Notes": null }, "geometry": { "type": "Point", "coordinates": [ 537886.773078659665771, 188731.985142305406043 ] } },
{ "type": "Feature", "properties": { "ID": 1, "Type": "Point Filter", "Descriptio": "Bus Gate with exemption for Taxis on Station Parade to facilitate social distancing", "Enforcemen": "Filter-Navigable-ANPR", "Timed_Enfo": "N", "Exemptions": "t", "Exemption_": "Taxi", "LGA": "Barking and Dagenham Council", "LTN": "Bus Gate", "Implementa": "8/2/2021", "Date_Remov": null, "url": "https://oneboroughvoice.lbbd.gov.uk/barking-station-parade", "Notes": "Bus gate that's exempt to taxis." }, "geometry": { "type": "Point", "coordinates": [ 544412.788564269198105, 184346.497844751109369 ] } },
{ "type": "Feature", "properties": { "ID": 2, "Type": "Point Filter", "Descriptio": "Experimental Traffic Order. No Motor Vehicle Access. Thirlmere Gardens", "Enforcemen": "Filter-Navigable-Signage", "Timed_Enfo": "N", "Exemptions": "N", "Exemption_": null, "LGA": "Brent", "LTN": "Preston Healthy Neighbourhood", "Implementa": "Aug-20", "Date_Remov": "26/01/2022", "url": "https://consultation.brent.gov.uk/highways-and-infrastructure/preston-area-healthy-neighbourhood/", "Notes": "See also https://www.brentcyclists.org.uk/2021/03/01/response-to-preston-area-healthy-neighbourhood/" }, "geometry": { "type": "Point", "coordinates": [ 517364.363423724716995, 187235.879766578786075 ] } },
{ "type": "Feature", "properties": { "ID": 3, "Type": "Point Filter", "Descriptio": "Experimental Traffic Order. No Motor Vehicle Access to Grasmere.", "Enforcemen": "Filter-Navigable-Signage", "Timed_Enfo": "N", "Exemptions": "N", "Exemption_": null, "LGA": "Brent", "LTN": "Preston Healthy Neighbourhood", "Implementa": "Aug-20", "Date_Remov": "26/01/2022", "url": "https://consultation.brent.gov.uk/highways-and-infrastructure/preston-area-healthy-neighbourhood/supporting_documents/Healthy%20Neighbourhood%20%20Preston%20Area%20PM29.pdf", "Notes": "See also https://www.brentcyclists.org.uk/2021/03/01/response-to-preston-area-healthy-neighbourhood/" }, "geometry": { "type": "Point", "coordinates": [ 517778.061959813116118, 187440.603284429467749 ] } },
{ "type": "Feature", "properties": { "ID": 4, "Type": "Point Filter", "Descriptio": "Experimental Traffic Order. No Motor Vehicle Access to Glendale", "Enforcemen": "Filter-Navigable-Signage", "Timed_Enfo": "N", "Exemptions": "N", "Exemption_": null, "LGA": "Brent", "LTN": "Preston Healthy Neighbourhood", "Implementa": "Aug-20", "Date_Remov": "26/01/2022", "url": "https://consultation.brent.gov.uk/highways-and-infrastructure/preston-area-healthy-neighbourhood/supporting_documents/Healthy%20Neighbourhood%20%20Preston%20Area%ç", "Notes": "See also https://www.brentcyclists.org.uk/2021/03/01/response-to-preston-area-healthy-neighbourhood/" }, "geometry": { "type": "Point", "coordinates": [ 518160.696755927172489, 187151.832653021207079 ] } },
{ "type": "Feature", "properties": { "ID": 5, "Type": "Point Filter", "Descriptio": "Experimental Traffic Order. No Motor Vehicle access. Lawrence Ave", "Enforcemen": "Filter-Navigable-Signage", "Timed_Enfo": "N", "Exemptions": "N", "Exemption_": null, "LGA": "Brent", "LTN": "Stonebridge and Harlesdan Area Healthy Neighbourhood", "Implementa": "Aug-20", "Date_Remov": "26/01/2022", "url": "https://consultation.brent.gov.uk/highways-and-infrastructure/stonebridge-harlesden-area-healthy-neighbourhood-s/supporting_documents/PM14%20Stonebridge%20and%20Harlesden%20Healthy%20Neighbourhood%20Letter%2028.07.20%20v4.pdf", "Notes": "the bollards were removed around the 9th of February 2021. The planters went in, in early August 2020 followed by bollards in December 2020. (from Syvia at Brent Cycling Campaign)" }, "geometry": { "type": "Point", "coordinates": [ 520844.525966724089812, 183572.411416996328626 ] } },
{ "type": "Feature", "properties": { "ID": 6, "Type": "Point Filter", "Descriptio": "Experimental Traffic Order. No Motor Vehicle access. Mordaunt Road", "Enforcemen": "Filter-Navigable-Signage", "Timed_Enfo": "N", "Exemptions": "N", "Exemption_": null, "LGA": "Brent", "LTN": "Stonebridge and Harlesdan Area Healthy Neighbourhood", "Implementa": "Aug-20", "Date_Remov": null, "url": "https://consultation.brent.gov.uk/highways-and-infrastructure/stonebridge-harlesden-area-healthy-neighbourhood-s/supporting_documents/PM14%20Stonebridge%20and%20Harlesden%20Healthy%20Neighbourhood%20Letter%2028.07.20%20v4.pdf", "Notes": "the bollards were removed around the 9th of February 2021. The planters went in, in early August 2020 followed by bollards in December 2020." }, "geometry": { "type": "Point", "coordinates": [ 520756.800929610733874, 183698.617361617740244 ] } },
{ "type": "Feature", "properties": { "ID": 7, "Type": "Point Filter", "Descriptio": "Experimental Traffic Order. No Motor Vehicle access. Nicholl Road", "Enforcemen": "Filter-Navigable-Signage", "Timed_Enfo": "N", "Exemptions": "N", "Exemption_": null, "LGA": "Brent", "LTN": "Stonebridge and Harlesdan Area Healthy Neighbourhood", "Implementa": "Aug-20", "Date_Remov": null, "url": "https://consultation.brent.gov.uk/highways-and-infrastructure/stonebridge-harlesden-area-healthy-neighbourhood-s/supporting_documents/PM14%20Stonebridge%20and%20Harlesden%20Healthy%20Neighbourhood%20Letter%2028.07.20%20v4.pdf", "Notes": "the bollards were removed around the 9th of February 2021. The planters went in, in early August 2020 followed by bollards in December 2020." }, "geometry": { "type": "Point", "coordinates": [ 521324.049573362572119, 183646.044748066051397 ] } },
{ "type": "Feature", "properties": { "ID": 8, "Type": "Point Filter", "Descriptio": "Experimental Traffic Order. No Motor Vehicle access Tokyngton Ave", "Enforcemen": "Filter-Navigable-Signage", "Timed_Enfo": "N", "Exemptions": "N", "Exemption_": null, "LGA": "Brent", "LTN": "Tokyngton and Wembley Central Area Healthy Neighbourhood", "Implementa": "Sep-20", "Date_Remov": "01/02/2021", "url": "https://consultation.brent.gov.uk/highways-and-infrastructure/tokyngton-wembley-central-area-healthy-neighbourho/supporting_documents/Tokyngton%20and%20Wembley%20Central%20Healthy%20Neighbourhood%20All%20Drawings%20280720.pdf", "Notes": null }, "geometry": { "type": "Point", "coordinates": [ 519350.793911638436839, 184538.048176366428379 ] } },
{ "type": "Feature", "properties": { "ID": 9, "Type": "Point Filter", "Descriptio": "Experimental Traffic Order. No Motor Vehicle Access Rupert Ave", "Enforcemen": "Filter-Navigable-Signage", "Timed_Enfo": "N", "Exemptions": "N", "Exemption_": null, "LGA": "Brent", "LTN": "Tokyngton and Wembley Central Area Healthy Neighbourhood", "Implementa": "Sep-20", "Date_Remov": "Dec-20", "url": "https://consultation.brent.gov.uk/highways-and-infrastructure/tokyngton-wembley-central-area-healthy-neighbourho/supporting_documents/Tokyngton%20and%20Wembley%20Central%20Healthy%20Neighbourhood%20All%20Drawings%20280720.pdf", "Notes": "Point filters on Cecil Avenue and Rupert Avenue suspended in September 2020 for COVID-19 Testing Centre on London Road. Also changed from bollard to signage at some point. Rupert Road one shows on GSV as there in Dec 2020 and Jun 2021, but no by Oct 2022" }, "geometry": { "type": "Point", "coordinates": [ 518565.002466621517669, 184828.735017327649985 ] } },
{ "type": "Feature", "properties": { "ID": 10, "Type": "Point Filter", "Descriptio": "Experimental Traffic Order. No Motor Vehicle Cecil ave", "Enforcemen": "Filter-Navigable-Signage", "Timed_Enfo": "N", "Exemptions": "N", "Exemption_": null, "LGA": "Brent", "LTN": "Tokyngton and Wembley Central Area Healthy Neighbourhood", "Implementa": "Sep-20", "Date_Remov": "Jan-22", "url": "https://consultation.brent.gov.uk/highways-and-infrastructure/tokyngton-wembley-central-area-healthy-neighbourho/supporting_documents/Tokyngton%20and%20Wembley%20Central%20Healthy%20Neighbourhood%20All%20Drawings%20280720.pdf", "Notes": "Point filters on Cecil Avenue and Rupert Avenue suspended in September 2020 for COVID-19 Testing Centre on London Road. Also changed from bollard to signage at some point. Rupert Road one shows on GSV as there in Dec 2020 and Jun 2021, but no by Oct 2022" }, "geometry": { "type": "Point", "coordinates": [ 518415.307910690607969, 185069.360485153796617 ] } },
{ "type": "Feature", "properties": { "ID": 11, "Type": "New Access Restriction", "Descriptio": "Jamestown Road junction\nwith Arlington Road. A physical traffic restriction\nadded to prevent traffic cutting east along Jamestown Road through to Camden High Street. Jamestown Road one way for a stretch.", "Enforcemen": "Filter-Navigable-Signage", "Timed_Enfo": "N", "Exemptions": "N", "Exemption_": null, "LGA": "Camden", "LTN": "Arlington Road LTN", "Implementa": "24/9/2020", "Date_Remov": null, "url": "https://www.camden.gov.uk/documents/20142/181204604/Arlington+Road+Area+Low+Traffic+Neighbourhood+Map+and+images.pdf/56616d22-ad5c-04db-fa44-50b92311956b?t=1600436656853", "Notes": "Traffic order: https://www.thegazette.co.uk/notice/3632598" }, "geometry": { "type": "Point", "coordinates": [ 528710.009349793894216, 184004.930300290172454 ] } },
{ "type": "Feature", "properties": { "ID": 12, "Type": "New Access Restriction", "Descriptio": "Arlington Road junction with Delancey Street\nA physical traffic restriction added, 3 resident permit parking spaces removed and 3\npaid for parking bays replaced with single yellow lines to prevent traffic cutting north\nthrough Arlington Road.", "Enforcemen": "Filter-Navigable-Signage", "Timed_Enfo": "N", "Exemptions": "N", "Exemption_": null, "LGA": "Camden", "LTN": "Arlington Road LTN", "Implementa": "24/9/2020", "Date_Remov": null, "url": "https://www.camden.gov.uk/documents/20142/181204604/Arlington+Road+Area+Low+Traffic+Neighbourhood+Map+and+images.pdf/56616d22-ad5c-04db-fa44-50b92311956b?t=1600436656853", "Notes": "Traffic order: https://www.thegazette.co.uk/notice/3632598" }, "geometry": { "type": "Point", "coordinates": [ 528950.145863520912826, 183601.417058461462148 ] } },
{ "type": "Feature", "properties": { "ID": 13, "Type": "Point Filter", "Descriptio": "Mornington Street junction with Albert Street\nPlanters added and restriction enforced by Automatic Number Plate Recognition cameras to prevent traffic using Mornington Street to cut\nthrough Albert Street and Arlington Road.", "Enforcemen": "Filter-Navigable-ANPR", "Timed_Enfo": "N", "Exemptions": "N", "Exemption_": null, "LGA": "Camden", "LTN": "Arlington Road LTN", "Implementa": "24/9/2020", "Date_Remov": null, "url": "https://www.camden.gov.uk/documents/20142/181204604/Arlington+Road+Area+Low+Traffic+Neighbourhood+Map+and+images.pdf/56616d22-ad5c-04db-fa44-50b92311956b?t=1600436656853", "Notes": "Traffic order: https://www.thegazette.co.uk/notice/3632598" }, "geometry": { "type": "Point", "coordinates": [ 528967.307216970133595, 183418.761840466380818 ] } },
{ "type": "Feature", "properties": { "ID": 14, "Type": "Point Filter", "Descriptio": "Albert Street junction with\nMornington Place. A physical traffic restriction\nadded to prevent traffic using Albert Street to cut through to Mornington Place.", "Enforcemen": "Filter-Barrier-Bollard", "Timed_Enfo": "N", "Exemptions": "N", "Exemption_": null, "LGA": "Camden", "LTN": "Arlington Road LTN", "Implementa": "24/9/2020", "Date_Remov": null, "url": "https://www.camden.gov.uk/documents/20142/181204604/Arlington+Road+Area+Low+Traffic+Neighbourhood+Map+and+images.pdf/56616d22-ad5c-04db-fa44-50b92311956b?t=1600436656853", "Notes": "Traffic order: https://www.thegazette.co.uk/notice/3632598" }, "geometry": { "type": "Point", "coordinates": [ 529014.235630459617823, 183280.344988939643372 ] } },
{ "type": "Feature", "properties": { "ID": 16, "Type": "Point Filter", "Descriptio": "Buck Street junction with Kentish Town Road. A physical traffic restriction added to prevent traffic trying to avoid the traffic lights on Kentish Town Road to access Hawley Crescent.", "Enforcemen": "Filter-Barrier-Bollard", "Timed_Enfo": "N", "Exemptions": "N", "Exemption_": null, "LGA": "Camden", "LTN": "Arlington Road LTN", "Implementa": "24/9/2020", "Date_Remov": null, "url": "https://www.camden.gov.uk/documents/20142/181204604/Arlington+Road+Area+Low+Traffic+Neighbourhood+Map+and+images.pdf/56616d22-ad5c-04db-fa44-50b92311956b?t=1600436656853", "Notes": "Traffic order: https://www.thegazette.co.uk/notice/3632598" }, "geometry": { "type": "Point", "coordinates": [ 528922.094486756715924, 184011.980327035707887 ] } },
{ "type": "Feature", "properties": { "ID": 17, "Type": "Point Filter", "Descriptio": "Vehicular traffic prohibited from proceeding in Savernake Road, in either direction, past a point adjacent to nos. 2 and 4 Savernake Road (between the junctions with Lisburne Road and Roderick Road)", "Enforcemen": "Filter-Barrier-Bollard", "Timed_Enfo": "N", "Exemptions": "N", "Exemption_": null, "LGA": "Camden", "LTN": "Constantine Road and Savernake Road", "Implementa": "21/5/2020", "Date_Remov": null, "url": "https://www.camden.gov.uk/making-travel-safer-in-camden#dhmm", "Notes": null }, "geometry": { "type": "Point", "coordinates": [ 527759.869325395906344, 185685.888483144459315 ] } },
{ "type": "Feature", "properties": { "ID": 18, "Type": "Point Filter", "Descriptio": "Change to the recently installed vehicular traffic prohibition (No Motor Vehicle Sign) on Hartland Road, near the junction of Hawley Road, from a signage only vehicle prohibition to a physical vehicle prohibition using bollards.", "Enforcemen": "Filter-Barrier-Bollard", "Timed_Enfo": "N", "Exemptions": "N", "Exemption_": null, "LGA": "Camden", "LTN": "Clarence Way and Hartland Road Safe and Healthy Streets", "Implementa": "Jun-20", "Date_Remov": null, "url": "https://www.camden.gov.uk/making-travel-safer-in-camden#duwd", "Notes": "Corrected LTN name Nov23 - Was 'Kentish Town'.Used to be just signage but is now bollard. Unsure of when this change happened." }, "geometry": { "type": "Point", "coordinates": [ 528647.603671658202074, 184339.957583659386728 ] } },
{ "type": "Feature", "properties": { "ID": 19, "Type": "Point Filter", "Descriptio": "Droppable bollards on Hartland Road north of the junction with Clarence Way (at Holy Trinity & St. Silas School/Church)", "Enforcemen": "Filter-Barrier-Bollard", "Timed_Enfo": "N", "Exemptions": "N", "Exemption_": null, "LGA": "Camden", "LTN": "Clarence Way and Hartland Road Safe and Healthy Streets", "Implementa": "Jun-20", "Date_Remov": null, "url": "https://www.camden.gov.uk/making-travel-safer-in-camden#duwd", "Notes": "Corrected LTN name Nov23 - Was 'Kentish Town'." }, "geometry": { "type": "Point", "coordinates": [ 528708.555922343279235, 184431.747182619292289 ] } },
{ "type": "Feature", "properties": { "ID": 20, "Type": "Point Filter", "Descriptio": "Droppable bollards at the junction of Harmood Street and Clarence Way", "Enforcemen": "Filter-Barrier-Bollard", "Timed_Enfo": "N", "Exemptions": "N", "Exemption_": null, "LGA": "Camden", "LTN": "Clarence Way and Hartland Road Safe and Healthy Streets", "Implementa": "Jun-20", "Date_Remov": null, "url": "https://www.camden.gov.uk/making-travel-safer-in-camden#duwd", "Notes": "Corrected LTN name Nov23 - Was 'Kentish Town'." }, "geometry": { "type": "Point", "coordinates": [ 528581.463381510460749, 184403.600770332734101 ] } },
{ "type": "Feature", "properties": { "ID": 21, "Type": "Point Filter", "Descriptio": "Vehicles will be prohibited from entering the section of Laystall Street between its junctions with Mount Pleasant and Rosebery Avenue except at the Mount Pleasant junction for the purposes of accessing adjacent premises.", "Enforcemen": "Filter-Barrier-Bollard", "Timed_Enfo": "N", "Exemptions": "N", "Exemption_": null, "LGA": "Camden", "LTN": "Lystall Street", "Implementa": "2/3/2020", "Date_Remov": null, "url": "https://www.camden.gov.uk/documents/20142/985126/2020+No.+20+-+published+20+February+2020.pdf/a47f16cb-ecad-2bd8-dab3-a8ef54528109?t=1582219638021", "Notes": "street view: https://goo.gl/maps/Z6QcYSb2JjC2PShQ6" }, "geometry": { "type": "Point", "coordinates": [ 531073.396527103148401, 182084.874256845156197 ] } },
{ "type": "Feature", "properties": { "ID": 22, "Type": "Point Filter", "Descriptio": "Prowse Place scheme: (now ANPR, spring 2021)  droppable bollards (which can be dropped temporarily by emergency services and refuse vehicles) between Bonny Street and Ivor Street.", "Enforcemen": "Filter-Navigable-ANPR", "Timed_Enfo": "N", "Exemptions": "N", "Exemption_": null, "LGA": "Camden", "LTN": "Prowse Place Safe and Healthy Streets", "Implementa": "Jun-20", "Date_Remov": null, "url": "https://www.camden.gov.uk/making-travel-safer-in-camden#efux", "Notes": "Corrected LTN name in Nov23. Changed to ANPR SPRING 2021 - only info I can find" }, "geometry": { "type": "Point", "coordinates": [ 529048.867923572077416, 184233.190716437413357 ] } },
{ "type": "Feature", "properties": { "ID": 23, "Type": "Point Filter", "Descriptio": "Dane Street will become two way, but no access through the bollards (except cycles, emergency services and refuse vehicles)", "Enforcemen": "Filter-Barrier-Bollard", "Timed_Enfo": "N", "Exemptions": "N", "Exemption_": null, "LGA": "Camden", "LTN": "Gray's Inn", "Implementa": "Jul-20", "Date_Remov": null, "url": "https://www.camden.gov.uk/making-travel-safer-in-camden#lkyk", "Notes": "street view: https://goo.gl/maps/Vkmyqhtvr8UtKAau8" }, "geometry": { "type": "Point", "coordinates": [ 530631.667934844037518, 181669.894995068956632 ] } },
{ "type": "Feature", "properties": { "ID": 24, "Type": "Point Filter", "Descriptio": "Install droppable fixed and removable bollards, and ‚Motor Vehicles Prohibited‚ signage on Red Lion Street at the junction with Princeton Street", "Enforcemen": "Filter-Barrier-Bollard", "Timed_Enfo": "N", "Exemptions": "N", "Exemption_": null, "LGA": "Camden", "LTN": "Gray's Inn", "Implementa": "Jul-20", "Date_Remov": null, "url": "https://www.camden.gov.uk/making-travel-safer-in-camden#lkyk", "Notes": "street view: https://goo.gl/maps/ac6nscuiCoKzdXoh6" }, "geometry": { "type": "Point", "coordinates": [ 530728.84948053851258, 181751.289901556214318 ] } },
{ "type": "Feature", "properties": { "ID": 26, "Type": "Point Filter", "Descriptio": "Preventing through-motor traffic along Sandall Road by installing a droppable bollard near the junction with Camden Road.", "Enforcemen": "Filter-Barrier-Bollard", "Timed_Enfo": "N", "Exemptions": "N", "Exemption_": null, "LGA": "Camden", "LTN": "Sandall Road", "Implementa": "21/5/2020", "Date_Remov": null, "url": "https://www.camden.gov.uk/making-travel-safer-in-camden#enmi", "Notes": null }, "geometry": { "type": "Point", "coordinates": [ 529496.316200986970216, 184642.397661787283141 ] } },
{ "type": "Feature", "properties": { "ID": 27, "Type": "New Access Restriction", "Descriptio": "MONMOUTH STREET / NEAL STREET: motor vehicles prohibited from entering Monmouth\nStreet at the junction with Neal Street / Shaftesbury Avenue each day between 10am and 6pm.", "Enforcemen": "Filter-Barrier-Bollard", "Timed_Enfo": "Y", "Exemptions": "N", "Exemption_": null, "LGA": "Camden", "LTN": "Covent Garden North", "Implementa": "23/7/2020", "Date_Remov": null, "url": "https://www.camden.gov.uk/making-travel-safer-in-camden#rfbx", "Notes": "Traffic order: https://www.camden.gov.uk/documents/20142/4207163/2020+No.+44+-+published+16+July+2020+%281%29.pdf/07113c42-4302-a081-aa56-8c8584830598?t=1594896168174" }, "geometry": { "type": "Point", "coordinates": [ 530074.087852218654007, 181234.854144637298305 ] } },
{ "type": "Feature", "properties": { "ID": 28, "Type": "New Access Restriction", "Descriptio": "NEAL STREET: motor vehicles prohibited from entering the section of Neal Street that lies north of its junction with Short's Gardens between 10am and 6pm each day of the week.", "Enforcemen": "Filter-Barrier-Bollard", "Timed_Enfo": "Y", "Exemptions": "N", "Exemption_": null, "LGA": "Camden", "LTN": "Covent Garden North", "Implementa": "23/7/2020", "Date_Remov": null, "url": "https://www.camden.gov.uk/making-travel-safer-in-camden#rfbx", "Notes": null }, "geometry": { "type": "Point", "coordinates": [ 530148.468671196489595, 181166.209301794471685 ] } },
{ "type": "Feature", "properties": { "ID": 29, "Type": "New Access Restriction", "Descriptio": "MERCER STREET: motor vehicles prohibited from entering Mercer Street at its junction with\nShelton Street between 10am and 6pm each day of the week, except for the purposes of access", "Enforcemen": "Signage", "Timed_Enfo": "Y", "Exemptions": "Y", "Exemption_": "Residents/Commercial access", "LGA": "Camden", "LTN": "Covent Garden North", "Implementa": "23/7/2020", "Date_Remov": null, "url": "https://www.camden.gov.uk/making-travel-safer-in-camden#rfbx", "Notes": null }, "geometry": { "type": "Point", "coordinates": [ 530110.795599367469549, 181040.392491031379905 ] } },
{ "type": "Feature", "properties": { "ID": 30, "Type": "New Access Restriction", "Descriptio": "Monmouth Street South. No Acceess to Upper St. Martins Lane.", "Enforcemen": "Filter-Barrier", "Timed_Enfo": "N", "Exemptions": "N", "Exemption_": null, "LGA": "Camden", "LTN": "Covent Garden North", "Implementa": "23/7/2020", "Date_Remov": null, "url": "https://www.camden.gov.uk/making-travel-safer-in-camden#rfbx", "Notes": null }, "geometry": { "type": "Point", "coordinates": [ 530057.896300858585164, 180993.971518396225292 ] } },
{ "type": "Feature", "properties": { "ID": 31, "Type": "New Access Restriction", "Descriptio": "EARLHAM STREET: motor vehicles prohibited from entering the section of Earlham Street\nwhich lies west of Seven Dials between 7am and 7pm on Mondays to Saturdays except for the\npurposes of access\n", "Enforcemen": "Signage", "Timed_Enfo": "Y", "Exemptions": "Y", "Exemption_": "Residents/commercial access", "LGA": "Camden", "LTN": "Covent Garden North", "Implementa": "23/7/2020", "Date_Remov": null, "url": "https://www.camden.gov.uk/making-travel-safer-in-camden#rfbx", "Notes": null }, "geometry": { "type": "Point", "coordinates": [ 530057.465652629849501, 181086.764966350456234 ] } },
{ "type": "Feature", "properties": { "ID": 33, "Type": "Point Filter", "Descriptio": "Wilmot Place no access to St. Pancras Road", "Enforcemen": "Filter-Barrier-Bollard", "Timed_Enfo": "N", "Exemptions": "N", "Exemption_": null, "LGA": "Camden", "LTN": "Wilmot Place Safe and Healthy Streets", "Implementa": "May-20", "Date_Remov": null, "url": "https://www.camden.gov.uk/making-travel-safer-in-camden#rgtq", "Notes": "Corrected LTN name in Nov23" }, "geometry": { "type": "Point", "coordinates": [ 529142.0829586799955, 184387.564231940545142 ] } },
{ "type": "Feature", "properties": { "ID": 34, "Type": "Point Filter", "Descriptio": "Closed to all traffic at all times Except open between Mon - Fri 7am-11pm", "Enforcemen": "Filter-Barrier", "Timed_Enfo": "Y", "Exemptions": "N", "Exemption_": null, "LGA": "City of London", "LTN": "Beech Street Zero Emissions Zone", "Implementa": "18/3/2020", "Date_Remov": null, "url": "https://www.cityoflondon.gov.uk/services/streets/traffic-schemes-and-proposals/beech-street", "Notes": "Filter is a gate-barrier overnight/weekends, navigable weekday daytimes." }, "geometry": { "type": "Point", "coordinates": [ 532553.51116980810184, 181660.580323574540671 ] } },
{ "type": "Feature", "properties": { "ID": 35, "Type": "Point Filter", "Descriptio": "No vehicles except zero emissions vehicles, emergency service or for any vehicle to access Cromwell Tower ground floor car park and forecourt, Barbican Trade Centre West Vehicle Entrance only", "Enforcemen": "Filter-Navigable-ANPR", "Timed_Enfo": "N", "Exemptions": "Y", "Exemption_": "Zero Emission Vehicles, Access to specified premises", "LGA": "City of London", "LTN": "Beech Street Zero Emissions Zone", "Implementa": "18/3/2020", "Date_Remov": null, "url": "https://www.cityoflondon.gov.uk/services/streets/traffic-schemes-and-proposals/beech-street", "Notes": null }, "geometry": { "type": "Point", "coordinates": [ 532126.286171409767121, 181849.420022179372609 ] } },
{ "type": "Feature", "properties": { "ID": 36, "Type": "Point Filter", "Descriptio": "No vehicles other than zero emission vehicles or access for any vehicle to Barbican Centre car park (Beech Street entrance) Lauderdale Place for Barbican Estate office and Lauderdale Tower forecourt Shakespeare Tower and Defoe House car park Cromwell Tow", "Enforcemen": "Filter-Navigable-ANPR", "Timed_Enfo": "N", "Exemptions": "Y", "Exemption_": "Zero emission Vehicles, Access to premises", "LGA": "City of London", "LTN": "Beech Street Zero Emissions Zone", "Implementa": "18/3/2020", "Date_Remov": null, "url": "https://www.cityoflondon.gov.uk/services/streets/traffic-schemes-and-proposals/beech-street", "Notes": null }, "geometry": { "type": "Point", "coordinates": [ 532414.983825012343004, 181943.844662229646929 ] } },
{ "type": "Feature", "properties": { "ID": 37, "Type": "Point Filter", "Descriptio": "No vehicle traffic on to Beech St other than cycles.", "Enforcemen": "Filter-Barrier", "Timed_Enfo": "N", "Exemptions": "N", "Exemption_": null, "LGA": "City of London", "LTN": "Beech Street Zero Emissions Zone", "Implementa": "18/3/2020", "Date_Remov": null, "url": "https://www.cityoflondon.gov.uk/services/streets/traffic-schemes-and-proposals/beech-street", "Notes": null }, "geometry": { "type": "Point", "coordinates": [ 532245.905098710907623, 181907.948904720833525 ] } },
{ "type": "Feature", "properties": { "ID": 38, "Type": "Point Filter", "Descriptio": "No vehicle access between beech street and Golden Lane", "Enforcemen": "Filter-Barrier", "Timed_Enfo": "N", "Exemptions": "N", "Exemption_": null, "LGA": "City of London", "LTN": "Beech Street Zero Emissions Zone", "Implementa": "18/3/2020", "Date_Remov": null, "url": "https://www.cityoflondon.gov.uk/services/streets/traffic-schemes-and-proposals/beech-street", "Notes": null }, "geometry": { "type": "Point", "coordinates": [ 532335.891514291404746, 181936.665054500976112 ] } },
{ "type": "Feature", "properties": { "ID": 39, "Type": "Point Filter", "Descriptio": "Restriction of all motor vehicles except buses and (LB Islington) permit holders between Golden Lane and Fortune street - Residents?", "Enforcemen": "Filter-Navigable", "Timed_Enfo": "N", "Exemptions": "Y", "Exemption_": "Buses, Permit holders - residents", "LGA": "City of London", "LTN": "Beech Street Zero Emissions Zone", "Implementa": "18/3/2020", "Date_Remov": null, "url": "https://www.cityoflondon.gov.uk/services/streets/traffic-schemes-and-proposals/beech-street", "Notes": "https://www.thegazette.co.uk/notice/3548334 This is in islington." }, "geometry": { "type": "Point", "coordinates": [ 532301.688510482897982, 182085.110133681097068 ] } },
{ "type": "Feature", "properties": { "ID": 40, "Type": "Point Filter", "Descriptio": "No through traffic Mon - Fri 9am - 2.30pm Whitecross Street (this is a market)", "Enforcemen": "Filter-Navigable-Signage", "Timed_Enfo": "Y", "Exemptions": "N", "Exemption_": null, "LGA": "City of London", "LTN": "Beech Street Zero Emissions Zone", "Implementa": "18/3/2020", "Date_Remov": null, "url": "https://www.cityoflondon.gov.uk/services/streets/traffic-schemes-and-proposals/beech-street", "Notes": "Preexisting Closure For Market Hours" }, "geometry": { "type": "Point", "coordinates": [ 532418.594367997022346, 182143.572769798629452 ] } },
{ "type": "Feature", "properties": { "ID": 41, "Type": "Point Filter", "Descriptio": "No through traffic Mon - Fri 9am - 2.30pm Whitecross Street (this is a market)", "Enforcemen": "Filter-Navigable-Signage", "Timed_Enfo": "Y", "Exemptions": "N", "Exemption_": null, "LGA": "City of London", "LTN": "Beech Street Zero Emissions Zone", "Implementa": "18/3/2020", "Date_Remov": null, "url": "https://www.cityoflondon.gov.uk/services/streets/traffic-schemes-and-proposals/beech-street", "Notes": "Preexisting Closure For Market Hours" }, "geometry": { "type": "Point", "coordinates": [ 532325.089867091970518, 182351.341762766474858 ] } },
{ "type": "Feature", "properties": { "ID": 42, "Type": "Point Filter", "Descriptio": "Restriction of all through motor traffic on Cheapside except buses", "Enforcemen": "Filter-Navigable-Signage", "Timed_Enfo": "N", "Exemptions": "Y", "Exemption_": "Buses, blue badge holders", "LGA": "City of London", "LTN": "City Streets Bank and Bishopsgate", "Implementa": "Aug-20", "Date_Remov": null, "url": "https://www.cityoflondon.gov.uk/services/streets/covid-19-city-streets", "Notes": null }, "geometry": { "type": "Point", "coordinates": [ 532343.08614161494188, 181188.615529617876746 ] } },
{ "type": "Feature", "properties": { "ID": 43, "Type": "Point Filter", "Descriptio": "Restriction of all motor traffic on Cheapside from Poultry to junction with King St 7am-7pm except for access to off street premises, buses and blue badge holders", "Enforcemen": "Filter-Navigable-Signage", "Timed_Enfo": "Y", "Exemptions": "Y", "Exemption_": "access to off street premises, buses, blue badge holders", "LGA": "City of London", "LTN": "City Streets Bank and Bishopsgate", "Implementa": "1/8/2020", "Date_Remov": null, "url": "https://www.cityoflondon.gov.uk/services/streets/covid-19-city-streets", "Notes": null }, "geometry": { "type": "Point", "coordinates": [ 532581.833081037737429, 181131.187384664313868 ] } },
{ "type": "Feature", "properties": { "ID": 44, "Type": "Point Filter", "Descriptio": "No motor vehicles on Old Broad St , Mon - Fri, 7am - 7pm, except access to off-street premises and blue badge holders", "Enforcemen": "Filter-Navigable-Signage", "Timed_Enfo": "Y", "Exemptions": "Y", "Exemption_": "Access to off-street premises, blue badge holders", "LGA": "City of London", "LTN": "City Streets Bank and Bishopsgate", "Implementa": "Aug-20", "Date_Remov": null, "url": "https://www.cityoflondon.gov.uk/services/streets/covid-19-city-streets", "Notes": null }, "geometry": { "type": "Point", "coordinates": [ 533074.85826266836375, 181473.905527861497831 ] } },
{ "type": "Feature", "properties": { "ID": 45, "Type": "Point Filter", "Descriptio": "No motor vehicles on Old Broad St , Mon - Fri, 7am - 7pm, except access to off-street premises and blue badge holders", "Enforcemen": "Filter-Navigable-Signage", "Timed_Enfo": "Y", "Exemptions": "Y", "Exemption_": "Access to off-street premises, blue badge holders", "LGA": "City of London", "LTN": "City Streets Bank and Bishopsgate", "Implementa": "Aug-20", "Date_Remov": null, "url": "https://www.cityoflondon.gov.uk/services/streets/covid-19-city-streets", "Notes": null }, "geometry": { "type": "Point", "coordinates": [ 533103.571283003198914, 181586.381946041597985 ] } },
{ "type": "Feature", "properties": { "ID": 46, "Type": "Point Filter", "Descriptio": "No motor vehicles northbound on Bishopsgate Mon - Fri, 7am - 7pm, except buses", "Enforcemen": "Filter-Navigable-Signage", "Timed_Enfo": "Y", "Exemptions": "Y", "Exemption_": "Buses, blue badge holders", "LGA": "City of London", "LTN": "City Streets Bank and Bishopsgate", "Implementa": "Aug-20", "Date_Remov": null, "url": "https://www.cityoflondon.gov.uk/services/streets/covid-19-city-streets", "Notes": "Exemptions may change following judicial review" }, "geometry": { "type": "Point", "coordinates": [ 533255.061667220550589, 181525.476752879098058 ] } },
{ "type": "Feature", "properties": { "ID": 47, "Type": "Point Filter", "Descriptio": "No motor vehicles on Liverpool street , Mon - Fri, 7am - 7pm, except access to off-street premises, taxis & buses and blue badge holders.", "Enforcemen": "Filter-Navigable-Signage", "Timed_Enfo": "Y", "Exemptions": "Y", "Exemption_": "Access to off-street premises, taxis, buses, blue badge holders", "LGA": "City of London", "LTN": "City Streets Bank and Bishopsgate", "Implementa": "Aug-20", "Date_Remov": null, "url": "https://www.cityoflondon.gov.uk/services/streets/covid-19-city-streets", "Notes": null }, "geometry": { "type": "Point", "coordinates": [ 533237.872849815408699, 181524.358324918546714 ] } },
{ "type": "Feature", "properties": { "ID": 48, "Type": "New Access Restriction", "Descriptio": "No motor vehicles southbound on Bishopsgate Mon - Fri, 7am - 7pm, except buses.", "Enforcemen": "Filter-Navigable-Signage", "Timed_Enfo": "Y", "Exemptions": "Y", "Exemption_": "Buses, Blue badge holders", "LGA": "City of London", "LTN": "City Streets Bank and Bishopsgate", "Implementa": "Aug-20", "Date_Remov": null, "url": "https://www.cityoflondon.gov.uk/services/streets/covid-19-city-streets", "Notes": null }, "geometry": { "type": "Point", "coordinates": [ 533064.514142533997074, 181216.691023218154442 ] } },
{ "type": "Feature", "properties": { "ID": 49, "Type": "Point Filter", "Descriptio": "Restriction of all motor traffic on Old Jewry at junction with Cheapside except blue badge holders.", "Enforcemen": "Filter-Navigable-Signage", "Timed_Enfo": "N", "Exemptions": "Y", "Exemption_": "Buses, Blue badge holders", "LGA": "City of London", "LTN": "City Streets Bank and Bishopsgate", "Implementa": "Sep-20", "Date_Remov": null, "url": "https://www.cityoflondon.gov.uk/services/streets/covid-19-city-streets", "Notes": null }, "geometry": { "type": "Point", "coordinates": [ 532556.06332973530516, 181150.211456525314134 ] } },
{ "type": "Feature", "properties": { "ID": 50, "Type": "Point Filter", "Descriptio": "Restriction of all traffic on Old Jewry at junction with Fredericks Place except blue badge holders.", "Enforcemen": "Filter-Navigable-Signage", "Timed_Enfo": "N", "Exemptions": "Y", "Exemption_": "Blue Badge holders", "LGA": "City of London", "LTN": "City Streets Bank and Bishopsgate", "Implementa": "Sep-20", "Date_Remov": null, "url": "https://www.cityoflondon.gov.uk/services/streets/covid-19-city-streets", "Notes": null }, "geometry": { "type": "Point", "coordinates": [ 532564.967370761674829, 181192.703428500186419 ] } },
{ "type": "Feature", "properties": { "ID": 51, "Type": "Point Filter", "Descriptio": "No Motor traffic on King William from Bank to Cannon Street St Mon-Fri 7am -7pm except for buses, access to off-street premises or loading and blue badge holders", "Enforcemen": "Filter-Navigable", "Timed_Enfo": "Y", "Exemptions": "Y", "Exemption_": "Buses, access to off-street premises or loading, and blue badge holders", "LGA": "City of London", "LTN": "City Streets Bank and Bishopsgate", "Implementa": "Aug-20", "Date_Remov": null, "url": "https://www.cityoflondon.gov.uk/services/streets/covid-19-city-streets", "Notes": null }, "geometry": { "type": "Point", "coordinates": [ 532723.596000077668577, 181089.374835981754586 ] } },
{ "type": "Feature", "properties": { "ID": 52, "Type": "Point Filter", "Descriptio": "No motor vehicles on King William St from Bank to Cannon St, Mon - Fri, 7am - 7pm, except buses, access to off-street premises or loading and blue badge holders.", "Enforcemen": "Filter-Navigable-Signage", "Timed_Enfo": "Y", "Exemptions": "Y", "Exemption_": "Access to off-street premises or loading and blue badge holders", "LGA": "City of London", "LTN": "City Streets Bank and Bishopsgate", "Implementa": "Aug-20", "Date_Remov": null, "url": "https://www.cityoflondon.gov.uk/services/streets/covid-19-city-streets", "Notes": null }, "geometry": { "type": "Point", "coordinates": [ 532853.316839393228292, 180865.53288091957802 ] } },
{ "type": "Feature", "properties": { "ID": 53, "Type": "Point Filter", "Descriptio": "No Motor traffic on Abchurch lane Mon-Fri 7am -7pm except for buses, access to off-street premises or loading and blue badge holders.", "Enforcemen": "Filter-Navigable-Signage", "Timed_Enfo": "Y", "Exemptions": "Y", "Exemption_": "Buses, access to off-street premises or loading and blue badge holders", "LGA": "City of London", "LTN": "City Streets Bank and Bishopsgate", "Implementa": "Aug-20", "Date_Remov": null, "url": "https://www.cityoflondon.gov.uk/services/streets/covid-19-city-streets", "Notes": "Assumed to be an access restriction as Canon Street is one way - it could be a point filter." }, "geometry": { "type": "Point", "coordinates": [ 532755.74393821915146, 180887.353262689663097 ] } },
{ "type": "Feature", "properties": { "ID": 54, "Type": "Point Filter", "Descriptio": "No motor vehicles northbound, on Bishopsgate on - Fri, 7am - 7pm, except buses", "Enforcemen": "Filter-Navigable-Signage", "Timed_Enfo": "Y", "Exemptions": "Y", "Exemption_": "Buses, blue badge holders", "LGA": "City of London", "LTN": "City Streets Bank and Bishopsgate", "Implementa": "Aug-20", "Date_Remov": null, "url": "https://www.cityoflondon.gov.uk/services/streets/covid-19-city-streets", "Notes": "Subject to Judicial Review, exemptions may be extended" }, "geometry": { "type": "Point", "coordinates": [ 532943.99066755338572, 180871.242326539824717 ] } },
{ "type": "Feature", "properties": { "ID": 55, "Type": "Point Filter", "Descriptio": "No motor vehicles southbound on Bishopsgate with compulsory left turn into Eastcheap Mon - Fri, 7am - 7pm, except buses", "Enforcemen": "Filter-Navigable-Signage", "Timed_Enfo": "Y", "Exemptions": "Y", "Exemption_": "Buses, Blue Badge holders", "LGA": "City of London", "LTN": "City Streets Bank and Bishopsgate", "Implementa": "Aug-20", "Date_Remov": null, "url": "https://www.cityoflondon.gov.uk/services/streets/covid-19-city-streets", "Notes": "Subject to Judicial Review - exemptions may be extended." }, "geometry": { "type": "Point", "coordinates": [ 532911.878779413527809, 180845.921064326015767 ] } },
{ "type": "Feature", "properties": { "ID": 56, "Type": "Point Filter", "Descriptio": "No motor vehicles on Cullmam St , Mon - Fri, 7am - 7pm, except access to off-street premises", "Enforcemen": "Filter-Navigable", "Timed_Enfo": "Y", "Exemptions": "Y", "Exemption_": "Access to off street premises, blue badge holders", "LGA": "City of London", "LTN": "City Streets Bank and Bishopsgate", "Implementa": "Aug-20", "Date_Remov": "05/2021", "url": "https://www.cityoflondon.gov.uk/services/streets/covid-19-city-streets", "Notes": null }, "geometry": { "type": "Point", "coordinates": [ 533185.885651663411409, 180936.048700252053095 ] } },
{ "type": "Feature", "properties": { "ID": 57, "Type": "Point Filter", "Descriptio": "No motor traffic on Lime st Mon - Fri, 7am - 7pm", "Enforcemen": "Filter-Navigable-Signage", "Timed_Enfo": "Y", "Exemptions": "N", "Exemption_": null, "LGA": "City of London", "LTN": "City Streets Bank and Bishopsgate", "Implementa": "Aug-20", "Date_Remov": null, "url": "https://www.cityoflondon.gov.uk/services/streets/covid-19-city-streets", "Notes": "Map and report inconsistent - possibly exemptions for access to off street premises." }, "geometry": { "type": "Point", "coordinates": [ 533073.718077742960304, 180944.743287109769881 ] } },
{ "type": "Feature", "properties": { "ID": 58, "Type": "New Access Restriction", "Descriptio": "No Eastbound traffic on Leadenhall street from junction with St Mary Axe, except contraflow cycle lane", "Enforcemen": "Signage", "Timed_Enfo": "N", "Exemptions": "N", "Exemption_": null, "LGA": "City of London", "LTN": "City Streets Bank and Bishopsgate", "Implementa": "Aug-20", "Date_Remov": null, "url": "https://www.cityoflondon.gov.uk/services/streets/covid-19-city-streets", "Notes": "possibly inconstant with restrictions in St Mary Axe?" }, "geometry": { "type": "Point", "coordinates": [ 533242.439497063984163, 181141.009480235923547 ] } },
{ "type": "Feature", "properties": { "ID": 59, "Type": "Point Filter", "Descriptio": "No motor vehicles on St Mary Axe Mon - Fri, 7am - 7pm, except access to off-street premises", "Enforcemen": "Filter-Navigable-Signage", "Timed_Enfo": "Y", "Exemptions": "Y", "Exemption_": "Blue Badge Holders, access to Off street premises", "LGA": "City of London", "LTN": "City Streets Bank and Bishopsgate", "Implementa": "Aug-20", "Date_Remov": "Jun-22", "url": "https://www.cityoflondon.gov.uk/services/streets/covid-19-city-streets", "Notes": null }, "geometry": { "type": "Point", "coordinates": [ 533227.538512240978889, 181155.86406777612865 ] } },
{ "type": "Feature", "properties": { "ID": 60, "Type": "Point Filter", "Descriptio": "No motor vehicle access from cutler street to either Harrow Place or White Kennet Street 7am - 7pm Monday - Friday", "Enforcemen": "Filter-Navigable-Signage", "Timed_Enfo": "Y", "Exemptions": "N", "Exemption_": null, "LGA": "City of London", "LTN": "City Streets Bank and Bishopsgate", "Implementa": "Sep-20", "Date_Remov": "05/2021", "url": "https://www.cityoflondon.gov.uk/services/streets/covid-19-city-streets", "Notes": "Updated Sustrans data by looking at Street view." }, "geometry": { "type": "Point", "coordinates": [ 533458.597168580628932, 181402.290706772531848 ] } },
{ "type": "Feature", "properties": { "ID": 61, "Type": "Point Filter", "Descriptio": "No motor vehicle access to Harrow Place from White Kennet Street 7am-7pm Monday-Friday", "Enforcemen": "Filter-Navigable-Signage", "Timed_Enfo": "Y", "Exemptions": "N", "Exemption_": null, "LGA": "City of London", "LTN": "City Streets Bank and Bishopsgate", "Implementa": "Aug-20", "Date_Remov": "05/2021", "url": "https://www.cityoflondon.gov.uk/services/streets/covid-19-city-streets", "Notes": "Updated Sustrans data by looking at Street view." }, "geometry": { "type": "Point", "coordinates": [ 533479.001301846001297, 181392.032529374351725 ] } },
{ "type": "Feature", "properties": { "ID": 62, "Type": "Point Filter", "Descriptio": "No southbound vehicles on Moorgate except buses", "Enforcemen": "Filter-Navigable-Signage", "Timed_Enfo": "Y", "Exemptions": "Y", "Exemption_": "Buses, Blue badge Holders", "LGA": "City of London", "LTN": "City Streets Bank and Bishopsgate", "Implementa": "Aug-20", "Date_Remov": "05/2021", "url": "https://www.cityoflondon.gov.uk/services/streets/covid-19-city-streets", "Notes": null }, "geometry": { "type": "Point", "coordinates": [ 532707.350102046737447, 181535.957644264504779 ] } },
{ "type": "Feature", "properties": { "ID": 63, "Type": "New Access Restriction", "Descriptio": "No motor traffic eastbound on Threadneedle St with contraflow cycle lane.", "Enforcemen": "Signage", "Timed_Enfo": "N", "Exemptions": "N", "Exemption_": null, "LGA": "City of London", "LTN": "City Streets Bank and Bishopsgate", "Implementa": "Aug-20", "Date_Remov": null, "url": "https://www.cityoflondon.gov.uk/services/streets/covid-19-city-streets", "Notes": "Also a physical element with contraflow lane but movement not technically physicall stopped hence navigable." }, "geometry": { "type": "Point", "coordinates": [ 532934.1724794334732, 181208.082955526944716 ] } },
{ "type": "Feature", "properties": { "ID": 64, "Type": "Point Filter", "Descriptio": "Restriction of motor traffic on Coleman St 7am-7PM except Blue Badge holders and access to off street premises", "Enforcemen": "Filter-Navigable-Signage", "Timed_Enfo": "Y", "Exemptions": "Y", "Exemption_": "Blue Badge holders, access to off street premises", "LGA": "City of London", "LTN": "City Streets Bank and Bishopsgate", "Implementa": "Sep-20", "Date_Remov": null, "url": "https://www.cityoflondon.gov.uk/services/streets/covid-19-city-streets", "Notes": null }, "geometry": { "type": "Point", "coordinates": [ 532654.535603269818239, 181551.1590835598181 ] } },
{ "type": "Feature", "properties": { "ID": 65, "Type": "Point Filter", "Descriptio": "Restriction of motor traffic on Coleman St 7am-7PM except Blue Badge holders and access to off street premises", "Enforcemen": "Filter-Navigable-Signage", "Timed_Enfo": "Y", "Exemptions": "Y", "Exemption_": "Access to off street premises , Blue badge holders", "LGA": "City of London", "LTN": "City Streets Bank and Bishopsgate", "Implementa": "Oct-20", "Date_Remov": null, "url": "https://www.cityoflondon.gov.uk/services/streets/covid-19-city-streets", "Notes": null }, "geometry": { "type": "Point", "coordinates": [ 532609.045578193035908, 181291.02598755370127 ] } },
{ "type": "Feature", "properties": { "ID": 66, "Type": "Point Filter", "Descriptio": "Restriction of all vehicles between Mon - Fri 7am - 7pm except for access to off street premises and loading", "Enforcemen": "Filter-Navigable", "Timed_Enfo": "Y", "Exemptions": "Y", "Exemption_": "Access to off street premises", "LGA": "City of London", "LTN": "City Streets Bank and Bishopsgate", "Implementa": "Aug-20", "Date_Remov": null, "url": "https://www.cityoflondon.gov.uk/services/streets/covid-19-city-streets", "Notes": null }, "geometry": { "type": "Point", "coordinates": [ 532741.494564757449552, 181775.654116206569597 ] } },
{ "type": "Feature", "properties": { "ID": 67, "Type": "New Turning Restriction", "Descriptio": "No right turn from Bishopsgate into Artillery Lane", "Enforcemen": "Signage", "Timed_Enfo": "N", "Exemptions": "N", "Exemption_": null, "LGA": "City of London", "LTN": "City Streets Bank and Bishopsgate", "Implementa": "Aug-20", "Date_Remov": null, "url": "https://www.cityoflondon.gov.uk/services/streets/covid-19-city-streets", "Notes": "Part of Bishopsgate scheme subject to judicial review" }, "geometry": { "type": "Point", "coordinates": [ 533339.550675745005719, 181687.04541756369872 ] } },
{ "type": "Feature", "properties": { "ID": 68, "Type": "Point Filter", "Descriptio": "No motor vehicles southbound on Bishopsgate, Mon - Fri, 7am - 7pm, except buses", "Enforcemen": "Filter-Navigable-Signage", "Timed_Enfo": "Y", "Exemptions": "Y", "Exemption_": "Buses, blue badge holders", "LGA": "City of London", "LTN": "City Streets Bank and Bishopsgate", "Implementa": "Aug-20", "Date_Remov": null, "url": "https://www.cityoflondon.gov.uk/services/streets/covid-19-city-streets", "Notes": "Bishopsgate scheme challenged by Judicial Review" }, "geometry": { "type": "Point", "coordinates": [ 533326.869127756683156, 181662.342421900422778 ] } },
{ "type": "Feature", "properties": { "ID": 69, "Type": "Point Filter", "Descriptio": "Restriction of all motor traffic on Cheapside from Poultry to junction with King St between 7am-7pm except for access to off street premises, buses and blue badge holders", "Enforcemen": "Filter-Navigable-Signage", "Timed_Enfo": "Y", "Exemptions": "Y", "Exemption_": "Access to off street premises, buses, blue badge holders", "LGA": "City of London", "LTN": "City Streets Bank and Bishopsgate", "Implementa": "Sep-20", "Date_Remov": null, "url": "https://www.cityoflondon.gov.uk/services/streets/covid-19-city-streets", "Notes": null }, "geometry": { "type": "Point", "coordinates": [ 532475.358810265781358, 181159.123545944399666 ] } },
{ "type": "Feature", "properties": { "ID": 70, "Type": "New Access Restriction", "Descriptio": "No right turn from Bishopsgate to Middlesex Street", "Enforcemen": "Signage", "Timed_Enfo": "N", "Exemptions": "N", "Exemption_": null, "LGA": "City of London", "LTN": "City Streets Bank and Bishopsgate", "Implementa": "Sep-20", "Date_Remov": null, "url": "https://www.cityoflondon.gov.uk/services/streets/covid-19-city-streets", "Notes": null }, "geometry": { "type": "Point", "coordinates": [ 533332.791243802988902, 181666.837724798242562 ] } },
{ "type": "Feature", "properties": { "ID": 71, "Type": "New Access Restriction", "Descriptio": "No entry westbound on Cannon street except for cycles on contraflow cycle lane.", "Enforcemen": "Signage", "Timed_Enfo": "N", "Exemptions": "N", "Exemption_": null, "LGA": "City of London", "LTN": "City Streets Bank and Bishopsgate", "Implementa": "Aug-20", "Date_Remov": "05/2021", "url": "https://www.cityoflondon.gov.uk/services/streets/covid-19-city-streets", "Notes": "contraflow cycle lane westbound" }, "geometry": { "type": "Point", "coordinates": [ 532828.889799034572206, 180854.345167002349626 ] } },
{ "type": "Feature", "properties": { "ID": 72, "Type": "New Access Restriction", "Descriptio": "Eastbound only turning onto Cannon street for all motor traffic, with contraflow cycle lane", "Enforcemen": "Signage", "Timed_Enfo": "N", "Exemptions": "N", "Exemption_": null, "LGA": "City of London", "LTN": "City Streets Bank and Bishopsgate", "Implementa": "Aug-20", "Date_Remov": "05/2021", "url": "https://www.cityoflondon.gov.uk/services/streets/covid-19-city-streets", "Notes": null }, "geometry": { "type": "Point", "coordinates": [ 532589.063225597259589, 180923.518595775181893 ] } },
{ "type": "Feature", "properties": { "ID": 73, "Type": "New Access Restriction", "Descriptio": "No Eastbound traffic on Lothbury from Juntion with Moorgate to junction of Bartholomew Lane, except contraflow cycle lane", "Enforcemen": "Filter-Navigable-Signage", "Timed_Enfo": "N", "Exemptions": "N", "Exemption_": null, "LGA": "City of London", "LTN": "City Streets Bank and Bishopsgate", "Implementa": "Aug-20", "Date_Remov": null, "url": "https://www.cityoflondon.gov.uk/services/streets/covid-19-city-streets", "Notes": null }, "geometry": { "type": "Point", "coordinates": [ 532659.338427764829248, 181270.6504472309025 ] } },
{ "type": "Feature", "properties": { "ID": 74, "Type": "New Access Restriction", "Descriptio": "No westbound traffic on Lothbury from junction with Moorgate and on Gresham street to junction of King St except contraflow cycle lane", "Enforcemen": "Filter-Navigable-Signage", "Timed_Enfo": "N", "Exemptions": "N", "Exemption_": null, "LGA": "City of London", "LTN": "City Streets Bank and Bishopsgate", "Implementa": "Aug-20", "Date_Remov": null, "url": "https://www.cityoflondon.gov.uk/services/streets/covid-19-city-streets", "Notes": null }, "geometry": { "type": "Point", "coordinates": [ 532646.02066959370859, 181270.343956855096621 ] } },
{ "type": "Feature", "properties": { "ID": 75, "Type": "New Access Restriction", "Descriptio": "No southbound traffic on Old broad St to junction of Threadneedle St. except contraflow cycle lane.", "Enforcemen": "Signage", "Timed_Enfo": "N", "Exemptions": "N", "Exemption_": null, "LGA": "City of London", "LTN": "City Streets Bank and Bishopsgate", "Implementa": "Aug-20", "Date_Remov": null, "url": "https://www.cityoflondon.gov.uk/services/streets/covid-19-city-streets", "Notes": null }, "geometry": { "type": "Point", "coordinates": [ 533042.227949247695506, 181394.576996897114441 ] } },
{ "type": "Feature", "properties": { "ID": 76, "Type": "New Access Restriction", "Descriptio": "No right turn into Gracechurch St from Fenchurch St", "Enforcemen": "Signage", "Timed_Enfo": "N", "Exemptions": "N", "Exemption_": null, "LGA": "City of London", "LTN": "City Streets Bank and Bishopsgate", "Implementa": "Aug-20", "Date_Remov": null, "url": "https://www.cityoflondon.gov.uk/services/streets/covid-19-city-streets", "Notes": null }, "geometry": { "type": "Point", "coordinates": [ 532983.785243907244876, 180955.876242678146809 ] } },
{ "type": "Feature", "properties": { "ID": 77, "Type": "Point Filter", "Descriptio": "Low Traffic Streets: A point closure at the junction of Derby Road / Parsons Mead as the street was prone to rat-running traffic and excessive vehicle speeds which had continued despite the lockdown. \nThe current one-way working arrangement will be rever", "Enforcemen": "Filter-Barrier-Planter", "Timed_Enfo": "N", "Exemptions": "N", "Exemption_": "Permit Holders", "LGA": "Croydon", "LTN": "None - was listed as 'Broad Green' but this no longer considered to have ever been an LTN", "Implementa": "Sep-20", "Date_Remov": null, "url": "https://getinvolved.croydon.gov.uk/kms/dmart.aspx?strTab=MapElab&PageType=item&filter_MapId=1\n", "Notes": "Nov23 update: switched to ANPR, 30/09/2022. Confirmed barrier by croydon in 2021 update" }, "geometry": { "type": "Point", "coordinates": [ 532045.607483293861151, 166044.239608213421889 ] } },
{ "type": "Feature", "properties": { "ID": 78, "Type": "Point Filter", "Descriptio": "At the junction with Gardeners Road, traffic will be restricted to those with permits and emergency vehicles, and this will be monitored through special ANPR cameras.", "Enforcemen": "Filter-Navigable-ANPR", "Timed_Enfo": "N", "Exemptions": "Y", "Exemption_": "Permit Holders, Residents", "LGA": "Croydon", "LTN": "None - was listed as 'Broad Green' but this no longer considered to have ever been an LTN", "Implementa": "Sep-20", "Date_Remov": null, "url": "https://getinvolved.croydon.gov.uk/kms/dmart.aspx?strTab=MapElab&PageType=item&filter_MapId=1\n", "Notes": "Nov23 update: switched to ANPR, 30/09/2022. Confirmed barrier by croydon in 2021 update" }, "geometry": { "type": "Point", "coordinates": [ 531834.713088491233066, 166239.642132200591732 ] } },
{ "type": "Feature", "properties": { "ID": 79, "Type": "New access restriction", "Descriptio": "Handcroft Road Will be made one-way northbound, with vehicles exiting on London Road. This will prevent through traffic using Handcroft Road to bypass the London Road. There will be better access for cyclists through a new southbound cycle lane.", "Enforcemen": "Filter-Barrier-Planter", "Timed_Enfo": "N", "Exemptions": "Y", "Exemption_": "Residents", "LGA": "Croydon", "LTN": "None - was listed as 'Broad Green' but this no longer considered to have ever been an LTN", "Implementa": "Sep-20", "Date_Remov": null, "url": "https://getinvolved.croydon.gov.uk/kms/dmart.aspx?strTab=MapElab&PageType=item&filter_MapId=1\n", "Notes": "Nov23 update: switched to ANPR, 30/09/2022." }, "geometry": { "type": "Point", "coordinates": [ 531685.781840543728322, 166719.511516520986333 ] } },
{ "type": "Feature", "properties": { "ID": 80, "Type": "Point Filter", "Descriptio": "A closure of the street that was prone to rat-running traffic and excessive vehicle speeds which had continued despite the lockdown. A point closure at Albert Road/Eldon park was introduced at one end of the street using planters or barriers operating 24", "Enforcemen": "Filter-Navigable-ANPR", "Timed_Enfo": "N", "Exemptions": "Y", "Exemption_": "Residents", "LGA": "Croydon", "LTN": "Albert Road Healthy Neighbourhood", "Implementa": "Aug-20", "Date_Remov": null, "url": "https://getinvolved.croydon.gov.uk/kms/dmart.aspx?strTab=MapElab&PageType=item&filter_MapId=1", "Notes": "Nov23 update: May have gone back to barrier; unclear/changeable as related to adjacent construction site. Reinstated but as ANPR with Resident exemptoins in december 2021" }, "geometry": { "type": "Point", "coordinates": [ 534498.588636516826227, 168416.604666802741122 ] } },
{ "type": "Feature", "properties": { "ID": 81, "Type": "Point Filter", "Descriptio": "Low Traffic Streets: A closure of the street that was prone to rat-running traffic and excessive vehicle speeds which had continued despite the lockdown. A point closure at Albert Road/Harrington Road was introduced at one end of the street using planter", "Enforcemen": "Filter-Navigable-ANPR", "Timed_Enfo": "N", "Exemptions": "Y", "Exemption_": "Residents", "LGA": "Croydon", "LTN": "Albert Road Healthy Neighbourhood", "Implementa": "Aug-20", "Date_Remov": null, "url": "https://getinvolved.croydon.gov.uk/kms/dmart.aspx?strTab=MapElab&PageType=item&filter_MapId=1\n", "Notes": "Nov23 update:  corrected LTN per email from council. Reinstated but as ANPR with Resident exemptoins in december 2021" }, "geometry": { "type": "Point", "coordinates": [ 534631.28584516257979, 168254.744897205673624 ] } },
{ "type": "Feature", "properties": { "ID": 82, "Type": "Point Filter", "Descriptio": "Low Traffic Streets: A closure of the street that was prone to rat-running traffic and excessive vehicle speeds which had continued despite the lockdown. A point closure at Holmesdale Road/Park Road was introduced at one end of the street using planters", "Enforcemen": "Filter-Navigable-ANPR", "Timed_Enfo": "N", "Exemptions": "N", "Exemption_": null, "LGA": "Croydon", "LTN": "Holmesdale Road Healthy Neighbourhood", "Implementa": "Aug-20", "Date_Remov": null, "url": "https://getinvolved.croydon.gov.uk/kms/dmart.aspx?strTab=MapElab&PageType=item&filter_MapId=1\n", "Notes": "Nov 23 update; corrected LTN per email form council. Reinstated but as ANPR with Resident exemptoins in december 2021" }, "geometry": { "type": "Point", "coordinates": [ 533423.459471349371597, 168287.784675500646699 ] } },
{ "type": "Feature", "properties": { "ID": 83, "Type": "Point Filter", "Descriptio": "Low Traffic Streets: A closure of the street that was prone to rat-running traffic and excessive vehicle speeds which had continued despite the lockdown. A point closure at Holmesdale Road/Park Road was introduced at one end of the street using planters", "Enforcemen": "Filter-Navigable-ANPR", "Timed_Enfo": "N", "Exemptions": "N", "Exemption_": "Residents", "LGA": "Croydon", "LTN": "Holmesdale Road Healthy Neighbourhood", "Implementa": "Aug-20", "Date_Remov": null, "url": "https://getinvolved.croydon.gov.uk/kms/dmart.aspx?strTab=MapElab&PageType=item&filter_MapId=1\n", "Notes": "Nov23 update: Sep-22 re-implementation under a different name." }, "geometry": { "type": "Point", "coordinates": [ 533429.803624246851541, 168292.735468113445677 ] } },
{ "type": "Feature", "properties": { "ID": 84, "Type": "Point Filter", "Descriptio": "Low Traffic Streets: A closure of the street that was prone to rat-running traffic and excessive vehicle speeds which had continued despite the lockdown. A point closure at Holmesdale Road/Oliver Grove was introduced at one end of the street using plante", "Enforcemen": "Filter-Navigable-ANPR", "Timed_Enfo": "N", "Exemptions": "N", "Exemption_": "Residents", "LGA": "Croydon", "LTN": "Holmesdale Road Healthy Neighbourhood", "Implementa": "Aug-20", "Date_Remov": null, "url": "https://getinvolved.croydon.gov.uk/kms/dmart.aspx?strTab=MapElab&PageType=item&filter_MapId=1\n", "Notes": "Nov23 update: Sep-22 re-implementation under a different name." }, "geometry": { "type": "Point", "coordinates": [ 533716.000229103607126, 168469.368420311308 ] } },
{ "type": "Feature", "properties": { "ID": 85, "Type": "Point Filter", "Descriptio": "Low Traffic Streets: A closure of the street that was prone to rat-running traffic and excessive vehicle speeds which had continued despite the lockdown. A point closure at Warminster Road/Lancaster Road was introduced at one end of the street using plan", "Enforcemen": "Filter-Barrier-Planter", "Timed_Enfo": "N", "Exemptions": "N", "Exemption_": null, "LGA": "Croydon", "LTN": "Crystal Palace and South Norwood LTN North", "Implementa": "Aug-20", "Date_Remov": "Jan-21", "url": "https://getinvolved.croydon.gov.uk/kms/dmart.aspx?strTab=MapElab&PageType=item&filter_MapId=1\n", "Notes": null }, "geometry": { "type": "Point", "coordinates": [ 534107.621960598276928, 168778.649266132619232 ] } },
{ "type": "Feature", "properties": { "ID": 86, "Type": "Point Filter", "Descriptio": "Low Traffic Streets: A closure of the street that was prone to rat-running traffic and excessive vehicle speeds which had continued despite the lockdown. A point closure at Southern Ave/Lancaster road was introduced at one end of the street using planter", "Enforcemen": "Filter-Barrier-Planter", "Timed_Enfo": "N", "Exemptions": "N", "Exemption_": null, "LGA": "Croydon", "LTN": "Crystal Palace and South Norwood LTN North", "Implementa": "Aug-20", "Date_Remov": "Jan-21", "url": "https://getinvolved.croydon.gov.uk/kms/dmart.aspx?strTab=MapElab&PageType=item&filter_MapId=1\n", "Notes": null }, "geometry": { "type": "Point", "coordinates": [ 534022.676197464228608, 168899.045090225699823 ] } },
{ "type": "Feature", "properties": { "ID": 87, "Type": "Point Filter", "Descriptio": "Low Traffic Streets: A closure of the street that was prone to rat-running traffic and excessive vehicle speeds which had continued despite the lockdown. A point closure at Woodvale Ave jct Avenue Rd was introduced at one end of the street, opposite the", "Enforcemen": "Filter-Barrier-Planter", "Timed_Enfo": "N", "Exemptions": "N", "Exemption_": null, "LGA": "Croydon", "LTN": "Crystal Palace and South Norwood LTN North", "Implementa": "Aug-20", "Date_Remov": "Jan-21", "url": "https://getinvolved.croydon.gov.uk/kms/dmart.aspx?strTab=MapElab&PageType=item&filter_MapId=1\n", "Notes": null }, "geometry": { "type": "Point", "coordinates": [ 533952.446257523493841, 169172.16758151166141 ] } },
{ "type": "Feature", "properties": { "ID": 88, "Type": "Point Filter", "Descriptio": "Introduction of new traffic prohibition except buses and cyclists. The bus gate provides a low traffic neighbourhood through the removal of a rat running traffic but prioritising the 410 bus route.", "Enforcemen": "Bus Gate", "Timed_Enfo": "N", "Exemptions": "Y", "Exemption_": "Bus", "LGA": "Croydon", "LTN": "Crystal Palace and South Norwood LTN North", "Implementa": "Jun-20", "Date_Remov": "Jan-21", "url": "https://getinvolved.croydon.gov.uk/kms/dmart.aspx?strTab=MapElab&PageType=item&filter_MapId=1\n", "Notes": "Was a barrier for a monht, then ANPR bus gate. Became school street (timed ANPR enforced)" }, "geometry": { "type": "Point", "coordinates": [ 533569.817666660179384, 169424.081589512585197 ] } },
{ "type": "Feature", "properties": { "ID": 89, "Type": "Point Filter", "Descriptio": "Low Traffic Streets: A closure of the street that was prone to rat-running traffic and excessive vehicle speeds which had continued despite the lockdown. A point closure at Sylvan Hill was introduced 100m from Auckland Road", "Enforcemen": "Filter-Barrier-Planter", "Timed_Enfo": "N", "Exemptions": "N", "Exemption_": null, "LGA": "Croydon", "LTN": "Crystal Palace and South Norwood LTN North", "Implementa": "Aug-20", "Date_Remov": "Jan-21", "url": "https://getinvolved.croydon.gov.uk/kms/dmart.aspx?strTab=MapElab&PageType=item&filter_MapId=1\n", "Notes": null }, "geometry": { "type": "Point", "coordinates": [ 533514.272778356680647, 169918.924208629527129 ] } },
{ "type": "Feature", "properties": { "ID": 90, "Type": "Point Filter", "Descriptio": "Low Traffic Streets: A closure of the street that was prone to rat-running traffic and excessive vehicle speeds which had continued despite the lockdown. A point closure at Stanbourne Way was introduced at the junction with Auckland Road", "Enforcemen": "Filter-Barrier-Planter", "Timed_Enfo": "N", "Exemptions": "N", "Exemption_": null, "LGA": "Croydon", "LTN": "Crystal Palace and South Norwood LTN North", "Implementa": "Aug-20", "Date_Remov": "Jan-21", "url": "https://getinvolved.croydon.gov.uk/kms/dmart.aspx?strTab=MapElab&PageType=item&filter_MapId=1\n", "Notes": null }, "geometry": { "type": "Point", "coordinates": [ 533686.316930840606801, 169928.549720411479939 ] } },
{ "type": "Feature", "properties": { "ID": 91, "Type": "Point Filter", "Descriptio": "Low Traffic Streets: A closure of the street that was prone to rat-running traffic and excessive vehicle speeds which had continued despite the lockdown. A point closure at Fox Hill was introduced at the junction with Braybrooke Gardens", "Enforcemen": "Filter-Barrier-Planter", "Timed_Enfo": "N", "Exemptions": "N", "Exemption_": null, "LGA": "Croydon", "LTN": "Crystal Palace and South Norwood LTN North", "Implementa": "Aug-20", "Date_Remov": "Jan-21", "url": "https://getinvolved.croydon.gov.uk/kms/dmart.aspx?strTab=MapElab&PageType=item&filter_MapId=1\n", "Notes": null }, "geometry": { "type": "Point", "coordinates": [ 533510.86619269894436, 170285.605286120902747 ] } },
{ "type": "Feature", "properties": { "ID": 92, "Type": "Point Filter", "Descriptio": "Low Traffic Streets: A closure of the street that was prone to rat-running traffic and excessive vehicle speeds which had continued despite the lockdown. A point closure at Elmers Road / Blackhorse Lane was introduced at one end of the street using plant", "Enforcemen": "Filter-Barrier-Planter", "Timed_Enfo": "N", "Exemptions": "Y", "Exemption_": "Residents", "LGA": "Croydon", "LTN": "Addiscombe and Woodside Healthy Neighbourhood - Elmers Road", "Implementa": "Aug-20", "Date_Remov": null, "url": "https://getinvolved.croydon.gov.uk/kms/dmart.aspx?strTab=MapElab&PageType=item&filter_MapId=1\n", "Notes": "ANPR and resident exemptions installed during december 2021" }, "geometry": { "type": "Point", "coordinates": [ 534298.346520900027826, 166923.65969210251933 ] } },
{ "type": "Feature", "properties": { "ID": 93, "Type": "Point Filter", "Descriptio": "Low Traffic Streets: A closure of the street that was prone to rat-running traffic and excessive vehicle speeds which had continued despite the lockdown. A point closure at Dalmally Road / Blackhorse Lane was introduced at one end of the street using pla", "Enforcemen": "Filter-Navigable-ANPR", "Timed_Enfo": "N", "Exemptions": "Y", "Exemption_": "Residents", "LGA": "Croydon", "LTN": "Addiscombe and Woodside Healthy Neighbourhood - Dalmally Road", "Implementa": "Aug-20", "Date_Remov": null, "url": "https://getinvolved.croydon.gov.uk/kms/dmart.aspx?strTab=MapElab&PageType=item&filter_MapId=1\n", "Notes": "Nov23 update; added apparent LTN name. ANPR and resident exemptions installed during december 2021" }, "geometry": { "type": "Point", "coordinates": [ 534322.047552364412695, 166837.931901074131019 ] } },
{ "type": "Feature", "properties": { "ID": 94, "Type": "Point Filter", "Descriptio": "Low Traffic Streets: A closure of the street that was prone to rat-running traffic and excessive vehicle speeds which had continued despite the lockdown. A point closure at Kemerton Road / Jesmond Road was introduced at one end of the street using plante", "Enforcemen": "Filter-Barrier-Planter", "Timed_Enfo": "N", "Exemptions": "Y", "Exemption_": "Residents", "LGA": "Croydon", "LTN": "Addiscombe and Woodside Healthy Neighbourhood - Kemerton Road", "Implementa": "Aug-20", "Date_Remov": null, "url": "https://getinvolved.croydon.gov.uk/kms/dmart.aspx?strTab=MapElab&PageType=item&filter_MapId=1\n", "Notes": "ANPR and resident exemptions installed during december 2021" }, "geometry": { "type": "Point", "coordinates": [ 533833.209141687024385, 166757.21462517924374 ] } },
{ "type": "Feature", "properties": { "ID": 95, "Type": "Point Filter", "Descriptio": "Low Traffic Streets: A closure of the street that was prone to rat-running traffic and excessive vehicle speeds which had continued despite the lockdown. A point closure at Sutherland Road / Canterbury Road was introduced at one end of the street using p", "Enforcemen": "Filter-Navigable-ANPR", "Timed_Enfo": "N", "Exemptions": "N", "Exemption_": null, "LGA": "Croydon", "LTN": "Addiscombe and Woodside Healthy Neighbourhood", "Implementa": "Sep-20", "Date_Remov": null, "url": null, "Notes": "Nov23 update; added apparent LTN name. ANPR and resident exemptions installed during december 2021" }, "geometry": { "type": "Point", "coordinates": [ 531325.770381783368066, 166901.652518266870175 ] } },
{ "type": "Feature", "properties": { "ID": 96, "Type": "Point Filter", "Descriptio": "All traffic other then emergency services cyclists and pedestrians restricted except northbound traffic turning west ( and vice versa)", "Enforcemen": "Filter-Navigable-ANPR", "Timed_Enfo": "N", "Exemptions": "N", "Exemption_": null, "LGA": "Ealing", "LTN": "Acton Central LTN", "Implementa": "03/09/2020", "Date_Remov": "01/10/2021", "url": "https://www.ealing.gov.uk/info/201268/low_traffic_neighbourhoods/2708/acton_central_low_traffic_neighbourhood", "Notes": "Bollards removed 22/09/2020 (confirmed by street view) and replaced with ANPR (exceptions for Blue Badge and council transport) - New ETO- https://www.ealing.gov.uk/info/201268/low_traffic_neighbourhoods/2767/significant_changes_to_ltns_and_the_making_of" }, "geometry": { "type": "Point", "coordinates": [ 520279.484736254962627, 180790.649177989107557 ] } },
{ "type": "Feature", "properties": { "ID": 97, "Type": "Point filter", "Descriptio": "All traffic other then emergency services cyclists and pedestrians restricted except turning movements east from Baldwin Gardens and vice versa", "Enforcemen": "Filter-Barrier", "Timed_Enfo": "N", "Exemptions": "N", "Exemption_": null, "LGA": "Ealing", "LTN": "Acton Central LTN", "Implementa": "3/9/2020", "Date_Remov": "01/10/2021", "url": "https://www.ealing.gov.uk/info/201268/low_traffic_neighbourhoods/2708/acton_central_low_traffic_neighbourhood", "Notes": "Bollards removed and ANPR installed January" }, "geometry": { "type": "Point", "coordinates": [ 520501.450500865932554, 180769.758765163307544 ] } },
{ "type": "Feature", "properties": { "ID": 98, "Type": "Diverter filter", "Descriptio": "All through north - south traffic other then emergency services cyclists and pedestrians restricted (turning permitted for all traffic between Goldsmiths Ave and St Dunstnas Ave).", "Enforcemen": "Filter-Barrier", "Timed_Enfo": "N", "Exemptions": "N", "Exemption_": null, "LGA": "Ealing", "LTN": "Acton Central LTN", "Implementa": "3/9/2020", "Date_Remov": "01/10/2021", "url": "https://www.ealing.gov.uk/info/201268/low_traffic_neighbourhoods/2708/acton_central_low_traffic_neighbourhood", "Notes": "Bollards removed and replaced with ANPR (exceptions for Blue Badge and council transport) January - New ETO- https://www.ealing.gov.uk/info/201268/low_traffic_neighbourhoods/2767/significant_changes_to_ltns_and_the_making_of_new_etos" }, "geometry": { "type": "Point", "coordinates": [ 520608.73827827849891, 180528.849153766408563 ] } },
{ "type": "Feature", "properties": { "ID": 99, "Type": "Point Filter", "Descriptio": "restriction of all traffic except cycles and emergency services", "Enforcemen": "Filter-Barrier-Planter", "Timed_Enfo": "N", "Exemptions": "N", "Exemption_": null, "LGA": "Ealing", "LTN": "Adrienne Avenue LTN", "Implementa": "22/7/2020", "Date_Remov": null, "url": "https://www.ealing.gov.uk/info/201268/low_traffic_neighbourhoods/2710/adrienne_avenue_low_traffic_neighbourhood", "Notes": "https://www.ealing.gov.uk/download/downloads/id/15211/ltn_48_adrienne_avenue_low_traffic_neighbourhood_plan.pdf" }, "geometry": { "type": "Point", "coordinates": [ 512909.454415707557928, 182689.365807382680941 ] } },
{ "type": "Feature", "properties": { "ID": 100, "Type": "Point Filter", "Descriptio": "All traffic restricted other than emergency services and refuse vehicles, pedestrians and cyclists", "Enforcemen": "Filter-Barrier-Bollard", "Timed_Enfo": "N", "Exemptions": "N", "Exemption_": null, "LGA": "Ealing", "LTN": "Bowes Road LTN", "Implementa": "23/7/2020", "Date_Remov": "01/10/2021", "url": "https://www.ealing.gov.uk/info/201268/low_traffic_neighbourhoods/2704/bowes_road_low_traffic_neighbourhood", "Notes": "New ETO issued 23/10/2020, bollards, with camera enforcement, are replacing the previous enforcement, also exemption for Blue Badge holders and council transport." }, "geometry": { "type": "Point", "coordinates": [ 521379.572157345013693, 180769.512173609051388 ] } },
{ "type": "Feature", "properties": { "ID": 101, "Type": "Diverter Filter", "Descriptio": "all traffic restricted - diagonal closure, northbound through traffic movements restricted on Junction Road", "Enforcemen": "Filter-Barrier", "Timed_Enfo": "N", "Exemptions": "N", "Exemption_": null, "LGA": "Ealing", "LTN": "Junction Road LTN", "Implementa": "14/8/2020", "Date_Remov": "01/10/2021", "url": "https://www.ealing.gov.uk/info/201268/low_traffic_neighbourhoods/2703/junction_road_low_traffic_neighbourhood", "Notes": "https://www.ealing.gov.uk/info/201268/low_traffic_neighbourhoods/2767/significant_changes_to_ltns_and_the_making_of_new_etos" }, "geometry": { "type": "Point", "coordinates": [ 517523.589359025820158, 178681.348707242519595 ] } },
{ "type": "Feature", "properties": { "ID": 102, "Type": "Diverter Filter", "Descriptio": "all traffic restricted - diagonal closure, northbound through traffic movements restricted on Junction Road", "Enforcemen": "Filter-Navigable-ANPR", "Timed_Enfo": "N", "Exemptions": "N", "Exemption_": null, "LGA": "Ealing", "LTN": "Junction Road LTN", "Implementa": "14/8/2020", "Date_Remov": "01/10/2021", "url": "https://www.ealing.gov.uk/info/201268/low_traffic_neighbourhoods/2703/junction_road_low_traffic_neighbourhood", "Notes": "Blue badge exemption subsequently made under ETO of 23/10/2020" }, "geometry": { "type": "Point", "coordinates": [ 517493.544017280684784, 178758.317537961818743 ] } },
{ "type": "Feature", "properties": { "ID": 103, "Type": "Diverter Filter", "Descriptio": "all traffic restricted - diagonal closure, northbound through traffic movements restricted on Junction Road", "Enforcemen": "Filter-Barrier", "Timed_Enfo": "N", "Exemptions": "N", "Exemption_": null, "LGA": "Ealing", "LTN": "Junction Road LTN", "Implementa": "14/8/2020", "Date_Remov": "01/10/2021", "url": "https://www.ealing.gov.uk/info/201268/low_traffic_neighbourhoods/2703/junction_road_low_traffic_neighbourhood", "Notes": "https://www.ealing.gov.uk/info/201268/low_traffic_neighbourhoods/2767/significant_changes_to_ltns_and_the_making_of_new_etos" }, "geometry": { "type": "Point", "coordinates": [ 517450.048673457757104, 178834.308316148468293 ] } },
{ "type": "Feature", "properties": { "ID": 104, "Type": "Diverter Filter", "Descriptio": "diagonal closure, northbound through traffic movements restricted on Junction Road.", "Enforcemen": "Filter-Barrier", "Timed_Enfo": "N", "Exemptions": "N", "Exemption_": null, "LGA": "Ealing", "LTN": "Junction Road LTN", "Implementa": "14/8/2020", "Date_Remov": "01/10/2021", "url": "https://www.ealing.gov.uk/info/201268/low_traffic_neighbourhoods/2703/junction_road_low_traffic_neighbourhood", "Notes": "https://www.ealing.gov.uk/info/201268/low_traffic_neighbourhoods/2767/significant_changes_to_ltns_and_the_making_of_new_etos" }, "geometry": { "type": "Point", "coordinates": [ 517558.754401204176247, 178605.277211580250878 ] } },
{ "type": "Feature", "properties": { "ID": 105, "Type": "Point filter", "Descriptio": "Restriction of all traffic except cyclists, emergency and refuse vehicles", "Enforcemen": "Filter-Barrier-Bollard", "Timed_Enfo": "N", "Exemptions": "N", "Exemption_": null, "LGA": "Ealing", "LTN": "Mattock Lane and Loveday Road LTN", "Implementa": "26/8/2020", "Date_Remov": "01/10/2021", "url": "https://www.ealing.gov.uk/info/201268/low_traffic_neighbourhoods/2702/loveday_road_low_traffic_neighbourhood", "Notes": "all filter barriers replaced by filter navigable, ANPR Feb 2021" }, "geometry": { "type": "Point", "coordinates": [ 517121.057599119143561, 180408.129249694407918 ] } },
{ "type": "Feature", "properties": { "ID": 106, "Type": "Point Filter", "Descriptio": "Restriction of all traffic except cycles", "Enforcemen": "Filter-Barrier-Bollard", "Timed_Enfo": "N", "Exemptions": "N", "Exemption_": null, "LGA": "Ealing", "LTN": "Mattock Lane and Loveday Road LTN", "Implementa": "3/11/2020", "Date_Remov": "01/10/2021", "url": "https://www.ealing.gov.uk/info/201268/low_traffic_neighbourhoods/2702/loveday_road_low_traffic_neighbourhood", "Notes": "Bollards removed 01/02/2021 and replaced with ANPR (exceptions for Blue Badge and council transport) - New ETO- https://www.ealing.gov.uk/info/201268/low_traffic_neighbourhoods/2767/significant_changes_to_ltns_and_the_making_of_new_etos" }, "geometry": { "type": "Point", "coordinates": [ 516920.872268966690172, 180294.370170063513797 ] } },
{ "type": "Feature", "properties": { "ID": 107, "Type": "Diverter Filter", "Descriptio": "Restriction of traffic (except cycles) other than left turn from Elers Road to Carew Road / right turn from Carew Road to Elers Rd.", "Enforcemen": "Filter-Navigable-ANPR", "Timed_Enfo": "N", "Exemptions": "N", "Exemption_": null, "LGA": "Ealing", "LTN": "Mattock Lane and Loveday Road LTN", "Implementa": "3/11/2020", "Date_Remov": "01/10/2021", "url": "https://www.ealing.gov.uk/info/201268/low_traffic_neighbourhoods/2702/loveday_road_low_traffic_neighbourhood", "Notes": "exceptions for Blue Badge and council transport) - New ETO- https://www.ealing.gov.uk/info/201268/low_traffic_neighbourhoods/2767/significant_changes_to_ltns_and_the_making_of_new_etos" }, "geometry": { "type": "Point", "coordinates": [ 517228.116332357341889, 179827.011776493338402 ] } },
{ "type": "Feature", "properties": { "ID": 108, "Type": "Point Filter", "Descriptio": "Restriction on all traffic except cycles", "Enforcemen": "Filter-Barrier-Bollard", "Timed_Enfo": "N", "Exemptions": "N", "Exemption_": null, "LGA": "Ealing", "LTN": "Mattock Lane and Loveday Road LTN", "Implementa": "3/11/2020", "Date_Remov": "01/10/2021", "url": "https://www.ealing.gov.uk/info/201268/low_traffic_neighbourhoods/2702/loveday_road_low_traffic_neighbourhood", "Notes": "Bollards removed 01/02/2021 and replaced with ANPR (exceptions for Blue Badge and council transport) - New ETO- https://www.ealing.gov.uk/info/201268/low_traffic_neighbourhoods/2767/significant_changes_to_ltns_and_the_making_of_new_etos" }, "geometry": { "type": "Point", "coordinates": [ 516956.447580820124131, 180072.881351339106914 ] } },
{ "type": "Feature", "properties": { "ID": 109, "Type": "Diverter Filter", "Descriptio": "Restriction of all through traffic except cycles and emergency vehicles other than turning between Elers Ed and Culmington Rd or Church Lane and Lammas Park Gardens", "Enforcemen": "Filter-Navigable-ANPR", "Timed_Enfo": "N", "Exemptions": "N", "Exemption_": null, "LGA": "Ealing", "LTN": "Mattock Lane and Loveday Road LTN", "Implementa": "3/11/2020", "Date_Remov": "01/10/2021", "url": "https://www.ealing.gov.uk/info/201268/low_traffic_neighbourhoods/2702/loveday_road_low_traffic_neighbourhood", "Notes": "exceptions for Blue Badge and council transport) - New ETO- https://www.ealing.gov.uk/info/201268/low_traffic_neighbourhoods/2767/significant_changes_to_ltns_and_the_making_of_new_etos" }, "geometry": { "type": "Point", "coordinates": [ 517337.848396703717299, 179985.536673445429187 ] } },
{ "type": "Feature", "properties": { "ID": 110, "Type": "Point Filter", "Descriptio": "Restriction of all traffic except cycles", "Enforcemen": "Filter-Barrier-Bollard", "Timed_Enfo": "N", "Exemptions": "N", "Exemption_": null, "LGA": "Ealing", "LTN": "Mattock Lane and Loveday Road LTN", "Implementa": "3/11/2020", "Date_Remov": "01/10/2021", "url": "https://www.ealing.gov.uk/info/201268/low_traffic_neighbourhoods/2711/mattock_lane_low_traffic_neighbourhood", "Notes": "Bollards removed 01/02/2021 and replaced with ANPR (exceptions for Blue Badge and council transport) - New ETO- https://www.ealing.gov.uk/info/201268/low_traffic_neighbourhoods/2767/significant_changes_to_ltns_and_the_making_of_new_etos" }, "geometry": { "type": "Point", "coordinates": [ 517068.246472179831471, 179936.707166123844218 ] } },
{ "type": "Feature", "properties": { "ID": 111, "Type": "New Access Restriction", "Descriptio": "no traffic westbound except cycles", "Enforcemen": "Filter-Navigable-Signage", "Timed_Enfo": "N", "Exemptions": "N", "Exemption_": null, "LGA": "Ealing", "LTN": "Olive Road LTN", "Implementa": "5/8/2020", "Date_Remov": "01/10/2021", "url": "https://www.ealing.gov.uk/info/201268/low_traffic_neighbourhoods/2709/olive_road_low_traffic_neighbourhood/1", "Notes": null }, "geometry": { "type": "Point", "coordinates": [ 517751.672674911271315, 179368.23503326572245 ] } },
{ "type": "Feature", "properties": { "ID": 112, "Type": "New Access Restriction", "Descriptio": "no entry westbound except cyclists", "Enforcemen": "Filter-Navigable-Signage", "Timed_Enfo": "N", "Exemptions": "N", "Exemption_": null, "LGA": "Ealing", "LTN": "Olive Road LTN", "Implementa": "05/08/2020", "Date_Remov": "01/10/2021", "url": "https://www.ealing.gov.uk/info/201268/low_traffic_neighbourhoods/2709/olive_road_low_traffic_neighbourhood/1", "Notes": null }, "geometry": { "type": "Point", "coordinates": [ 517820.112403783248737, 179177.776248208770994 ] } },
{ "type": "Feature", "properties": { "ID": 113, "Type": "Point filter", "Descriptio": "restriction of all traffic except cyclists and pedestrians", "Enforcemen": "Filter-Barrier", "Timed_Enfo": "N", "Exemptions": "N", "Exemption_": null, "LGA": "Ealing", "LTN": "Olive Road LTN", "Implementa": "5/8/2020", "Date_Remov": "01/10/2021", "url": "https://www.ealing.gov.uk/info/201268/low_traffic_neighbourhoods/2709/olive_road_low_traffic_neighbourhood/1", "Notes": "subsequently replaced with ANPR under ETPO of 23/10/2020" }, "geometry": { "type": "Point", "coordinates": [ 517842.913254131330177, 179155.828947057016194 ] } },
{ "type": "Feature", "properties": { "ID": 114, "Type": "Point Filter", "Descriptio": "Restriction of all traffic other than cycles, emergency and refuse vehicles", "Enforcemen": "Filter-Barrier-Bollard", "Timed_Enfo": "N", "Exemptions": "N", "Exemption_": null, "LGA": "Ealing", "LTN": "West Ealing North LTN", "Implementa": "29/9/2020", "Date_Remov": "01/10/2021", "url": "https://www.ealing.gov.uk/info/201268/low_traffic_neighbourhoods/2706/west_ealing_north_low_traffic_neighbourhood", "Notes": "All barriers to be removed and replaced with ANPR (fixed or mobile) and exemptions extended to blue badge and council transport under new ETO of 23/10/2020" }, "geometry": { "type": "Point", "coordinates": [ 516217.330029984179419, 180595.341053748270497 ] } },
{ "type": "Feature", "properties": { "ID": 115, "Type": "Point filter", "Descriptio": "restriction on all traffic except cycles and emergency and refuse vehicles", "Enforcemen": "Filter-Navigable-ANPR", "Timed_Enfo": "N", "Exemptions": "N", "Exemption_": null, "LGA": "Ealing", "LTN": "West Ealing North LTN", "Implementa": "29/9/2020", "Date_Remov": "01/10/2021", "url": "https://www.ealing.gov.uk/info/201268/low_traffic_neighbourhoods/2706/west_ealing_north_low_traffic_neighbourhood", "Notes": "Exemptions extended to blue badge and council transport under new ETO of 23/10/2020" }, "geometry": { "type": "Point", "coordinates": [ 516444.383666102658026, 180442.430463244090788 ] } },
{ "type": "Feature", "properties": { "ID": 116, "Type": "Diverter Filter", "Descriptio": "restriction of all traffic except cycles emergency and refuse vehicles other than turning from northbound to west or southbound to east (and vice versa)", "Enforcemen": "Filter-Navigable-ANPR", "Timed_Enfo": "N", "Exemptions": "N", "Exemption_": null, "LGA": "Ealing", "LTN": "West Ealing South LTN", "Implementa": "26/8/2020", "Date_Remov": "21/05/2021", "url": "https://www.ealing.gov.uk/info/201268/low_traffic_neighbourhoods/2707/west_ealing_south_low_traffic_neighbourhood", "Notes": "exemptions extended to council transport and blue badge holders in ETO of 23/10/2020" }, "geometry": { "type": "Point", "coordinates": [ 516178.291332067805342, 179964.359342295443639 ] } },
{ "type": "Feature", "properties": { "ID": 117, "Type": "Point Filter", "Descriptio": "restriction of through traffic except cycles, emergency and refuse vehicles", "Enforcemen": "Filter-Barrier-Planter", "Timed_Enfo": "N", "Exemptions": "N", "Exemption_": null, "LGA": "Ealing", "LTN": "West Ealing South LTN", "Implementa": "26/8/2020", "Date_Remov": "21/05/2021", "url": "https://www.ealing.gov.uk/info/201268/low_traffic_neighbourhoods/2707/west_ealing_south_low_traffic_neighbourhood", "Notes": "all physical barriers to be replaced with ANPR and exemptions extended to council transport and blue badge holders in ETO of 23/10/2020" }, "geometry": { "type": "Point", "coordinates": [ 516567.827264763996936, 179267.302787085354794 ] } },
{ "type": "Feature", "properties": { "ID": 118, "Type": "diverter Filter", "Descriptio": "restriction of all traffic except cycles emergency and refuse vehicles other than turning from northbound to west or southbound to east (and vice versa)", "Enforcemen": "Filter-Navigable-ANPR", "Timed_Enfo": "N", "Exemptions": "N", "Exemption_": null, "LGA": "Ealing", "LTN": "West Ealing South LTN", "Implementa": "26/8/2020", "Date_Remov": "21/05/2021", "url": "https://www.ealing.gov.uk/info/201268/low_traffic_neighbourhoods/2707/west_ealing_south_low_traffic_neighbourhood", "Notes": "exemptions extended to council transport and blue badge holders in ETO of 23/10/2020" }, "geometry": { "type": "Point", "coordinates": [ 516337.907835158519447, 179706.983244115835987 ] } },
{ "type": "Feature", "properties": { "ID": 119, "Type": "Diverter filter", "Descriptio": "restriction on all traffic except cycles, emergency and refuse vehicles to / from Northfield Ave.", "Enforcemen": "Filter-Navigable-ANPR", "Timed_Enfo": "N", "Exemptions": "N", "Exemption_": null, "LGA": "Ealing", "LTN": "West Ealing South LTN", "Implementa": "26/8/2020", "Date_Remov": "21/05/2021", "url": "https://www.ealing.gov.uk/info/201268/low_traffic_neighbourhoods/2707/west_ealing_south_low_traffic_neighbourhood", "Notes": "exemptions extended to council transport and blue badge holders in ETO of 23/10/2020" }, "geometry": { "type": "Point", "coordinates": [ 516690.687703160801902, 179914.230795410636347 ] } },
{ "type": "Feature", "properties": { "ID": 120, "Type": "Point filter", "Descriptio": "restriction of all traffic except cycles, emergency and refuse vehicles", "Enforcemen": "Filter-Barrier-Bollard", "Timed_Enfo": "N", "Exemptions": "N", "Exemption_": null, "LGA": "Ealing", "LTN": "West Ealing South LTN", "Implementa": "26/8/2020", "Date_Remov": "21/05/2021", "url": "https://www.ealing.gov.uk/info/201268/low_traffic_neighbourhoods/2707/west_ealing_south_low_traffic_neighbourhood", "Notes": "All barriers to be removed and replaced with ANPR (fixed or mobile) and exemptions extended to blue badge and council transport under new ETO of 23/10/2020" }, "geometry": { "type": "Point", "coordinates": [ 515681.677253648755141, 180105.689477101259399 ] } },
{ "type": "Feature", "properties": { "ID": 121, "Type": "Diverter Filter", "Descriptio": "Restriction of all traffic except cycles , emergency and refuse vehicles", "Enforcemen": "Filter-Barrier-Bollard", "Timed_Enfo": "N", "Exemptions": "N", "Exemption_": null, "LGA": "Ealing", "LTN": "West Ealing South LTN", "Implementa": "26/8/2020", "Date_Remov": "21/05/2021", "url": "https://www.ealing.gov.uk/info/201268/low_traffic_neighbourhoods/2707/west_ealing_south_low_traffic_neighbourhood", "Notes": "all physical barriers to be replaced with ANPR and exemptions extended to council transport and blue badge holders in ETO of 23/10/2020" }, "geometry": { "type": "Point", "coordinates": [ 516307.846428641816601, 179102.576156783965416 ] } },
{ "type": "Feature", "properties": { "ID": 122, "Type": "Diverter Filter", "Descriptio": "restriction of all traffic except cycles emergency and refuse vehicles other than turning from northbound to west or southbound to east (and vice versa)", "Enforcemen": "Filter-Barrier-Bollard", "Timed_Enfo": "N", "Exemptions": "N", "Exemption_": null, "LGA": "Ealing", "LTN": "West Ealing South LTN", "Implementa": "26/8/2020", "Date_Remov": "21/05/2021", "url": "https://www.ealing.gov.uk/info/201268/low_traffic_neighbourhoods/2707/west_ealing_south_low_traffic_neighbourhood", "Notes": "all physical barriers to be replaced with ANPR and exemptions extended to council transport and blue badge holders in ETO of 23/10/2020" }, "geometry": { "type": "Point", "coordinates": [ 516663.113630537758581, 179566.563974245043937 ] } },
{ "type": "Feature", "properties": { "ID": 123, "Type": "Diverter Filter", "Descriptio": "Restriction of all traffic except cycles , emergency and refuse vehicles", "Enforcemen": "Filter-Barrier-Bollard", "Timed_Enfo": "N", "Exemptions": "N", "Exemption_": null, "LGA": "Ealing", "LTN": "West Ealing South LTN", "Implementa": "26/8/2020", "Date_Remov": "21/05/2021", "url": "https://www.ealing.gov.uk/info/201268/low_traffic_neighbourhoods/2707/west_ealing_south_low_traffic_neighbourhood", "Notes": "all physical barriers to be replaced with ANPR and exemptions extended to council transport and blue badge holders in ETO of 23/10/2020" }, "geometry": { "type": "Point", "coordinates": [ 516457.4581833955599, 179513.89479514589766 ] } },
{ "type": "Feature", "properties": { "ID": 124, "Type": "Diverter Filter", "Descriptio": "restriction of all traffic except cycles emergency and refuse vehicles other than turning from northbound to east or southbound to west (and vice versa)", "Enforcemen": "Filter-Barrier-Bollard", "Timed_Enfo": "N", "Exemptions": "N", "Exemption_": null, "LGA": "Ealing", "LTN": "West Ealing South LTN", "Implementa": "26/8/2020", "Date_Remov": "21/05/2021", "url": "https://www.ealing.gov.uk/info/201268/low_traffic_neighbourhoods/2707/west_ealing_south_low_traffic_neighbourhood", "Notes": "all physical barriers to be replaced with ANPR and exemptions extended to council transport and blue badge holders in ETO of 23/10/2020" }, "geometry": { "type": "Point", "coordinates": [ 516485.881083530373871, 179455.35320878692437 ] } },
{ "type": "Feature", "properties": { "ID": 125, "Type": "Diverter Filter", "Descriptio": "restriction of all traffic except cycles emergency and refuse vehicles other than turning from northbound to east or southbound to west (and vice versa)", "Enforcemen": "Filter-Barrier-Bollard", "Timed_Enfo": "N", "Exemptions": "N", "Exemption_": null, "LGA": "Ealing", "LTN": "West Ealing South LTN", "Implementa": "26/8/2020", "Date_Remov": "21/05/2021", "url": "https://www.ealing.gov.uk/info/201268/low_traffic_neighbourhoods/2707/west_ealing_south_low_traffic_neighbourhood", "Notes": "all physical barriers to be replaced with ANPR andexemptions extended to council transport and blue badge holders in ETO of 23/10/2020" }, "geometry": { "type": "Point", "coordinates": [ 516374.717757054255344, 179645.962667814805172 ] } },
{ "type": "Feature", "properties": { "ID": 126, "Type": "Point filter", "Descriptio": "restriction of all traffic other than cycles, emergency and refuse vehicles", "Enforcemen": "Filter-Barrier-Bollard", "Timed_Enfo": "N", "Exemptions": "N", "Exemption_": null, "LGA": "Ealing", "LTN": "West Ealing South LTN", "Implementa": "23/8/2020", "Date_Remov": "21/05/2021", "url": "https://www.ealing.gov.uk/info/201268/low_traffic_neighbourhoods/2707/west_ealing_south_low_traffic_neighbourhood", "Notes": "Barriers replaced with ANPR under new ETO and exemptions extended to council transport and blue badge holders in ETO of 23/10/2020" }, "geometry": { "type": "Point", "coordinates": [ 516546.066855799406767, 179795.532382882200181 ] } },
{ "type": "Feature", "properties": { "ID": 127, "Type": "Point Filter", "Descriptio": "Close Fishers Lane between South Parade and Chiswick Common Lane to all motor vehicles\nexcept local buses and emergency service\nvehicle", "Enforcemen": "Filter-Navigable-ANPR", "Timed_Enfo": "N", "Exemptions": "Y", "Exemption_": "Bus", "LGA": "Ealing", "LTN": "North Chiswick", "Implementa": "31/07/2020\n", "Date_Remov": null, "url": "https://www.ealing.gov.uk/info/201267/emergency_covid-19_transport_schemes/2717/road_closure_to_motor_vehicles/2", "Notes": "London borough Ealing ETMO" }, "geometry": { "type": "Point", "coordinates": [ 520870.817712344985921, 178803.299128218495753 ] } },
{ "type": "Feature", "properties": { "ID": 128, "Type": "Point Filter", "Descriptio": "Experimental Traffic Order. No person shall cause or permit any vehicle, other\nthan a pedal cycle, to enter that length of Maidstone Road N11 which lies between a point 3 metres south-east of the eastern kerb-line of Warwick Road N11 and a point 5 metres", "Enforcemen": "Filter-Barrier", "Timed_Enfo": "N", "Exemptions": "N", "Exemption_": "N/A", "LGA": "Enfield", "LTN": "Bowes QN", "Implementa": "31/7/2020", "Date_Remov": null, "url": "https://letstalk.enfield.gov.uk/bowesQN", "Notes": "Street view:https://www.google.co.uk/maps/@51.6096192,-0.1258977,3a,35.1y,316.69h,83.47t/data=!3m6!1e1!3m4!1sRAkMp7QeTwg6PnYUW1lOtg!2e0!7i16384!8i8192" }, "geometry": { "type": "Point", "coordinates": [ 529853.636752175865695, 191765.054601279378403 ] } },
{ "type": "Feature", "properties": { "ID": 129, "Type": "Point Filter", "Descriptio": "Experimental Traffic Order. No person shall cause or permit any vehicle, other than a pedal cycle, to enter that length of York Road N11 which lies between a point 3.8 metres west of the western kerb-line of Brownlow Road N11 and a point 5.3 metres west", "Enforcemen": "Filter-Barrier", "Timed_Enfo": "N", "Exemptions": "N", "Exemption_": "N/A", "LGA": "Enfield", "LTN": "Bowes QN", "Implementa": "31/7/2020", "Date_Remov": null, "url": "https://letstalk.enfield.gov.uk/bowesQN", "Notes": "Street view:https://www.google.co.uk/maps/@51.6099764,-0.1227121,3a,75y,276.72h,88.69t/data=!3m6!1e1!3m4!1s569rI8G6F5VlcZTaE2YWNQ!2e0!7i16384!8i8192" }, "geometry": { "type": "Point", "coordinates": [ 530065.989061082131229, 191794.984985809249338 ] } },
{ "type": "Feature", "properties": { "ID": 130, "Type": "Point Filter", "Descriptio": "Experimental Traffic Order. close Palmerston Road N22 to through traffic, except pedal cycles, in both directions, by placing a planter and bollards outside No. 153 Palmerston Road;", "Enforcemen": "Filter-Barrier", "Timed_Enfo": "N", "Exemptions": "N", "Exemption_": "N/A", "LGA": "Enfield", "LTN": "Bowes QN", "Implementa": "31/7/2020", "Date_Remov": null, "url": "https://letstalk.enfield.gov.uk/bowesQN", "Notes": "Street view: https://www.google.co.uk/maps/@51.6123532,-0.1138051,3a,75y,5.94h,81.81t/data=!3m8!1e1!3m6!1su4KgTGs0XtlFYRaGnLWakA!2e0!5s20201001T000000!6shttps:%2F%2Fstreetviewpixels-pa.googleapis.com%2Fv1%2Fthumbnail%3Fpanoid%3Du4KgTGs0XtlFYRaGnLWakA%26c" }, "geometry": { "type": "Point", "coordinates": [ 530697.728835978079587, 192087.665962067025248 ] } },
{ "type": "Feature", "properties": { "ID": 131, "Type": "New Turning Restriction", "Descriptio": "Experimental Traffic Order. No person shall cause or permit any vehicle, other than a pedal cycle, proceeding in Palmerston Road N22 in the London Borough Of Enfield to turn right into Kelvin Avenue N13.\n", "Enforcemen": "Filter-Navigable", "Timed_Enfo": "N", "Exemptions": "N", "Exemption_": "N/A", "LGA": "Enfield", "LTN": "Bowes QN", "Implementa": "31/7/2020", "Date_Remov": null, "url": "https://letstalk.enfield.gov.uk/bowesQN", "Notes": "Street view: https://www.google.co.uk/maps/@51.6102549,-0.1141792,3a,75y,5.41h,83.45t/data=!3m6!1e1!3m4!1sK-2YJbZDoQNEnfLIHxx54w!2e0!7i16384!8i8192" }, "geometry": { "type": "Point", "coordinates": [ 530680.778005492291413, 191853.186415597854648 ] } },
{ "type": "Feature", "properties": { "ID": 132, "Type": "Point Filter", "Descriptio": "Experimental Traffic Order. close Warwick Road N11 to through motor traffic in both directions by prohibiting northbound motor vehicles from traveling further north than the common boundary of Nos. 3 and 5 Warwick Road and southbound vehicles from travel", "Enforcemen": "Filter-Navigable-ANPR", "Timed_Enfo": "N", "Exemptions": "N", "Exemption_": null, "LGA": "Enfield", "LTN": "Bowes QN", "Implementa": "31/7/2020", "Date_Remov": null, "url": "https://letstalk.enfield.gov.uk/bowesQN", "Notes": "This appears to be a modification to a previously existing width restriction with a gate in the middle.\n Street view:https://www.google.co.uk/maps/@51.6095872,-0.126388,3a,75y,203.82h,88.82t/data=!3m7!1e1!3m5!1sGxFBJMjqp-gsWqO23T8hxQ!2e0!5s20201001T00000" }, "geometry": { "type": "Point", "coordinates": [ 529832.932019627303816, 191741.633847830176819 ] } },
{ "type": "Feature", "properties": { "ID": 133, "Type": "Point Filter", "Descriptio": "Experimental Traffic Order. Close Meadway N14 to through motor traffic by prohibiting north-eastbound motor vehicles from traveling further north-east, and south-westbound motor\nvehicles from traveling further south-west, than the common boundary of Nos.", "Enforcemen": "Filter-Navigable-ANPR", "Timed_Enfo": "N", "Exemptions": "N", "Exemption_": null, "LGA": "Enfield", "LTN": "Fox Lane QN", "Implementa": "7/9/2020", "Date_Remov": null, "url": "https://letstalk.enfield.gov.uk/foxlaneQN", "Notes": "Traffic Orders here:https://ehq-production-europe.s3.eu-west-1.amazonaws.com/f288e231ade8b590f4ee5d087a99900a080de0e7/original/1612883946/Fox_Lane_area_experimental_measures-PTO-Roads.pdf_447dc9e5be025e51455fb6938d3c1f78?X-Amz-Algorithm=AWS4-HMAC-SHA256&" }, "geometry": { "type": "Point", "coordinates": [ 529973.307387544307858, 193755.58151304081548 ] } },
{ "type": "Feature", "properties": { "ID": 134, "Type": "Point Filter", "Descriptio": "Experimental Traffic Order. No person shall cause or permit any vehicle, other than a pedal cycle, to enter that length of Oakfield Road N14 which lies between a point 2.3 metres north of the northern kerb-line of The Mall N14 and a point 3.3 metres nort", "Enforcemen": "Filter-Barrier-Bollard", "Timed_Enfo": "N", "Exemptions": "N", "Exemption_": "N/A", "LGA": "Enfield", "LTN": "Fox Lane QN", "Implementa": "7/9/2020", "Date_Remov": null, "url": "https://letstalk.enfield.gov.uk/foxlaneQN", "Notes": null }, "geometry": { "type": "Point", "coordinates": [ 530194.732191801071167, 193467.473924061574508 ] } },
{ "type": "Feature", "properties": { "ID": 135, "Type": "Point Filter", "Descriptio": "Experimental Traffic Order. No person shall cause or permit any vehicle, other than a pedal cycle, to enter that length of The Mall N14 which lies between a point 2.8 metres west of the western kerb-line of Fox Lane N13 and a point 3.8 metres west of tha", "Enforcemen": "Filter-Barrier-Bollard", "Timed_Enfo": "N", "Exemptions": "N", "Exemption_": "N/A", "LGA": "Enfield", "LTN": "Fox Lane QN", "Implementa": "7/9/2020", "Date_Remov": null, "url": "https://letstalk.enfield.gov.uk/foxlaneQN", "Notes": null }, "geometry": { "type": "Point", "coordinates": [ 530547.406075728358701, 193556.455933926103171 ] } },
{ "type": "Feature", "properties": { "ID": 136, "Type": "Point Filter", "Descriptio": "Experimental Traffic Order. No person shall cause or permit any vehicle, other than a pedal cycle, to enter that length of Selbourne Road N14 which lies between a point 2.5 metres south-west of the south-western kerb-line of Fox Lane N13 and a point 3.5", "Enforcemen": "Filter-Barrier-Bollard", "Timed_Enfo": "N", "Exemptions": "N", "Exemption_": "N/A", "LGA": "Enfield", "LTN": "Fox Lane QN", "Implementa": "7/9/2020", "Date_Remov": null, "url": "https://letstalk.enfield.gov.uk/foxlaneQN", "Notes": "Traffic orders here:https://ehq-production-europe.s3.eu-west-1.amazonaws.com/f288e231ade8b590f4ee5d087a99900a080de0e7/original/1612883946/Fox_Lane_area_experimental_measures-PTO-Roads.pdf_447dc9e5be025e51455fb6938d3c1f78?X-Amz-Algorithm=AWS4-HMAC-SHA256&" }, "geometry": { "type": "Point", "coordinates": [ 530581.393807732034475, 193473.98448836687021 ] } },
{ "type": "Feature", "properties": { "ID": 137, "Type": "Point Filter", "Descriptio": "Experimental Traffic Order. No person shall cause or permit any vehicle, other than a pedal cycle, to enter that length of Conway Road N14 which lies between a point 2.6 metres south-west of the south-western kerbline of Fox Lane N13 and a point 3.6 metr", "Enforcemen": "Filter-Barrier-Bollard", "Timed_Enfo": "N", "Exemptions": "N", "Exemption_": "N/A", "LGA": "Enfield", "LTN": "Fox Lane QN", "Implementa": "7/9/2020", "Date_Remov": null, "url": "https://letstalk.enfield.gov.uk/foxlaneQN", "Notes": "From 19/11/2020 - this filter became modified to be navigable, with exemptions for refuse vehicles. Details here:https://new.enfield.gov.uk/services/roads-and-transport/traffic-management-orders/fox-lane-area-notice-of-modification-eto-roads.pdf\nStreet v" }, "geometry": { "type": "Point", "coordinates": [ 530701.073853855836205, 193420.543471707613207 ] } },
{ "type": "Feature", "properties": { "ID": 138, "Type": "Point Filter", "Descriptio": "Experimental Traffic Order. No person shall cause or permit any vehicle, other than a pedal cycle, to enter that length of Derwent Road N13 which lies between a point 2.9 metres south-west of the south-western kerb-line of Fox Lane N13 and a point 3.9 me", "Enforcemen": "Filter-Barrier-Bollard", "Timed_Enfo": "N", "Exemptions": "N", "Exemption_": "N/A", "LGA": "Enfield", "LTN": "Fox Lane QN", "Implementa": "7/9/2020", "Date_Remov": null, "url": "https://letstalk.enfield.gov.uk/foxlaneQN", "Notes": "Street view:https://www.google.co.uk/maps/@51.6236871,-0.1120477,3a,75y,227.38h,85.34t/data=!3m7!1e1!3m5!1sRmF9X0TyurK9k8TrTooJ1A!2e0!5s20200901T000000!7i16384!8i8192" }, "geometry": { "type": "Point", "coordinates": [ 530777.122341480455361, 193326.807399291137699 ] } },
{ "type": "Feature", "properties": { "ID": 139, "Type": "Point Filter", "Descriptio": "Experimental Traffic Order. No person shall cause or permit any vehicle, other than a pedal cycle, to enter that length of Lakeside Road N13 which lies between a point 3.2 metres south-west of the south-western kerb-line of Fox Lane N13 and a point 4.2 m", "Enforcemen": "Filter-Barrier-Bollard", "Timed_Enfo": "N", "Exemptions": "N", "Exemption_": "N/A", "LGA": "Enfield", "LTN": "Fox Lane QN", "Implementa": "7/9/2020", "Date_Remov": null, "url": "https://letstalk.enfield.gov.uk/foxlaneQN", "Notes": "Street view:https://www.google.co.uk/maps/@51.6227361,-0.1111974,3a,75y,259.89h,78.72t/data=!3m7!1e1!3m5!1suk24HApXc7GRsHWdtA7sxA!2e0!5s20200901T000000!7i16384!8i8192" }, "geometry": { "type": "Point", "coordinates": [ 530833.751123020541854, 193226.11620732274605 ] } },
{ "type": "Feature", "properties": { "ID": 140, "Type": "Point Filter", "Descriptio": "Experimental Traffic Order. No person shall cause or permit any vehicle, other than a pedal cycle, to enter that length of Grovelands Road N13 which lies between a point 3.3 metres south-west of the south-western kerb-line of Fox Lane N13 and a point 4.3", "Enforcemen": "Filter-Barrier-Bollard", "Timed_Enfo": "N", "Exemptions": "N", "Exemption_": "N/A", "LGA": "Enfield", "LTN": "Fox Lane QN", "Implementa": "7/9/2020", "Date_Remov": null, "url": "https://letstalk.enfield.gov.uk/foxlaneQN", "Notes": "Street view:https://www.google.co.uk/maps/@51.6221955,-0.1102911,3a,75y,220.3h,73.49t/data=!3m7!1e1!3m5!1sdTbqM1hP4i-6Ig0LTLBfxg!2e0!5s20200901T000000!7i16384!8i8192" }, "geometry": { "type": "Point", "coordinates": [ 530906.870825405814685, 193160.126067514473107 ] } },
{ "type": "Feature", "properties": { "ID": 141, "Type": "Point Filter", "Descriptio": "Experimental Traffic Order. No person shall cause or permit any vehicle, other than a pedal cycle, to enter that length of Old Park Road N13 which lies between a point 2.6 metres south-west of the south-western kerb-line of Fox Lane N13 and a point 3.6 m", "Enforcemen": "Filter-Barrier-Bollard", "Timed_Enfo": "N", "Exemptions": "N", "Exemption_": "N/A", "LGA": "Enfield", "LTN": "Fox Lane QN", "Implementa": "7/9/2020", "Date_Remov": null, "url": "https://letstalk.enfield.gov.uk/foxlaneQN", "Notes": "Street view:https://www.google.co.uk/maps/@51.6215844,-0.109155,3a,75y,29.91h,90.01t/data=!3m8!1e1!3m6!1s3lAVz0KytSNkfoAg12fDwQ!2e0!5s20200901T000000!6shttps:%2F%2Fstreetviewpixels-pa.googleapis.com%2Fv1%2Fthumbnail%3Fpanoid%3D3lAVz0KytSNkfoAg12fDwQ%26cb" }, "geometry": { "type": "Point", "coordinates": [ 530996.063962787156925, 193104.790530001511797 ] } },
{ "type": "Feature", "properties": { "ID": 142, "Type": "Point Filter", "Descriptio": "Experimental Traffic Order. No person shall cause or permit any motor vehicle to enter that length of Fox Lane N13 which lies between the common boundary of Nos. 7/8 and Nos. 9/10 The Walk, Fox Lane and a point 45 metres north-west of that common boundar", "Enforcemen": "Filter-Navigable-ANPR", "Timed_Enfo": "N", "Exemptions": "N", "Exemption_": null, "LGA": "Enfield", "LTN": "Fox Lane QN", "Implementa": "7/9/2020", "Date_Remov": null, "url": "https://letstalk.enfield.gov.uk/foxlaneQN", "Notes": "Street view:https://www.google.co.uk/maps/@51.6214642,-0.1084385,3a,18.8y,112.36h,85.15t/data=!3m7!1e1!3m5!1stP5WJe3iFgohLsHlo0qUNg!2e0!5s20200901T000000!7i16384!8i8192" }, "geometry": { "type": "Point", "coordinates": [ 531069.788064104504883, 193090.518743601802271 ] } },
{ "type": "Feature", "properties": { "ID": 143, "Type": "Point Filter", "Descriptio": "Experimental Traffic Order. prohibit vehicles, except pedal cycles, from entering or leaving:- Devonshire Road N13 at its junction with Green\nLanes N13;by placing planters and bollards in these roads", "Enforcemen": "Filter-Barrier-Bollard", "Timed_Enfo": "N", "Exemptions": "N", "Exemption_": "N/A", "LGA": "Enfield", "LTN": "Fox Lane QN", "Implementa": "7/9/2020", "Date_Remov": null, "url": "https://letstalk.enfield.gov.uk/foxlaneQN", "Notes": "Street view:https://www.google.co.uk/maps/@51.6199736,-0.1066582,3a,29.2y,295.47h,88.6t/data=!3m7!1e1!3m5!1s37SGkV3K0RzguadYGwV3xg!2e0!5s20200901T000000!7i16384!8i8192" }, "geometry": { "type": "Point", "coordinates": [ 531152.868580914335325, 192942.37613148370292 ] } },
{ "type": "Feature", "properties": { "ID": 144, "Type": "Point Filter", "Descriptio": "Experimental Traffic Order. No person shall cause or permit any motor vehicle to enter that length of Fox Lane N13 which lies between the common boundary of Nos. 7/8 and Nos. 9/10 The Walk, Fox Lane and a point 45 metres north-west of that common boundar", "Enforcemen": "Filter-Navigable-ANPR", "Timed_Enfo": "N", "Exemptions": "N", "Exemption_": null, "LGA": "Enfield", "LTN": "Fox Lane QN", "Implementa": "7/9/2020", "Date_Remov": null, "url": "https://letstalk.enfield.gov.uk/foxlaneQN", "Notes": "Planter can be seen in background of this street view shot:https://www.google.co.uk/maps/@51.6214642,-0.1084385,3a,18.8y,112.36h,85.15t/data=!3m7!1e1!3m5!1stP5WJe3iFgohLsHlo0qUNg!2e0!5s20200901T000000!7i16384!8i8192" }, "geometry": { "type": "Point", "coordinates": [ 531101.590113190351985, 193074.160656025458593 ] } },
{ "type": "Feature", "properties": { "ID": 145, "Type": "Point Filter", "Descriptio": "Experimental - walking and cycle only, emergency vehical acsess with key", "Enforcemen": "Filter-Barrier-Planter", "Timed_Enfo": "N", "Exemptions": "N", "Exemption_": "NA", "LGA": "Greenwich", "LTN": "East Greenwich Traffic Reduction", "Implementa": "Sep-20", "Date_Remov": null, "url": "https://www.royalgreenwich.gov.uk/info/200266/roadworks_and_traffic/2246/east_greenwich_traffic_reduction", "Notes": null }, "geometry": { "type": "Point", "coordinates": [ 539267.35142972250469, 178308.440317865635734 ] } },
{ "type": "Feature", "properties": { "ID": 146, "Type": "Point Filter", "Descriptio": "Experimental - walking and cycle only, emergency vehical acsess with key", "Enforcemen": "Filter-Barrier-Planter", "Timed_Enfo": "N", "Exemptions": "N", "Exemption_": "NA", "LGA": "Greenwich", "LTN": "East Greenwich Traffic Reduction", "Implementa": "Aug-20", "Date_Remov": null, "url": "https://www.royalgreenwich.gov.uk/info/200266/roadworks_and_traffic/2246/east_greenwich_traffic_reduction", "Notes": null }, "geometry": { "type": "Point", "coordinates": [ 539509.879395475261845, 178165.577438721462386 ] } },
{ "type": "Feature", "properties": { "ID": 147, "Type": "Point Filter", "Descriptio": "Experimental - walking and cycle only, emergency vehical acsess with key", "Enforcemen": "Filter-Barrier-Planter", "Timed_Enfo": "N", "Exemptions": "N", "Exemption_": "NA", "LGA": "Greenwich", "LTN": "East Greenwich Traffic Reduction", "Implementa": "Aug-20", "Date_Remov": null, "url": "https://www.royalgreenwich.gov.uk/info/200266/roadworks_and_traffic/2246/east_greenwich_traffic_reduction", "Notes": null }, "geometry": { "type": "Point", "coordinates": [ 539534.919162118341774, 178090.310726469673682 ] } },
{ "type": "Feature", "properties": { "ID": 148, "Type": "Point Filter", "Descriptio": "Experimental - walking and cycle only, emergency vehical acsess with key", "Enforcemen": "Filter-Barrier-Planter", "Timed_Enfo": "N", "Exemptions": "N", "Exemption_": "NA", "LGA": "Greenwich", "LTN": "Hills and Vales", "Implementa": "Aug-20", "Date_Remov": "25/02/2022", "url": "https://www.royalgreenwich.gov.uk/downloads/file/4748/west_greenwich_traffic_reduction_technical_drawing_of_the_trial_measures", "Notes": null }, "geometry": { "type": "Point", "coordinates": [ 538344.165434956899844, 177157.61433077318361 ] } },
{ "type": "Feature", "properties": { "ID": 149, "Type": "Point Filter", "Descriptio": "Experimental - walking and cycle only, emergency vehical acsess with key", "Enforcemen": "Filter-Barrier-Planter", "Timed_Enfo": "N", "Exemptions": "N", "Exemption_": "NA", "LGA": "Greenwich", "LTN": "Hills and Vales", "Implementa": "Aug-20", "Date_Remov": null, "url": "https://www.royalgreenwich.gov.uk/downloads/file/4748/west_greenwich_traffic_reduction_technical_drawing_of_the_trial_measures", "Notes": null }, "geometry": { "type": "Point", "coordinates": [ 538425.540930099668913, 177487.112211144180037 ] } },
{ "type": "Feature", "properties": { "ID": 150, "Type": "Point Filter", "Descriptio": "Experimental - walking and cycle only, emergency vehical acsess with key", "Enforcemen": "Filter-Barrier-Planter", "Timed_Enfo": "N", "Exemptions": "N", "Exemption_": "NA", "LGA": "Greenwich", "LTN": "Hills and Vales", "Implementa": "Aug-20", "Date_Remov": "25/02/2022", "url": "https://www.royalgreenwich.gov.uk/downloads/file/4748/west_greenwich_traffic_reduction_technical_drawing_of_the_trial_measures", "Notes": null }, "geometry": { "type": "Point", "coordinates": [ 538309.512294966145419, 176921.530634214635938 ] } },
{ "type": "Feature", "properties": { "ID": 151, "Type": "Point Filter", "Descriptio": "Experimental - walking and cycle only, emergency vehical acsess with key", "Enforcemen": "Filter-Barrier-Planter", "Timed_Enfo": "N", "Exemptions": "N", "Exemption_": "NA", "LGA": "Greenwich", "LTN": "Hills and Vales", "Implementa": "Aug-20", "Date_Remov": "25/02/2022", "url": "https://www.royalgreenwich.gov.uk/downloads/file/4748/west_greenwich_traffic_reduction_technical_drawing_of_the_trial_measures", "Notes": null }, "geometry": { "type": "Point", "coordinates": [ 538274.014006180921569, 177061.673082321241964 ] } },
{ "type": "Feature", "properties": { "ID": 152, "Type": "Point Filter", "Descriptio": "Experimental - walking and cycle only\n", "Enforcemen": "Filter-Barrier-Planter", "Timed_Enfo": "N", "Exemptions": "N", "Exemption_": "NA", "LGA": "Greenwich", "LTN": "Hills and Vales", "Implementa": "Aug-20", "Date_Remov": "25/02/2022", "url": "https://www.google.com/maps/d/u/0/viewer?mid=1QlfSZIJ8NizkRVnJy7aCExzjphdLEZ9Q&ll=51.50175681201681%2C-0.10502772820534023&z=16", "Notes": null }, "geometry": { "type": "Point", "coordinates": [ 538138.685226162546314, 176932.024887276289519 ] } },
{ "type": "Feature", "properties": { "ID": 153, "Type": "Point Filter", "Descriptio": "Experimental - walking and cycle only, emergency vehical acsess with key", "Enforcemen": "Filter-Barrier-Planter", "Timed_Enfo": "N", "Exemptions": "N", "Exemption_": "NA", "LGA": "Greenwich", "LTN": "Hills and Vales", "Implementa": "Aug-20", "Date_Remov": "25/02/2022", "url": "https://www.royalgreenwich.gov.uk/downloads/file/4748/west_greenwich_traffic_reduction_technical_drawing_of_the_trial_measures", "Notes": null }, "geometry": { "type": "Point", "coordinates": [ 538343.313687350018881, 177086.703675229393411 ] } },
{ "type": "Feature", "properties": { "ID": 154, "Type": "Point Filter", "Descriptio": "No access between Benthal Rd (south) and Evering Road.", "Enforcemen": "Filter-Navigable-ANPR", "Timed_Enfo": "N", "Exemptions": "N", "Exemption_": null, "LGA": "Hackney", "LTN": "Hackney Downs LTN", "Implementa": "24/8/2020", "Date_Remov": null, "url": "https://rebuildingagreenerhackney.commonplace.is/schemes/proposals/hackney-downs-low-traffic-neighbourhood/details", "Notes": null }, "geometry": { "type": "Point", "coordinates": [ 534139.450606481754221, 186213.855712911405135 ] } },
{ "type": "Feature", "properties": { "ID": 155, "Type": "Point Filter", "Descriptio": "No access between Maury Rd (south) and Evering Rd.", "Enforcemen": "Filter-Navigable-ANPR", "Timed_Enfo": "N", "Exemptions": "N", "Exemption_": null, "LGA": "Hackney", "LTN": "Hackney Downs LTN", "Implementa": "24/8/2020", "Date_Remov": null, "url": "https://rebuildingagreenerhackney.commonplace.is/schemes/proposals/hackney-downs-low-traffic-neighbourhood/details", "Notes": null }, "geometry": { "type": "Point", "coordinates": [ 534224.525267378194258, 186257.168507598282304 ] } },
{ "type": "Feature", "properties": { "ID": 156, "Type": "Diverter Filter", "Descriptio": "No access on Brooke Rd, or Evering Road, at intersection between too. Evering eastbound diverted onto Brooke northbound and vice versa.", "Enforcemen": "Filter-Navigable-ANPR", "Timed_Enfo": "N", "Exemptions": "N", "Exemption_": null, "LGA": "Hackney", "LTN": "Hackney Downs LTN", "Implementa": "24/8/2020", "Date_Remov": null, "url": "https://rebuildingagreenerhackney.commonplace.is/schemes/proposals/hackney-downs-low-traffic-neighbourhood/details", "Notes": null }, "geometry": { "type": "Point", "coordinates": [ 534374.327950356411748, 186362.845139564073179 ] } },
{ "type": "Feature", "properties": { "ID": 157, "Type": "Point Filter", "Descriptio": "No access between Brooke Rd and Reighton Rd. Filter on Reighton Rd.", "Enforcemen": "Filter-Navigable-ANPR", "Timed_Enfo": "N", "Exemptions": "N", "Exemption_": null, "LGA": "Hackney", "LTN": "Hackney Downs LTN", "Implementa": "24/8/2020", "Date_Remov": null, "url": "https://rebuildingagreenerhackney.commonplace.is/schemes/proposals/hackney-downs-low-traffic-neighbourhood/details", "Notes": null }, "geometry": { "type": "Point", "coordinates": [ 534327.617848708061501, 186403.22737552865874 ] } },
{ "type": "Feature", "properties": { "ID": 158, "Type": "Point Filter", "Descriptio": "No access between Brooke Rd and Narford Rd. Filter on Narford Rd.", "Enforcemen": "Filter-Navigable-ANPR", "Timed_Enfo": "N", "Exemptions": "N", "Exemption_": null, "LGA": "Hackney", "LTN": "Hackney Downs LTN", "Implementa": "24/8/2020", "Date_Remov": null, "url": "https://rebuildingagreenerhackney.commonplace.is/schemes/proposals/hackney-downs-low-traffic-neighbourhood/details", "Notes": null }, "geometry": { "type": "Point", "coordinates": [ 534277.510981268482283, 186422.599217981449328 ] } },
{ "type": "Feature", "properties": { "ID": 159, "Type": "Point Filter", "Descriptio": "No access between Kenninghall Rd and Powell Rd. Filter on Powell.", "Enforcemen": "Filter-Navigable-ANPR", "Timed_Enfo": "N", "Exemptions": "N", "Exemption_": null, "LGA": "Hackney", "LTN": "Hackney Downs LTN", "Implementa": "24/8/2020", "Date_Remov": null, "url": "https://rebuildingagreenerhackney.commonplace.is/schemes/proposals/hackney-downs-low-traffic-neighbourhood/details", "Notes": null }, "geometry": { "type": "Point", "coordinates": [ 534736.70316451927647, 186160.90974697197089 ] } },
{ "type": "Feature", "properties": { "ID": 160, "Type": "Point Filter", "Descriptio": "No access Downs Road west of Rendlesham Road both directions", "Enforcemen": "Filter-Navigable-ANPR", "Timed_Enfo": "N", "Exemptions": "N", "Exemption_": null, "LGA": "Hackney", "LTN": "Hackney Downs LTN", "Implementa": "24/8/2020", "Date_Remov": null, "url": "https://rebuildingagreenerhackney.commonplace.is/schemes/proposals/hackney-downs-low-traffic-neighbourhood/details", "Notes": null }, "geometry": { "type": "Point", "coordinates": [ 534155.304477058933116, 185839.068370829278138 ] } },
{ "type": "Feature", "properties": { "ID": 161, "Type": "Point Filter", "Descriptio": "No access between Meeson Street and Kingsmead Way. Filter on Meeson Street.", "Enforcemen": "Filter-Navigable-ANPR", "Timed_Enfo": "N", "Exemptions": "N", "Exemption_": null, "LGA": "Hackney", "LTN": "Homerton North", "Implementa": "Sep-20", "Date_Remov": null, "url": "https://rebuildingagreenerhackney.commonplace.is/schemes/proposals/homerton/details", "Notes": null }, "geometry": { "type": "Point", "coordinates": [ 536327.368485341081396, 185548.500845699978527 ] } },
{ "type": "Feature", "properties": { "ID": 162, "Type": "Point Filter", "Descriptio": "No access between Glyn Road and Ashenden Road. Filter on Ashenden Road", "Enforcemen": "Filter-Navigable-ANPR", "Timed_Enfo": "N", "Exemptions": "N", "Exemption_": null, "LGA": "Hackney", "LTN": "Homerton North", "Implementa": "Aug-20", "Date_Remov": null, "url": "https://rebuildingagreenerhackney.commonplace.is/schemes/proposals/homerton/details", "Notes": null }, "geometry": { "type": "Point", "coordinates": [ 535957.059632155345753, 185415.709925209113862 ] } },
{ "type": "Feature", "properties": { "ID": 163, "Type": "Point Filter", "Descriptio": "No access Barnabas road north of Oriel road, both directions", "Enforcemen": "Filter-Navigable-ANPR", "Timed_Enfo": "N", "Exemptions": "N", "Exemption_": null, "LGA": "Hackney", "LTN": "Homerton Station", "Implementa": "Aug-20", "Date_Remov": null, "url": "https://rebuildingagreenerhackney.commonplace.is/schemes/proposals/homerton/details", "Notes": null }, "geometry": { "type": "Point", "coordinates": [ 535864.285910021048039, 184908.336303933756426 ] } },
{ "type": "Feature", "properties": { "ID": 164, "Type": "Point Filter", "Descriptio": "No access between Shepherdess Walk and Micawber St. Filter is on Micawber St.", "Enforcemen": "Filter-Barrier-Planter", "Timed_Enfo": "N", "Exemptions": "N", "Exemption_": null, "LGA": "Hackney", "LTN": "Hoxton West LTN", "Implementa": "24/8/2020", "Date_Remov": null, "url": "https://rebuildingagreenerhackney.commonplace.is/schemes/proposals/hoxton-west-low-traffic-neighbourhood/details", "Notes": null }, "geometry": { "type": "Point", "coordinates": [ 532409.655578086851165, 182989.726356440922245 ] } },
{ "type": "Feature", "properties": { "ID": 165, "Type": "Point Filter", "Descriptio": "Bus gate on Shepherdess Walk south of Micawber St", "Enforcemen": "Filter-Navigable-ANPR", "Timed_Enfo": "N", "Exemptions": "Y", "Exemption_": "Bus", "LGA": "Hackney", "LTN": "Hoxton West LTN", "Implementa": "24/8/2020", "Date_Remov": null, "url": "https://rebuildingagreenerhackney.commonplace.is/schemes/proposals/hoxton-west-low-traffic-neighbourhood/details", "Notes": null }, "geometry": { "type": "Point", "coordinates": [ 532423.694002644275315, 182970.396007486560848 ] } },
{ "type": "Feature", "properties": { "ID": 166, "Type": "Point Filter", "Descriptio": "Filter on Nile St.", "Enforcemen": "Filter-Barrier-Bollard", "Timed_Enfo": "N", "Exemptions": "N", "Exemption_": null, "LGA": "Hackney", "LTN": "Hoxton West LTN", "Implementa": "24/8/2020", "Date_Remov": null, "url": "https://rebuildingagreenerhackney.commonplace.is/schemes/proposals/hoxton-west-low-traffic-neighbourhood/details", "Notes": null }, "geometry": { "type": "Point", "coordinates": [ 532671.84105209435802, 182876.83225207059877 ] } },
{ "type": "Feature", "properties": { "ID": 167, "Type": "Point Filter", "Descriptio": "No access between Ebenezer St and Vestry St. Filter is on Ebenezer St.", "Enforcemen": "Filter-Barrier-Bollard", "Timed_Enfo": "N", "Exemptions": "N", "Exemption_": null, "LGA": "Hackney", "LTN": "Hoxton West LTN", "Implementa": "24/8/2020", "Date_Remov": null, "url": "https://rebuildingagreenerhackney.commonplace.is/schemes/proposals/hoxton-west-low-traffic-neighbourhood/details", "Notes": null }, "geometry": { "type": "Point", "coordinates": [ 532675.646249624784105, 182797.589651430840604 ] } },
{ "type": "Feature", "properties": { "ID": 168, "Type": "Point Filter", "Descriptio": "Bus Gate Richmond Rd East of Eleanor Rd.", "Enforcemen": "Filter-Navigable-ANPR", "Timed_Enfo": "N", "Exemptions": "Y", "Exemption_": "Bus", "LGA": "Hackney", "LTN": "London Fields LTN", "Implementa": "7/9/2020", "Date_Remov": null, "url": "https://rebuildingagreenerhackney.commonplace.is/schemes/proposals/london-fields-low-traffic-neighbourhood/details", "Notes": null }, "geometry": { "type": "Point", "coordinates": [ 534684.453162895399146, 184527.991291465237737 ] } },
{ "type": "Feature", "properties": { "ID": 169, "Type": "Point Filter", "Descriptio": "No access Wilton Way east of Greenwood Rd.", "Enforcemen": "Filter-Navigable-ANPR", "Timed_Enfo": "N", "Exemptions": "N", "Exemption_": null, "LGA": "Hackney", "LTN": "London Fields LTN", "Implementa": "7/9/2020", "Date_Remov": null, "url": "https://rebuildingagreenerhackney.commonplace.is/schemes/proposals/london-fields-low-traffic-neighbourhood/details", "Notes": null }, "geometry": { "type": "Point", "coordinates": [ 534393.886826648958959, 184730.166304665559437 ] } },
{ "type": "Feature", "properties": { "ID": 170, "Type": "Point Filter", "Descriptio": "No access Forest Road, west of Rosebery Pl", "Enforcemen": "Filter-Navigable-ANPR", "Timed_Enfo": "N", "Exemptions": "N", "Exemption_": null, "LGA": "Hackney", "LTN": "London Fields LTN", "Implementa": "7/9/2020", "Date_Remov": null, "url": "https://rebuildingagreenerhackney.commonplace.is/schemes/proposals/london-fields-low-traffic-neighbourhood/details", "Notes": null }, "geometry": { "type": "Point", "coordinates": [ 533612.124715069192462, 184551.765941829304211 ] } },
{ "type": "Feature", "properties": { "ID": 171, "Type": "Point Filter", "Descriptio": "No access between Richmond Rd and Kingsland Rd. Filter just east of Kingsland road on Richmond Rd. Limited access to Richmond Rd until filter.", "Enforcemen": "Filter-Navigable-ANPR", "Timed_Enfo": "N", "Exemptions": "N", "Exemption_": null, "LGA": "Hackney", "LTN": "London Fields LTN", "Implementa": "7/9/2020", "Date_Remov": null, "url": "https://rebuildingagreenerhackney.commonplace.is/schemes/proposals/london-fields-low-traffic-neighbourhood/details", "Notes": null }, "geometry": { "type": "Point", "coordinates": [ 533558.696537885349244, 184390.895336413115729 ] } },
{ "type": "Feature", "properties": { "ID": 172, "Type": "Point Filter", "Descriptio": "No access between Middleton Rd and Kingsland Rd. Filter on Middleton Rd.", "Enforcemen": "Filter-Navigable-ANPR", "Timed_Enfo": "N", "Exemptions": "N", "Exemption_": null, "LGA": "Hackney", "LTN": "London Fields LTN", "Implementa": "7/9/2020", "Date_Remov": null, "url": "https://rebuildingagreenerhackney.commonplace.is/schemes/proposals/london-fields-low-traffic-neighbourhood/details", "Notes": null }, "geometry": { "type": "Point", "coordinates": [ 533505.369991783401929, 184189.077062074153218 ] } },
{ "type": "Feature", "properties": { "ID": 173, "Type": "Point Filter", "Descriptio": "No access Lee St east of Stean St.", "Enforcemen": "Filter-Navigable-ANPR", "Timed_Enfo": "N", "Exemptions": "N", "Exemption_": null, "LGA": "Hackney", "LTN": "London Fields LTN", "Implementa": "7/9/2020", "Date_Remov": null, "url": "https://rebuildingagreenerhackney.commonplace.is/schemes/proposals/london-fields-low-traffic-neighbourhood/details", "Notes": null }, "geometry": { "type": "Point", "coordinates": [ 533609.570807706331834, 183931.645164999063127 ] } },
{ "type": "Feature", "properties": { "ID": 174, "Type": "Point Filter", "Descriptio": "No Access between Stean St and Dunston Rd. Filter on Stean St", "Enforcemen": "Filter-Barrier-Bollard", "Timed_Enfo": "N", "Exemptions": "N", "Exemption_": null, "LGA": "Hackney", "LTN": "London Fields LTN", "Implementa": "7/9/2020", "Date_Remov": null, "url": "https://rebuildingagreenerhackney.commonplace.is/schemes/proposals/london-fields-low-traffic-neighbourhood/details", "Notes": null }, "geometry": { "type": "Point", "coordinates": [ 533595.749874920817092, 183721.073265673359856 ] } },
{ "type": "Feature", "properties": { "ID": 175, "Type": "Point Filter", "Descriptio": "Bus gate on Pritchards Road bridge.", "Enforcemen": "Filter-Navigable-ANPR", "Timed_Enfo": "N", "Exemptions": "Y", "Exemption_": "Bus", "LGA": "Hackney", "LTN": "London Fields LTN", "Implementa": "7/9/2020", "Date_Remov": null, "url": "https://rebuildingagreenerhackney.commonplace.is/schemes/proposals/london-fields-low-traffic-neighbourhood/details", "Notes": null }, "geometry": { "type": "Point", "coordinates": [ 534467.788302019238472, 183606.771711390523706 ] } },
{ "type": "Feature", "properties": { "ID": 176, "Type": "Point Filter", "Descriptio": "Bus gate Richmond Road, east of Greenwood Rd.", "Enforcemen": "Filter-Navigable-ANPR", "Timed_Enfo": "N", "Exemptions": "Y", "Exemption_": "Bus", "LGA": "Hackney", "LTN": "London Fields LTN", "Implementa": "7/9/2020", "Date_Remov": null, "url": "https://rebuildingagreenerhackney.commonplace.is/schemes/proposals/london-fields-low-traffic-neighbourhood/details", "Notes": null }, "geometry": { "type": "Point", "coordinates": [ 534469.917942570522428, 184498.411658446071669 ] } },
{ "type": "Feature", "properties": { "ID": 177, "Type": "New Turning Restriction", "Descriptio": "No right turn from Greenwood Road (northbound) onto Graham Rd", "Enforcemen": "Signage", "Timed_Enfo": "N", "Exemptions": "N", "Exemption_": null, "LGA": "Hackney", "LTN": "London Fields LTN", "Implementa": "7/9/2020", "Date_Remov": null, "url": "https://s3-eu-west-2.amazonaws.com/commonplace-customer-assets/rebuildingagreenerhackney/London%20Fields%20(Drawing).pdf", "Notes": null }, "geometry": { "type": "Point", "coordinates": [ 534367.782946491846815, 184764.80696252908092 ] } },
{ "type": "Feature", "properties": { "ID": 178, "Type": "Point Filter", "Descriptio": "No access on Nevill Rd past point between Walford Rd and Osterley Rd", "Enforcemen": "Filter-Navigable-ANPR", "Timed_Enfo": "N", "Exemptions": "N", "Exemption_": null, "LGA": "Hackney", "LTN": "Walford Road", "Implementa": "28/9/2020", "Date_Remov": null, "url": "https://hackney.gov.uk/walford-road-area", "Notes": null }, "geometry": { "type": "Point", "coordinates": [ 533268.89208330377005, 185900.917193826986477 ] } },
{ "type": "Feature", "properties": { "ID": 179, "Type": "Point Filter", "Descriptio": "No access between Clonbrock Rd and Nevill Rd. Filter on Clonbrock Rd", "Enforcemen": "Filter-Navigable-ANPR", "Timed_Enfo": "N", "Exemptions": "N", "Exemption_": null, "LGA": "Hackney", "LTN": "Walford Road", "Implementa": "28/9/2020", "Date_Remov": null, "url": "https://hackney.gov.uk/walford-road-area", "Notes": null }, "geometry": { "type": "Point", "coordinates": [ 533259.849292611703277, 185838.474038206331898 ] } },
{ "type": "Feature", "properties": { "ID": 180, "Type": "Point Filter", "Descriptio": "No Access between Allen Rd and Nevill Rd.", "Enforcemen": "Filter-Navigable-ANPR", "Timed_Enfo": "N", "Exemptions": "N", "Exemption_": null, "LGA": "Hackney", "LTN": "Walford Road", "Implementa": "28/9/2020", "Date_Remov": null, "url": "https://hackney.gov.uk/walford-road-area", "Notes": null }, "geometry": { "type": "Point", "coordinates": [ 533251.037555441027507, 185775.14674087142339 ] } },
{ "type": "Feature", "properties": { "ID": 181, "Type": "Point Filter", "Descriptio": "Access restricted between Downham Road and Ufton Road (north). Filter on Ufton road.", "Enforcemen": "Filter-Navigable-ANPR", "Timed_Enfo": "N", "Exemptions": "N", "Exemption_": null, "LGA": "Hackney", "LTN": "Ufton Road", "Implementa": "Sep-20", "Date_Remov": null, "url": "https://rebuildingagreenerhackney.commonplace.is/schemes/proposals/de-beauvoir/details", "Notes": null }, "geometry": { "type": "Point", "coordinates": [ 532992.437033948721364, 184032.397485910565592 ] } },
{ "type": "Feature", "properties": { "ID": 182, "Type": "Point Filter", "Descriptio": "No access between Gore Rd and Grove Road/Wetherell Rd.", "Enforcemen": "Filter-Navigable-ANPR", "Timed_Enfo": "N", "Exemptions": "N", "Exemption_": null, "LGA": "Hackney", "LTN": "Gore Road", "Implementa": "Jun-20", "Date_Remov": null, "url": "https://news.hackney.gov.uk/emergency-road-safety-measures-ashenden-road-gore-road-and-ufton-road-to-close/", "Notes": "Mar-Sept" }, "geometry": { "type": "Point", "coordinates": [ 535767.405824191169813, 183777.541625314450357 ] } },
{ "type": "Feature", "properties": { "ID": 183, "Type": "Point Filter", "Descriptio": "Experimental Traffic Order in place for 18 months", "Enforcemen": "Filter-Navigable-ANPR", "Timed_Enfo": "N", "Exemptions": "Y", "Exemption_": "Residents, visitors, taxis, carers", "LGA": "Hammersmith and Fulham", "LTN": "SW6 LTN", "Implementa": "Jul-20", "Date_Remov": null, "url": "https://southfulhamstreetseasthome.commonplace.is/schemes/proposals/a-detailed-explanation-of-the-scheme/details", "Notes": "Residents can also give visitors, deliveries and contractors free open access to the TCPR area, allowing them to drive through camera points without penalty. https://www.lbhf.gov.uk/transport-and-roads/south-fulham-traffic-congestion-and-pollution-reduct" }, "geometry": { "type": "Point", "coordinates": [ 525815.234154333826154, 176883.042912964883726 ] } },
{ "type": "Feature", "properties": { "ID": 184, "Type": "Point Filter", "Descriptio": "Experimental Traffic Order in place for 18 months", "Enforcemen": "Filter-Navigable-ANPR", "Timed_Enfo": "N", "Exemptions": "Y", "Exemption_": "Residents, visitors, taxis, carers", "LGA": "Hammersmith and Fulham", "LTN": "SW6 LTN", "Implementa": "Jul-20", "Date_Remov": null, "url": "https://southfulhamstreetseasthome.commonplace.is/schemes/proposals/a-detailed-explanation-of-the-scheme/details", "Notes": "Residents can also give visitors, deliveries and contractors free open access to the TCPR area, allowing them to drive through camera points without penalty.https://www.lbhf.gov.uk/transport-and-roads/south-fulham-traffic-congestion-and-pollution-reducti" }, "geometry": { "type": "Point", "coordinates": [ 525725.062705631135032, 176781.003718204272445 ] } },
{ "type": "Feature", "properties": { "ID": 185, "Type": "Point Filter", "Descriptio": "Experimental Traffic Order in place for 18 months", "Enforcemen": "Filter-Navigable-ANPR", "Timed_Enfo": "N", "Exemptions": "Y", "Exemption_": "Residents, visitors, taxis, carers", "LGA": "Hammersmith and Fulham", "LTN": "SW6 LTN", "Implementa": "Jul-20", "Date_Remov": null, "url": "https://southfulhamstreetseasthome.commonplace.is/schemes/proposals/a-detailed-explanation-of-the-scheme/details", "Notes": "Residents can also give visitors, deliveries and contractors free open access to the TCPR area, allowing them to drive through camera points without penalty. https://www.lbhf.gov.uk/transport-and-roads/south-fulham-traffic-congestion-and-pollution-reduct" }, "geometry": { "type": "Point", "coordinates": [ 525907.726127068279311, 176747.909777283959556 ] } },
{ "type": "Feature", "properties": { "ID": 186, "Type": "Point Filter", "Descriptio": "Experimental Traffic Order in place for 18 months", "Enforcemen": "Filter-Navigable-ANPR", "Timed_Enfo": "N", "Exemptions": "Y", "Exemption_": "Residents, visitors, taxis, carers", "LGA": "Hammersmith and Fulham", "LTN": "SW6 LTN", "Implementa": "Jul-20", "Date_Remov": null, "url": "https://southfulhamstreetseasthome.commonplace.is/schemes/proposals/a-detailed-explanation-of-the-scheme/details", "Notes": "Residents can also give visitors, deliveries and contractors free open access to the TCPR area, allowing them to drive through camera points without penalty. https://www.lbhf.gov.uk/transport-and-roads/south-fulham-traffic-congestion-and-pollution-reduct" }, "geometry": { "type": "Point", "coordinates": [ 525758.159875647863373, 176422.970472896937281 ] } },
{ "type": "Feature", "properties": { "ID": 187, "Type": "Point Filter", "Descriptio": "Experimental Traffic Order in place for 18 months", "Enforcemen": "Filter-Navigable-ANPR", "Timed_Enfo": "N", "Exemptions": "Y", "Exemption_": "Residents, visitors, taxis, carers", "LGA": "Hammersmith and Fulham", "LTN": "SW6 LTN", "Implementa": "Jul-20", "Date_Remov": null, "url": "https://southfulhamstreetseasthome.commonplace.is/schemes/proposals/a-detailed-explanation-of-the-scheme/details", "Notes": "Residents can also give visitors, deliveries and contractors free open access to the TCPR area, allowing them to drive through camera points without penalty. https://www.lbhf.gov.uk/transport-and-roads/south-fulham-traffic-congestion-and-pollution-reduct" }, "geometry": { "type": "Point", "coordinates": [ 525804.156825238605961, 176307.939612907066476 ] } },
{ "type": "Feature", "properties": { "ID": 188, "Type": "Point Filter", "Descriptio": "Prohibit vehicles from entering that length of Francis Road that lies between a point\nopposite the north western boundary of 9 Francis Road and a point 2 metres south\neast of that boundary;", "Enforcemen": "Filter-Barrier-Planter", "Timed_Enfo": "N", "Exemptions": "N", "Exemption_": null, "LGA": "Harrow", "LTN": "Francis Road Greenhill LTN", "Implementa": "25/9/2020", "Date_Remov": "05/2021", "url": "https://www.harrow.gov.uk/downloads/file/28042/francis-road-area-experimental-low-traffic-neighbourhood-all-documents", "Notes": "Consultation seeks to replace planters with ANPR cameras https://www.harrow.gov.uk/downloads/file/28585/francis-road-ltn-consultation \n" }, "geometry": { "type": "Point", "coordinates": [ 516209.600179839355405, 188811.535153701668605 ] } },
{ "type": "Feature", "properties": { "ID": 189, "Type": "Point Filter", "Descriptio": "Planters used to close Southfield Park at the junction with Pinner Road to vehicular traffic.\n", "Enforcemen": "Filter-Barrier-Planter", "Timed_Enfo": "N", "Exemptions": "N", "Exemption_": null, "LGA": "Harrow", "LTN": "Southfield Park LTN", "Implementa": "25/9/2020", "Date_Remov": "23/11/2020\n", "url": "https://www.harrow.gov.uk/downloads/file/28043/southfield-park-area-experimental-low-traffic-neighbourhood-all-documents", "Notes": "In November 2020, decision was taken to alter the scheme by covering the road signs and removing the planters to address concerns raised around traffic caused by roadworks. In February, the decision was taken to suspend the operation of the Southfield Pa" }, "geometry": { "type": "Point", "coordinates": [ 513493.675782475795131, 189145.440107364265714 ] } },
{ "type": "Feature", "properties": { "ID": 190, "Type": "Point Filter", "Descriptio": null, "Enforcemen": "Filter-Navigable-ANPR", "Timed_Enfo": "N", "Exemptions": "N", "Exemption_": null, "LGA": "Harrow", "LTN": "Vaughan Road LTN", "Implementa": "25/9/2020", "Date_Remov": "05/2021", "url": "https://www.harrow.gov.uk/downloads/file/28040/vaughan-road-area-experimental-low-traffic-neighbourhood-all-documents", "Notes": "The Vaughan Road LTN scheme was altered in December as planters were adjusted to give emergency services full and unrestricted access to the neighbourhood. https://www.harrow.gov.uk/downloads/file/28586/vaughan-road-ltn-consultation\n\n\"ANPR enforcement is" }, "geometry": { "type": "Point", "coordinates": [ 514244.417146696767304, 188037.644755239540245 ] } },
{ "type": "Feature", "properties": { "ID": 191, "Type": "Point Filter", "Descriptio": null, "Enforcemen": "Filter-Navigable-ANPR", "Timed_Enfo": "N", "Exemptions": "N", "Exemption_": null, "LGA": "Harrow", "LTN": "Vaughan Road LTN", "Implementa": "25/9/2020", "Date_Remov": "05/2021", "url": "https://www.harrow.gov.uk/downloads/file/28040/vaughan-road-area-experimental-low-traffic-neighbourhood-all-documents", "Notes": "The Vaughan Road LTN scheme was altered in December as planters were adjusted to give emergency services full and unrestricted access to the neighbourhood. https://www.harrow.gov.uk/downloads/file/28586/vaughan-road-ltn-consultation \n\n\"ANPR enforcement i" }, "geometry": { "type": "Point", "coordinates": [ 513865.287053341395222, 188272.562979459704366 ] } },
{ "type": "Feature", "properties": { "ID": 192, "Type": "Through Traffic Restriction Point", "Descriptio": "Experimental Traffic Order. No person shall cause any motor vehicle to proceed in Amhurst Gardens, Teesdale Avenue, and Teesdale Gardens, Isleworth.", "Enforcemen": "Filter-Navigable-ANPR", "Timed_Enfo": "N", "Exemptions": "N", "Exemption_": null, "LGA": "Hounslow", "LTN": "Isleworth", "Implementa": "23/7/2020", "Date_Remov": null, "url": "https://www.hounslow.gov.uk/downloads/file/2784/amhurst_gardens_teesdale_avenue_and_teesdale_gardens_-_tmoe00820", "Notes": null }, "geometry": { "type": "Point", "coordinates": [ 515963.754522189032286, 176538.993916899431497 ] } },
{ "type": "Feature", "properties": { "ID": 193, "Type": "Through Traffic Restriction Point", "Descriptio": "Experimental Traffic Order. No person shall cause any motor vehicle to proceed in Amhurst Gardens, Teesdale Avenue, and Teesdale Gardens, Isleworth.", "Enforcemen": "Filter-Navigable-ANPR", "Timed_Enfo": "N", "Exemptions": "N", "Exemption_": null, "LGA": "Hounslow", "LTN": "Isleworth", "Implementa": "23/7/2020", "Date_Remov": null, "url": "https://www.hounslow.gov.uk/downloads/file/2784/amhurst_gardens_teesdale_avenue_and_teesdale_gardens_-_tmoe00820", "Notes": null }, "geometry": { "type": "Point", "coordinates": [ 516247.395721263310406, 176352.533174914889969 ] } },
{ "type": "Feature", "properties": { "ID": 194, "Type": "Through Traffic Restriction Point", "Descriptio": "Experimental Traffic Order. No person shall cause any motor vehicle to proceed in Amhurst Gardens, Teesdale Avenue, and Teesdale Gardens, Isleworth.", "Enforcemen": "Filter-Navigable-ANPR", "Timed_Enfo": "N", "Exemptions": "N", "Exemption_": null, "LGA": "Hounslow", "LTN": "Isleworth", "Implementa": "23/7/2020", "Date_Remov": null, "url": "https://www.hounslow.gov.uk/downloads/file/2784/amhurst_gardens_teesdale_avenue_and_teesdale_gardens_-_tmoe00820", "Notes": null }, "geometry": { "type": "Point", "coordinates": [ 516269.360795552376658, 176701.95746553997742 ] } },
{ "type": "Feature", "properties": { "ID": 195, "Type": "Through Traffic Restriction Point", "Descriptio": "Experimental Traffic Order. No person shall cause any motor vehicle to proceed in Amhurst Gardens, Teesdale Avenue, and Teesdale Gardens, Isleworth.", "Enforcemen": "Filter-Navigable-ANPR", "Timed_Enfo": "N", "Exemptions": "N", "Exemption_": null, "LGA": "Hounslow", "LTN": "Isleworth", "Implementa": "23/7/2020", "Date_Remov": null, "url": "https://www.hounslow.gov.uk/download/downloads/id/2784/amhurst_gardens_teesdale_avenue_and_teesdale_gardens_-_tmoe00820.pdf", "Notes": null }, "geometry": { "type": "Point", "coordinates": [ 516366.494087879545987, 176747.458965249184985 ] } },
{ "type": "Feature", "properties": { "ID": 196, "Type": "Through Traffic Restriction Point", "Descriptio": "Experimental Traffic Order. No person shall cause any motor vehicle to proceed in Amhurst Gardens, Teesdale Avenue, and Teesdale Gardens, Isleworth.", "Enforcemen": "Filter-Navigable-ANPR", "Timed_Enfo": "N", "Exemptions": "N", "Exemption_": null, "LGA": "Hounslow", "LTN": "Isleworth", "Implementa": "23/7/2020", "Date_Remov": null, "url": "https://www.hounslow.gov.uk/downloads/file/2784/amhurst_gardens_teesdale_avenue_and_teesdale_gardens_-_tmoe00820", "Notes": null }, "geometry": { "type": "Point", "coordinates": [ 516443.246658821066376, 176629.939684589975514 ] } },
{ "type": "Feature", "properties": { "ID": 197, "Type": "Point Filter", "Descriptio": "The general effect of the Order, which comes into effect on 23 July 2020, will be to prohibit motor vehicles, except those requiring access, from proceeding in Burford Road, Green Dragon Lane and Netley Road, Brentford.", "Enforcemen": "Filter-Navigable-ANPR", "Timed_Enfo": "N", "Exemptions": "Y", "Exemption_": "Residents-Street, Businesses, Deliveries", "LGA": "Hounslow", "LTN": "Green Dragon Lane LTN", "Implementa": "23/7/2020", "Date_Remov": null, "url": "https://www.hounslow.gov.uk/download/downloads/id/2783/green_dragon_lane_-_tmoe00720.pdf", "Notes": "Street view: https://goo.gl/maps/Mmdhnf74qPLSNUE6A Exemption notes: the vehicle is being used for the purposes of accessing premises, residential or commercial, that are only accessible from Burford Road, Green Dragon Lane or NetleyRoad; e) the vehicle i" }, "geometry": { "type": "Point", "coordinates": [ 518098.047304240346421, 177916.753613217675593 ] } },
{ "type": "Feature", "properties": { "ID": 198, "Type": "Point Filter", "Descriptio": "The general effect of the Order, which comes into effect on 23 July 2020, will be to prohibit motor vehicles, except those requiring access, from proceeding in Burford Road, Green Dragon Lane and Netley Road, Brentford.", "Enforcemen": "Filter-Navigable-ANPR", "Timed_Enfo": "N", "Exemptions": "Y", "Exemption_": "Residents-Street, Businesses, Deliveries", "LGA": "Hounslow", "LTN": "Green Dragon Lane LTN", "Implementa": "23/7/2020", "Date_Remov": null, "url": "https://www.hounslow.gov.uk/download/downloads/id/2783/green_dragon_lane_-_tmoe00720.pdf", "Notes": "street view: https://goo.gl/maps/VaDiYWqby8ghvKkX9 Exemption notes: the vehicle is being used for the purposes of accessing premises, residential or commercial, that are only accessible from Burford Road, Green Dragon Lane or Netley\nRoad; e) the vehicle" }, "geometry": { "type": "Point", "coordinates": [ 518857.24065001308918, 178030.055840602319222 ] } },
{ "type": "Feature", "properties": { "ID": 199, "Type": "Point Filter", "Descriptio": "The general effect of the Order, which comes into effect on 23 July 2020, will be to prohibit motor vehicles, except those requiring access, from proceeding in Burford Road, GreenDragon Lane and Netley Road, Brentford.", "Enforcemen": "Filter-Navigable-ANPR", "Timed_Enfo": "N", "Exemptions": "Y", "Exemption_": "Residents-Street, Businesses, Deliveries", "LGA": "Hounslow", "LTN": "Green Dragon Lane LTN", "Implementa": "23/7/2020", "Date_Remov": null, "url": "https://www.hounslow.gov.uk/download/downloads/id/2783/green_dragon_lane_-_tmoe00720.pdf", "Notes": null }, "geometry": { "type": "Point", "coordinates": [ 518023.928336090757512, 178053.636783465277404 ] } },
{ "type": "Feature", "properties": { "ID": 200, "Type": "Diverter Filter", "Descriptio": "No person shall cause or permit any vehicle to proceed in the length of Whitestile Road that lies between its junctions with Enfield Road and Junction Road.\n", "Enforcemen": "Filter-Barrier-Planter", "Timed_Enfo": "N", "Exemptions": "N", "Exemption_": null, "LGA": "Hounslow", "LTN": "Junction Road LTN", "Implementa": "6/9/2020", "Date_Remov": null, "url": "https://www.ealing.gov.uk/info/201268/low_traffic_neighbourhoods/2703/junction_road_low_traffic_neighbourhood/1andhttps://www.hounslow.gov.uk/download/downloads/id/2856/challis_road_eastbourne_road_and_whitestile_road_brentford_%E2%80%93_experimental_roa", "Notes": "Google street view:https://goo.gl/maps/BdBXXPjxHtz9cdke9" }, "geometry": { "type": "Point", "coordinates": [ 517590.675789740285836, 178528.352085566904861 ] } },
{ "type": "Feature", "properties": { "ID": 201, "Type": "Point Filter", "Descriptio": "The effect of the experimental order is to prohibit motor vehicles, except goods vehicles travelling in a south-westerly direction, from using Challis Road adjacent to its junction with Clayton Crescent.", "Enforcemen": "Filter-Barrier", "Timed_Enfo": "N", "Exemptions": "N", "Exemption_": null, "LGA": "Hounslow", "LTN": "Junction Road LTN", "Implementa": "6/9/2020", "Date_Remov": null, "url": "https://www.hounslow.gov.uk/download/downloads/id/2856/challis_road_eastbourne_road_and_whitestile_road_brentford_%E2%80%93_experimental_road_closure_and_access_restrictions_-_tmoe03520.pdf", "Notes": "This is a strange one as has a barrier but indicates cameras with exemptions. I guess chance that there is a plan to remove it? But should be checked. This is part of the orignial plan so I have left it as barrier: https://goo.gl/maps/HnHsHz4ZAvZs4mBs7" }, "geometry": { "type": "Point", "coordinates": [ 517652.991094240860548, 178327.746825181064196 ] } },
{ "type": "Feature", "properties": { "ID": 202, "Type": "New Turning Restriction", "Descriptio": "The London Borough of Hounslow has made the decision to implement an experimental traffic order to restrict motor vehicles from turning right from Chestnut Avenue into Clayponds Avenue.", "Enforcemen": "Signage", "Timed_Enfo": "N", "Exemptions": "N", "Exemption_": null, "LGA": "Hounslow", "LTN": "North Brentford LTN", "Implementa": "6/8/2020", "Date_Remov": null, "url": "https://www.hounslow.gov.uk/download/downloads/id/2811/chestnut_avenue_brentford_-_tmoe01220.pdf", "Notes": "Cycles exempt (but not stated under exemptions as the guidance document states to assume cycles are exempt)" }, "geometry": { "type": "Point", "coordinates": [ 518062.332475573930424, 178558.860555866674986 ] } },
{ "type": "Feature", "properties": { "ID": 203, "Type": "Point Filter", "Descriptio": "Occupation Lane (leading into Clayponds Avenue) forms an attractive route, sometimes referred to as a ‚Äòrat run‚Äô, for those looking to access the A4. Closing this road using physical barriers will reduce desirability of this route.", "Enforcemen": "Filter-Barrier-Planter", "Timed_Enfo": "N", "Exemptions": "N", "Exemption_": null, "LGA": "Hounslow", "LTN": "North Brentford LTN", "Implementa": "6/7/2020", "Date_Remov": null, "url": "https://www.hounslow.gov.uk/info/20053/transport/2171/hounslows_streetspace/2", "Notes": "https://www.google.co.uk/maps/@51.496247,-0.3056492,3a,75y,163.17h,88.25t/data=!3m6!1e1!3m4!1sHHAp4o-WdI32ik3mIFsgJg!2e0!7i16384!8i8192" }, "geometry": { "type": "Point", "coordinates": [ 517711.411927031818777, 178833.452207965194248 ] } },
{ "type": "Feature", "properties": { "ID": 204, "Type": "Point Filter", "Descriptio": "Occupation Lane (leading into Clayponds Avenue) forms an attractive route, sometimes referred to as a ‚Äòrat run‚Äô, for those looking to access the A4. Closing this road using physical barriers will reduce desirability of this route.", "Enforcemen": "Filter-Barrier-Planter", "Timed_Enfo": "N", "Exemptions": "N", "Exemption_": null, "LGA": "Hounslow", "LTN": "North Brentford LTN", "Implementa": "6/7/2020", "Date_Remov": null, "url": "https://www.hounslow.gov.uk/info/20053/transport/2171/hounslows_streetspace/2", "Notes": "Google street view:https://goo.gl/maps/4kpskJuap7zspCu57" }, "geometry": { "type": "Point", "coordinates": [ 518008.838489789224695, 178730.080570518912282 ] } },
{ "type": "Feature", "properties": { "ID": 205, "Type": "Point Filter", "Descriptio": "to prohibit motor vehicles from proceeding in the length of Dan Mason Drive between a point 10m southwest of the railway bridge (Network Rail Asset No. Hou 7/9) and its junction with The Promenade", "Enforcemen": "Filter-Barrier-Planter", "Timed_Enfo": "N", "Exemptions": "N", "Exemption_": null, "LGA": "Hounslow", "LTN": "South Chiswick LTN", "Implementa": "22/05/2020", "Date_Remov": null, "url": null, "Notes": "Planters. 14(2) issued due to publishing deadlines.\n" }, "geometry": { "type": "Point", "coordinates": [ 521104.323148786788806, 176520.965045355143957 ] } },
{ "type": "Feature", "properties": { "ID": 206, "Type": "Diverter Filter", "Descriptio": "a) implement a diagonal road closure‚ of Staveley Road at its junction with Park Road. Vehicles will be able to turn left into Park Road or right out of Park Road into Staveley Road at the junction of the two roads. The junction will remain open for cy", "Enforcemen": "Filter-Barrier", "Timed_Enfo": "N", "Exemptions": "N", "Exemption_": null, "LGA": "Hounslow", "LTN": "South Chiswick LTN", "Implementa": "3/9/2020", "Date_Remov": null, "url": "https://www.hounslow.gov.uk/download/downloads/id/2863/staveley_road_park_road_and_lawford_road_%E2%80%93_experimental_road_closure_and_banned_turn_restrictions_-_tmoe03620.pdf", "Notes": null }, "geometry": { "type": "Point", "coordinates": [ 520459.892714090296067, 177511.193463038711343 ] } },
{ "type": "Feature", "properties": { "ID": 207, "Type": "New Turning Restriction", "Descriptio": "This Order imposes a no-entry restriction on Harvard Hill 10 metres south of its junction with Great West Road (A4) to all northbound vehicles except pedal cycles.", "Enforcemen": "Filter-Barrier", "Timed_Enfo": "N", "Exemptions": "N", "Exemption_": null, "LGA": "Hounslow", "LTN": "South Chiswick LTN", "Implementa": "06/08/2020", "Date_Remov": null, "url": null, "Notes": "NB - Vehicles can still travel southbound (i.e. they can turn south into Harvard Hill, but not north out of Harvard Hill) Street view picture of filters:https://goo.gl/maps/JEyot9sxbLThH9P47" }, "geometry": { "type": "Point", "coordinates": [ 519953.897126259107608, 178004.835873609641567 ] } },
{ "type": "Feature", "properties": { "ID": 208, "Type": "Point Filter", "Descriptio": "Ban all vehicles except pedal cycles from proceeding on Wellesley Road between its junction with Chiswick High Road and a point 8.3 metres west of the extended eastern building line of No. 148 Wellesley Road;", "Enforcemen": "Filter-Barrier-Planter", "Timed_Enfo": "N", "Exemptions": "N", "Exemption_": null, "LGA": "Hounslow", "LTN": "South Chiswick LTN", "Implementa": "06/04/2020", "Date_Remov": null, "url": "https://www.thegazette.co.uk/notice/3394872", "Notes": "Using TfL TTRO & TMO https://www.hounslow.gov.uk/info/20053/transport/2171/hounslows_streetspace/2" }, "geometry": { "type": "Point", "coordinates": [ 519149.369660102704074, 178185.652427576016635 ] } },
{ "type": "Feature", "properties": { "ID": 209, "Type": "New Turning Restriction", "Descriptio": "Ban all vehicles from proceeding north-westbound on Stile Hall Gardens between Chiswick High Road and a point 4.3 metres southeast of the north-western building line of No.10 Stile Hall Parade, Chiswick High Road;", "Enforcemen": "Barrier", "Timed_Enfo": "N", "Exemptions": "N", "Exemption_": null, "LGA": "Hounslow", "LTN": "South Chiswick LTN", "Implementa": "6/4/2020", "Date_Remov": null, "url": "https://www.thegazette.co.uk/notice/3394872", "Notes": "https://www.hounslow.gov.uk/info/20053/transport/2171/hounslows_streetspace/2\n\nStreet view shows physical barriers:https://goo.gl/maps/bFa1SLhFnz1JMprZ9 unclear if this is the long term mode of enforcement or just a temporary measure. Insufficient info t" }, "geometry": { "type": "Point", "coordinates": [ 519095.979593374591786, 178137.392211381986272 ] } },
{ "type": "Feature", "properties": { "ID": 210, "Type": "Through Traffic Restriction Point", "Descriptio": "Experimental Traffic Order. No person shall cause any motor vehicle to proceed in Amhurst Gardens, Teesdale Avenue, and Teesdale Gardens, Isleworth.", "Enforcemen": "Filter-Navigable-ANPR", "Timed_Enfo": "N", "Exemptions": "N", "Exemption_": null, "LGA": "Hounslow", "LTN": "Isleworth", "Implementa": "23/7/2020", "Date_Remov": null, "url": "https://www.hounslow.gov.uk/downloads/file/2784/amhurst_gardens_teesdale_avenue_and_teesdale_gardens_-_tmoe00820", "Notes": "Actually slightly unclear how this scheme works, does it just issue penalty for through travel and anyone is allowed access, or does it mean only permits are allowed access." }, "geometry": { "type": "Point", "coordinates": [ 516386.850760371773504, 176549.986314627283718 ] } },
{ "type": "Feature", "properties": { "ID": 211, "Type": "New Access Restriction", "Descriptio": "Prohibit motor vehicles, except those requiring access, from proceeding in Turnham Green Terrace between its junctions with Bath Road, Chiswick and Chiswick High Road", "Enforcemen": "Filter-Navigable-ANPR", "Timed_Enfo": "N", "Exemptions": "Y", "Exemption_": "Bus,Local Taxi, Resident- street, Commercial-street, Disabled badge holders", "LGA": "Hounslow", "LTN": "North Chiswick", "Implementa": "9/7/2020", "Date_Remov": "17/05/2021", "url": "https://lbhounslow.sharepoint.com/sites/InternetLinks/cc/Shared%20Documents/Forms/AllItems.aspx?originalPath=aHR0cHM6Ly9sYmhvdW5zbG93LnNoYXJlcG9pbnQuY29tLzpmOi9zL0ludGVybmV0TGlua3MvY2MvRXN5NWEzY3FaeE5CdkhqLTJTNTV5RWtCcUxOVklVVzhoOXpwemEtYjJWdHlLUT9ydGltZ", "Notes": "Street view: https://goo.gl/maps/X7qUSLSU2i63DznAA" }, "geometry": { "type": "Point", "coordinates": [ 521215.112858481239527, 178835.48260668158764 ] } },
{ "type": "Feature", "properties": { "ID": 212, "Type": "New Access Restriction", "Descriptio": "prohibit motor vehicles, except those requiring access, from proceeding in Devonshire Road between its junctions with Chiswick High Road and Glebe Stree", "Enforcemen": "Filter-Navigable-ANPR", "Timed_Enfo": "Y", "Exemptions": "Y", "Exemption_": "Residents- street, Commercial- street, Taxi- street, Deliveries- street", "LGA": "Hounslow", "LTN": "Devonshire", "Implementa": "9/7/2020", "Date_Remov": null, "url": "https://lbhounslow.sharepoint.com/sites/InternetLinks/cc/Shared%20Documents/Forms/AllItems.aspx?originalPath=aHR0cHM6Ly9sYmhvdW5zbG93LnNoYXJlcG9pbnQuY29tLzpmOi9zL0ludGVybmV0TGlua3MvY2MvRXJCeHVBOHVWTlJJZ3JFSVN3OE9kTzBCVzRiOU5wTjJWLWVrN0JxeVhCUlZCdz9ydGltZ", "Notes": "Timed and open 8-5 each day as of June 27th 2021" }, "geometry": { "type": "Point", "coordinates": [ 521159.848105633049272, 178513.313175585702993 ] } },
{ "type": "Feature", "properties": { "ID": 213, "Type": "New Access Restriction", "Descriptio": "prohibit motor vehicles, except those requiring access, from proceeding in Devonshire Road between its junctions with Chiswick High Road and Glebe Street", "Enforcemen": "Filter-Navigable-ANPR", "Timed_Enfo": "Y", "Exemptions": "Y", "Exemption_": "Residents- street, Commercial- street, Taxi- street, Deliveries- street", "LGA": "Hounslow", "LTN": "Devonshire", "Implementa": "9/7/2020", "Date_Remov": null, "url": "https://lbhounslow.sharepoint.com/sites/InternetLinks/cc/Shared%20Documents/Forms/AllItems.aspx?originalPath=aHR0cHM6Ly9sYmhvdW5zbG93LnNoYXJlcG9pbnQuY29tLzpmOi9zL0ludGVybmV0TGlua3MvY2MvRXJCeHVBOHVWTlJJZ3JFSVN3OE9kTzBCVzRiOU5wTjJWLWVrN0JxeVhCUlZCdz9ydGltZ", "Notes": "Timed and open 8-5 each day as of June 27th 2021" }, "geometry": { "type": "Point", "coordinates": [ 521173.016826859558932, 178459.105539211537689 ] } },
{ "type": "Feature", "properties": { "ID": 214, "Type": "New Access Restriction", "Descriptio": "Closure Fishers Lane between South Parade and Chiswick Common Lane to all motor vehicles except local buses and emergency service vehicle", "Enforcemen": "Filter-Navigable-ANPR", "Timed_Enfo": "N", "Exemptions": "Y", "Exemption_": "Bus", "LGA": "Hounslow", "LTN": "North Chiswick", "Implementa": "31/7/2020", "Date_Remov": null, "url": null, "Notes": null }, "geometry": { "type": "Point", "coordinates": [ 520908.043408362020273, 178502.425573298009112 ] } },
{ "type": "Feature", "properties": { "ID": 215, "Type": "New Access Restriction", "Descriptio": "prohibit motor vehicles, except those requiring access, from proceeding in Turnham Green Terrace between its junctions with Bath Road, Chiswick and Chiswick High Road;", "Enforcemen": "Filter-Navigable-ANPR", "Timed_Enfo": "N", "Exemptions": "Y", "Exemption_": "Bus\nLocal Taxi\nResident- street\nCommercial-street\nDisabled badge holders", "LGA": "Hounslow", "LTN": "North Chiswick", "Implementa": "9/7/2020", "Date_Remov": "17/05/2021", "url": "https://lbhounslow.sharepoint.com/sites/InternetLinks/cc/Shared%20Documents/Forms/AllItems.aspx?originalPath=aHR0cHM6Ly9sYmhvdW5zbG93LnNoYXJlcG9pbnQuY29tLzpmOi9zL0ludGVybmV0TGlua3MvY2MvRXN5NWEzY3FaeE5CdkhqLTJTNTV5RWtCcUxOVklVVzhoOXpwemEtYjJWdHlLUT9ydGltZ", "Notes": "street viewhttps://goo.gl/maps/B1kGXisZ3ykqMYVA9" }, "geometry": { "type": "Point", "coordinates": [ 521219.424580653838348, 178538.288106721360236 ] } },
{ "type": "Feature", "properties": { "ID": 216, "Type": "Point Filter", "Descriptio": "Experimental Traffic Order. The traffic filter on Dove Road stops through-traffic from using Dove Road as a short\ncut between Essex Road and Southgate Road. ‚ÄØ‚ÄØ", "Enforcemen": "Filter-Navigable-ANPR", "Timed_Enfo": "N", "Exemptions": "Y", "Exemption_": "Bus", "LGA": "Islington", "LTN": "Canonbury East", "Implementa": "27/7/2020", "Date_Remov": null, "url": "https://www.islington.gov.uk/roads/people-friendly-streets", "Notes": null }, "geometry": { "type": "Point", "coordinates": [ 532837.887936174403876, 184759.346907856408507 ] } },
{ "type": "Feature", "properties": { "ID": 217, "Type": "Point Filter", "Descriptio": "Experimental Traffic Order. The traffic filter on Ockendon Road stops through-traffic from using Ockendon Road\nas a short cut between Essex Road and Southgate Road.", "Enforcemen": "Filter-Navigable-ANPR", "Timed_Enfo": "N", "Exemptions": "N", "Exemption_": null, "LGA": "Islington", "LTN": "Canonbury East", "Implementa": "27/7/2020", "Date_Remov": null, "url": "https://www.islington.gov.uk/-/media/sharepoint-lists/public-records/communications/information/adviceandinformation/20202021/20200918canonburyeast.pdf?la=en&hash=A4D5D72B65F654557CFF94FA59AA8F8DDCF26D3B", "Notes": null }, "geometry": { "type": "Point", "coordinates": [ 532901.168972870567814, 184515.409164108161349 ] } },
{ "type": "Feature", "properties": { "ID": 218, "Type": "Point Filter", "Descriptio": "Experimental Traffic Order. The traffic filter on Englefield Road stops through-traffic from using Englefield Road\nas a short cut between Essex Road and Southgate Road.", "Enforcemen": "Filter-Navigable-ANPR", "Timed_Enfo": "N", "Exemptions": "N", "Exemption_": null, "LGA": "Islington", "LTN": "Canonbury East", "Implementa": "27/7/2020", "Date_Remov": null, "url": "https://www.islington.gov.uk/roads/people-friendly-streets", "Notes": null }, "geometry": { "type": "Point", "coordinates": [ 532596.770307735423557, 184499.436814590531867 ] } },
{ "type": "Feature", "properties": { "ID": 219, "Type": "Point Filter", "Descriptio": "Experimental Traffic Order. The filter on Henshall Street stops through-traffic from using Wakeham Street, Dove\nRoad and Henshall Street as a cut-through between Balls Pond Road and Essex\nRoad.", "Enforcemen": "Filter-Barrier-Bollard", "Timed_Enfo": "N", "Exemptions": "N", "Exemption_": null, "LGA": "Islington", "LTN": "Canonbury East", "Implementa": "27/7/2020", "Date_Remov": null, "url": "https://www.islington.gov.uk/-/media/sharepoint-lists/public-records/communications/information/adviceandinformation/20202021/20200918canonburyeast.pdf?la=en&hash=A4D5D72B65F654557CFF94FA59AA8F8DDCF26D3B", "Notes": "The filter uses bollards to stop people driving through and has a central removable\nbollard to allow emergency services through.\n" }, "geometry": { "type": "Point", "coordinates": [ 532829.334689982933924, 184783.938430429669097 ] } },
{ "type": "Feature", "properties": { "ID": 220, "Type": "Point Filter", "Descriptio": "Experimental Traffic Order. The traffic filter on Northchurch Road stops through-traffic from using Northchurch\nRoad, Oakley Road, Englefield Road and Crowland Terrace as a short cut between\nEssex Road and Southgate Road.", "Enforcemen": "Filter-Navigable-ANPR", "Timed_Enfo": "N", "Exemptions": "N", "Exemption_": null, "LGA": "Islington", "LTN": "Canonbury East", "Implementa": "27/7/2020", "Date_Remov": null, "url": "https://www.islington.gov.uk/roads/people-friendly-streets", "Notes": null }, "geometry": { "type": "Point", "coordinates": [ 532559.93457641324494, 184382.187898876669351 ] } },
{ "type": "Feature", "properties": { "ID": 221, "Type": "Point Filter", "Descriptio": "Experimental Traffic Order. The traffic filter on Elmore Street stops through-traffic from using Ecclesbourne\nRoad, Elizabeth Avenue and Elmore Street as a short cut between Essex Road and\nNew North Road.", "Enforcemen": "Filter-Barrier-Bollard", "Timed_Enfo": "N", "Exemptions": "N", "Exemption_": null, "LGA": "Islington", "LTN": "Canonbury East", "Implementa": "27/7/2020", "Date_Remov": null, "url": "https://www.islington.gov.uk/roads/people-friendly-streets", "Notes": "The filter uses bollards to stop people driving through and has a central removable bollard to allow emergency services through.\n" }, "geometry": { "type": "Point", "coordinates": [ 532517.374384666676633, 184327.328851874335669 ] } },
{ "type": "Feature", "properties": { "ID": 222, "Type": "Point Filter", "Descriptio": "Experimental Traffic Order. The filter on Cleveland Road stops through-traffic from using Northchurch Road,\nElmore Street, Elizabeth Avenue and Ecclesbourne Road as a cut-through between\nNew North Road and Southgate Road.", "Enforcemen": "Filter-Barrier-Bollard", "Timed_Enfo": "N", "Exemptions": "N", "Exemption_": null, "LGA": "Islington", "LTN": "Canonbury East", "Implementa": "27/7/2020", "Date_Remov": null, "url": "https://www.islington.gov.uk/roads/people-friendly-streets", "Notes": "The filter uses bollards to stop people driving through and has a central removable bollard to allow emergency services through." }, "geometry": { "type": "Point", "coordinates": [ 532818.983999389573, 184246.075995656545274 ] } },
{ "type": "Feature", "properties": { "ID": 223, "Type": "Point Filter", "Descriptio": "Experimental Traffic Order. The filter on Halliford Street stops through-traffic from using Halliford Street,\nEcclesbourne Road and Elizabeth Avenue as a cut-through between New North Road\nand Essex Road.\n", "Enforcemen": "Filter-Navigable-ANPR", "Timed_Enfo": "N", "Exemptions": "N", "Exemption_": null, "LGA": "Islington", "LTN": "Canonbury East", "Implementa": "27/7/2020", "Date_Remov": null, "url": "https://www.islington.gov.uk/roads/people-friendly-streets", "Notes": null }, "geometry": { "type": "Point", "coordinates": [ 532440.809206429403275, 184245.988764184934553 ] } },
{ "type": "Feature", "properties": { "ID": 224, "Type": "Point Filter", "Descriptio": "Experimental Traffic Order. The traffic filter on Downham Road stops through-traffic from using Downham Road,\nHalliford Street, Sherborne Street, Shepperton Road, Elizabeth Avenue and\nEcclesbourne Road as a short cut between Southgate Road and New North", "Enforcemen": "Filter-Navigable-ANPR", "Timed_Enfo": "N", "Exemptions": "Y", "Exemption_": "Bus", "LGA": "Islington", "LTN": "Canonbury East", "Implementa": "27/7/2020", "Date_Remov": null, "url": "https://www.islington.gov.uk/roads/people-friendly-streets", "Notes": null }, "geometry": { "type": "Point", "coordinates": [ 532825.599346788716502, 184027.696139559906442 ] } },
{ "type": "Feature", "properties": { "ID": 225, "Type": "Point Filter", "Descriptio": "Experimental Traffic Order. The filter on Shepperton Road stops through-traffic from using Shepperton Road and\nRotherfield Street as a cut-through between Southgate Road and New North Road.\n", "Enforcemen": "Filter-Barrier-Bollard", "Timed_Enfo": "N", "Exemptions": "N", "Exemption_": null, "LGA": "Islington", "LTN": "Canonbury East", "Implementa": "27/7/2020", "Date_Remov": null, "url": "https://www.islington.gov.uk/roads/people-friendly-streets", "Notes": "The filter uses bollards to stop people driving through and has a central removable\nbollard to allow emergency services through.\n\nTo improve vehicular access, the existing one-way system at Shepperton Road and\nRotherfield Street will be made two-way." }, "geometry": { "type": "Point", "coordinates": [ 532756.538293793331832, 183802.663398682547268 ] } },
{ "type": "Feature", "properties": { "ID": 226, "Type": "Point Filter", "Descriptio": "Experimental Traffic Order. The filter on Canonbury Place stops through-traffic from using Canonbury Square, Alwyne Villas, Compton Road, Grange Grove and Canonbury Park North as a cutthrough between Canonbury Road and St Paul‚Äôs Road.\nThe restricti", "Enforcemen": "Filter-Navigable-ANPR", "Timed_Enfo": "N", "Exemptions": "N", "Exemption_": null, "LGA": "Islington", "LTN": "Canonbury West", "Implementa": "5/10/2020", "Date_Remov": null, "url": "https://www.islington.gov.uk/roads/people-friendly-streets", "Notes": "OCTOBER (not Mar-Sep implementation)" }, "geometry": { "type": "Point", "coordinates": [ 531920.452538884244859, 184510.41475605557207 ] } },
{ "type": "Feature", "properties": { "ID": 227, "Type": "Point Filter", "Descriptio": "Experimental Traffic Order. The traffic filter on Clephane Road stops through-traffic from using Clephane Road,\nNightingale Road, Arran Walk and Canonbury Grove as a short cut between St Paul‚Äôs\nRoad and Essex Road/ Canonbury Road.", "Enforcemen": "Filter-Navigable-ANPR", "Timed_Enfo": "N", "Exemptions": "N", "Exemption_": null, "LGA": "Islington", "LTN": "Canonbury West", "Implementa": "5/10/2020", "Date_Remov": null, "url": "https://www.islington.gov.uk/roads/people-friendly-streets", "Notes": "OCTOBER (not Mar-Sep implementation). Implementation delayed from September, info here:https://www.islington.gov.uk/~/media/sharepoint-lists/public-records/transportandinfrastructure/information/adviceandinformation/20202021/20201002canonburywestupdatedl" }, "geometry": { "type": "Point", "coordinates": [ 532488.731165207456797, 184709.604452696221415 ] } },
{ "type": "Feature", "properties": { "ID": 228, "Type": "Point Filter", "Descriptio": "Experimental Traffic Order. The traffic filter on Ramsey Walk stops through-traffic from using Ramsey Walk,\nClephane Road, Nightingale Road, Arran Walk and Canonbury Grove as a short cut\nbetween St Paul‚Äôs Road and Essex Road/ Canonbury Road.\n", "Enforcemen": "Filter-Navigable-ANPR", "Timed_Enfo": "N", "Exemptions": "N", "Exemption_": null, "LGA": "Islington", "LTN": "Canonbury West", "Implementa": "5/10/2020", "Date_Remov": null, "url": "https://www.islington.gov.uk/roads/people-friendly-streets", "Notes": "OCTOBER (not Mar-Sep implementation)" }, "geometry": { "type": "Point", "coordinates": [ 532535.475399777642451, 184667.870918903208803 ] } },
{ "type": "Feature", "properties": { "ID": 229, "Type": "Point Filter", "Descriptio": "Experimental Traffic Order. The traffic filter on Alwyne Road stops through-traffic from using Alwyne Road,\nAlwyne Place, Willow Bridge Road, Compton Road, Grange Grove and Canonbury\nPark North as a short cut between Canonbury Road and St Paul‚Äôs Ro", "Enforcemen": "Filter-Navigable-ANPR", "Timed_Enfo": "N", "Exemptions": "N", "Exemption_": null, "LGA": "Islington", "LTN": "Canonbury West", "Implementa": "5/10/2020", "Date_Remov": null, "url": "https://www.islington.gov.uk/-/media/sharepoint-lists/public-records/transportandinfrastructure/information/adviceandinformation/20202021/20201001canonburywestpfsfurtherinformation.pdf?la=en&hash=B6954EF1660F9347B7FDAEF066134579A206022E", "Notes": "OCTOBER (not Mar-Sep implementation). This may be a change that happened in the implementation delay from September? Some details here:https://www.islington.gov.uk/~/media/sharepoint-lists/public-records/transportandinfrastructure/information/adviceandin" }, "geometry": { "type": "Point", "coordinates": [ 532014.414872586727142, 184348.198219239595346 ] } },
{ "type": "Feature", "properties": { "ID": 230, "Type": "Point Filter", "Descriptio": "Experimental Traffic Order. The traffic filter at Clerkenwell Green where it meets Aylesbury Street stops\ntraffic using Aylesbury Street and Clerkenwell Green as an east to west\nbypass. People will still be able to walk or cycle through the filter.", "Enforcemen": "Filter-Barrier-Bollard", "Timed_Enfo": "N", "Exemptions": "N", "Exemption_": null, "LGA": "Islington", "LTN": "Clerkenwell Green", "Implementa": "Sep-20", "Date_Remov": null, "url": "https://www.islington.gov.uk/roads/people-friendly-streets", "Notes": "A collapsible bollard will be provided at each closure point to allow London Fire Brigade access." }, "geometry": { "type": "Point", "coordinates": [ 531576.465346303302795, 182154.852826752816327 ] } },
{ "type": "Feature", "properties": { "ID": 231, "Type": "Point Filter", "Descriptio": "Experimental Traffic Order. The traffic filters at Sans Walk Street stops traffic using St. James‚Äô Walk, Sans Walk, and Clerkenwell Close as an east to west bypass. People will still be\nable to walk or cycle through the filters, making Sans Walk be", "Enforcemen": "Filter-Barrier-Bollard", "Timed_Enfo": "N", "Exemptions": "N", "Exemption_": null, "LGA": "Islington", "LTN": "Clerkenwell Green", "Implementa": "Sep-20", "Date_Remov": null, "url": "https://www.islington.gov.uk/roads/people-friendly-streets", "Notes": "This filter consists of 2 filters at either end of street:https://www.islington.gov.uk/~/media/sharepoint-lists/public-records/transportandinfrastructure/publicity/publicconsultation/20202021/20201222pfsclerkenwellgreenpdf.pdf A collapsible bollard will" }, "geometry": { "type": "Point", "coordinates": [ 531478.125636451062746, 182281.544909594696946 ] } },
{ "type": "Feature", "properties": { "ID": 232, "Type": "Point Filter", "Descriptio": "Experimental Traffic Order", "Enforcemen": "Filter-Navigable-ANPR", "Timed_Enfo": "N", "Exemptions": "Y", "Exemption_": "Bus", "LGA": "Islington", "LTN": "Clerkenwell Green", "Implementa": "Sep-20", "Date_Remov": null, "url": "https://www.islington.gov.uk/~/media/sharepoint-lists/public-records/transportandinfrastructure/publicity/publicconsultation/20202021/20201222pfsclerkenwellgreenpdf.pdf", "Notes": "Signs at both ends of Corporation Row indicate that only buses and cycles are allowed through. In line with the new ETO, advertised on 8 January 2021, these new signs will replace the ‚Äòbus and cycle only signs‚Äô installed in September 2020." }, "geometry": { "type": "Point", "coordinates": [ 531500.112932915915735, 182420.054133101890329 ] } },
{ "type": "Feature", "properties": { "ID": 233, "Type": "Point Filter", "Descriptio": "Experimental Traffic Order. The traffic filter at the junction of Corporation Row with Clerkenwell Close stops\nthrough-traffic from using Corporation Row in both directions to cut between\nFarringdon Road and St. John Street, via Skinner Street.", "Enforcemen": "Filter-Navigable-ANPR", "Timed_Enfo": "N", "Exemptions": "Y", "Exemption_": "Bus", "LGA": "Islington", "LTN": "Clerkenwell Green", "Implementa": "Sep-20", "Date_Remov": null, "url": "https://www.islington.gov.uk/roads/people-friendly-streets", "Notes": null }, "geometry": { "type": "Point", "coordinates": [ 531441.491362166358158, 182367.794218693918083 ] } },
{ "type": "Feature", "properties": { "ID": 234, "Type": "Point Filter", "Descriptio": "Experimental Traffic Order. The traffic filters at Sans Walk Street stops traffic using St. James‚Äô Walk, Sans Walk, and Clerkenwell Close as an east to west bypass. People will still be\nable to walk or cycle through the filters, making Sans Walk be", "Enforcemen": "Filter-Barrier-Bollard", "Timed_Enfo": "N", "Exemptions": "N", "Exemption_": null, "LGA": "Islington", "LTN": "Clerkenwell Green", "Implementa": "Sep-20", "Date_Remov": null, "url": null, "Notes": "This filter consists of 2 filters at either end of street: https://www.islington.gov.uk/~/media/sharepoint-lists/public-records/transportandinfrastructure/publicity/publicconsultation/20202021/20201222pfsclerkenwellgreenpdf.pdf A collapsible bollard will" }, "geometry": { "type": "Point", "coordinates": [ 531514.464803773211315, 182307.022338114387821 ] } },
{ "type": "Feature", "properties": { "ID": 235, "Type": "Point Filter", "Descriptio": "Experimental Traffic Order. The traffic filter on Prebend Street stops through-traffic from using Prebend Street,\nRheidol Terrace, Danbury Street and St Peter‚Äôs Street as a short cut between New\nNorth Road and Essex Road/Upper Street and City Road.", "Enforcemen": "Filter-Navigable-ANPR", "Timed_Enfo": "N", "Exemptions": "Y", "Exemption_": "Bus", "LGA": "Islington", "LTN": "St. Peters LTN", "Implementa": "3/7/2020", "Date_Remov": null, "url": "https://www.islington.gov.uk/roads/people-friendly-streets/st-peters", "Notes": null }, "geometry": { "type": "Point", "coordinates": [ 532161.538543973118067, 183698.563397994905245 ] } },
{ "type": "Feature", "properties": { "ID": 236, "Type": "Point Filter", "Descriptio": "Experimental Traffic Order.The filter on Wharf Road stops through-traffic from using St Peter‚Äôs Street as a cutthrough between Essex Road/Upper Street and City Road.", "Enforcemen": "Filter-Navigable-ANPR", "Timed_Enfo": "N", "Exemptions": "N", "Exemption_": null, "LGA": "Islington", "LTN": "St. Peters LTN", "Implementa": "3/7/2020", "Date_Remov": null, "url": "https://www.islington.gov.uk/roads/people-friendly-streets/st-peters", "Notes": null }, "geometry": { "type": "Point", "coordinates": [ 532097.054486860404722, 183272.245919271023013 ] } },
{ "type": "Feature", "properties": { "ID": 237, "Type": "Point Filter", "Descriptio": "Experimental Traffic Order. The filter on Danbury Street stops through-traffic from using Danbury Street as a\nshort cut between Essex Road/Upper Street, New North Road and City Road.", "Enforcemen": "Filter-Barrier-Bollard", "Timed_Enfo": "N", "Exemptions": "N", "Exemption_": null, "LGA": "Islington", "LTN": "St. Peters LTN", "Implementa": "3/7/2020", "Date_Remov": null, "url": "https://www.islington.gov.uk/-/media/sharepoint-lists/public-records/transportandinfrastructure/information/adviceandinformation/20202021/20201124pfsstpeters161120pdf.pdf?la=en&hash=AD8F482D94EA405819F72A4EA3146E3C54B5610F", "Notes": "‚ÄòNo Entry‚Äô signs indicating that motor vehicles are prohibited from passing through\nare on both sides of the filter. The ‚ÄòNo Entry‚Äô signs have ‚ÄòExcept Cycles‚Äô plates which\nallow cycles to pass through this filter." }, "geometry": { "type": "Point", "coordinates": [ 531874.545305884559639, 183259.007277471362613 ] } },
{ "type": "Feature", "properties": { "ID": 238, "Type": "Point Filter", "Descriptio": "Experimental Traffic Order. The traffic filter on Colebrooke Row stops through-traffic from using Colebrooke Row\nas a short cut between Essex Road/Upper Street, New North Road and City Road.", "Enforcemen": "Filter-Navigable-ANPR", "Timed_Enfo": "N", "Exemptions": "N", "Exemption_": null, "LGA": "Islington", "LTN": "St. Peters LTN", "Implementa": "3/7/2020", "Date_Remov": null, "url": "https://www.islington.gov.uk/roads/people-friendly-streets", "Notes": null }, "geometry": { "type": "Point", "coordinates": [ 531674.125086766318418, 183290.528578760742676 ] } },
{ "type": "Feature", "properties": { "ID": 239, "Type": "Point filter", "Descriptio": "Experimental Traffic Order", "Enforcemen": "Filter-Barrier-Bollard", "Timed_Enfo": "N", "Exemptions": "N", "Exemption_": null, "LGA": "Kingston", "LTN": "Kingston Town Centre - Albert Rd", "Implementa": "07-Sep-20", "Date_Remov": null, "url": "https://www.kingston.gov.uk/info/200197/sustainable_transport/1830/low_traffic_neighbourhoods", "Notes": "Street view: https://goo.gl/maps/FtzPsgmoxJZf9i4RA Albert Road is regularly used as a shortcut by motorists trying to avoid the main road junction with Cambridge Road. A planter has been installed at the Albert Road/Hawks Road junction to make this resid" }, "geometry": { "type": "Point", "coordinates": [ 518744.691302796592936, 169061.467249454988632 ] } },
{ "type": "Feature", "properties": { "ID": 240, "Type": "Point filter", "Descriptio": "Experimental Traffic Order", "Enforcemen": "Filter-Barrier-Planter", "Timed_Enfo": "N", "Exemptions": "N", "Exemption_": null, "LGA": "Kingston", "LTN": "Kingston Town Centre - Lower Ham Rd", "Implementa": "07-Sep-20", "Date_Remov": null, "url": "https://www.kingston.gov.uk/info/200197/sustainable_transport/1830/low_traffic_neighbourhoods", "Notes": "https://www.kingston.gov.uk/sustainable-transport-safer-greener-healthier-travel/low-traffic-neighbourhoods/1Paths and roads are narrow in this area and traffic congestion is common. A planter has been installed on Lower Ham Road (between Woodside Road a" }, "geometry": { "type": "Point", "coordinates": [ 517996.848520271189045, 170256.223264970816672 ] } },
{ "type": "Feature", "properties": { "ID": 241, "Type": "Point filter", "Descriptio": "Experimental Traffic Order", "Enforcemen": "Filter-Barrier-Planter", "Timed_Enfo": "N", "Exemptions": "N", "Exemption_": null, "LGA": "Kingston", "LTN": "Surbiton - King Charles Rd", "Implementa": "14-Sep-20", "Date_Remov": null, "url": "https://www.kingston.gov.uk/info/200197/sustainable_transport/1830/low_traffic_neighbourhoods", "Notes": "https://www.kingston.gov.uk/sustainable-transport-safer-greener-healthier-travel/low-traffic-neighbourhoods/1 A barrier has been installed on King Charles Road (between Hollyfield Road and Beaconsfield Road) to prevent the road being used as a through-ro" }, "geometry": { "type": "Point", "coordinates": [ 519011.231885704386514, 166651.353466175263748 ] } },
{ "type": "Feature", "properties": { "ID": 242, "Type": "New Access Restriction", "Descriptio": "Experiment Traffic Order", "Enforcemen": "Filter-Navigable-Signage", "Timed_Enfo": "N", "Exemptions": "N", "Exemption_": null, "LGA": "Lambeth", "LTN": "Ferndale LTN", "Implementa": "Jun-20", "Date_Remov": null, "url": "https://fdstreets.commonplace.is/about", "Notes": null }, "geometry": { "type": "Point", "coordinates": [ 530059.483933783019893, 175386.380111286358442 ] } },
{ "type": "Feature", "properties": { "ID": 243, "Type": "Point Filter", "Descriptio": "Experimental Traffic Order", "Enforcemen": "Filter-Navigable-ANPR", "Timed_Enfo": "N", "Exemptions": "N", "Exemption_": null, "LGA": "Lambeth", "LTN": "Ferndale LTN", "Implementa": "Jun-20", "Date_Remov": null, "url": "https://fdstreets.commonplace.is/about", "Notes": null }, "geometry": { "type": "Point", "coordinates": [ 530443.990616509690881, 175376.187455023871735 ] } },
{ "type": "Feature", "properties": { "ID": 244, "Type": "Point Filter", "Descriptio": "Experimental Traffic Order", "Enforcemen": "Filter-Navigable-ANPR", "Timed_Enfo": "N", "Exemptions": "N", "Exemption_": null, "LGA": "Lambeth", "LTN": "Ferndale LTN", "Implementa": "Jun-20", "Date_Remov": null, "url": "https://fdstreets.commonplace.is/about", "Notes": null }, "geometry": { "type": "Point", "coordinates": [ 530837.653305859654211, 175591.370329389581457 ] } },
{ "type": "Feature", "properties": { "ID": 245, "Type": "Point Filter", "Descriptio": "Experimental Traffic Order", "Enforcemen": "Filter-Navigable-ANPR", "Timed_Enfo": "N", "Exemptions": "N", "Exemption_": null, "LGA": "Lambeth", "LTN": "Ferndale LTN", "Implementa": "Jun-20", "Date_Remov": null, "url": "https://fdstreets.commonplace.is/about", "Notes": null }, "geometry": { "type": "Point", "coordinates": [ 530559.631232169689611, 175288.984905656776391 ] } },
{ "type": "Feature", "properties": { "ID": 246, "Type": "Point Filter", "Descriptio": "Experimental Traffic Order", "Enforcemen": "Filter-Navigable-ANPR", "Timed_Enfo": "N", "Exemptions": "N", "Exemption_": null, "LGA": "Lambeth", "LTN": "Oval Triangle LTN", "Implementa": "28/9/2020", "Date_Remov": null, "url": "https://www.lambeth.gov.uk/better-fairer-lambeth/project/oval-triangle-low-traffic-neighbourhood-temporary-scheme", "Notes": "https://goo.gl/maps/ZwwXyZNGyKMFhT887" }, "geometry": { "type": "Point", "coordinates": [ 530719.719630666892044, 177008.556640962488018 ] } },
{ "type": "Feature", "properties": { "ID": 247, "Type": "Point Filter", "Descriptio": "Experimental Traffic Order", "Enforcemen": "Filter-Navigable-ANPR", "Timed_Enfo": "N", "Exemptions": "N", "Exemption_": null, "LGA": "Lambeth", "LTN": "Oval Triangle LTN", "Implementa": "28/9/2020", "Date_Remov": null, "url": "https://www.lambeth.gov.uk/better-fairer-lambeth/project/oval-triangle-low-traffic-neighbourhood-temporary-scheme", "Notes": null }, "geometry": { "type": "Point", "coordinates": [ 530860.734947236021981, 177156.172624792903662 ] } },
{ "type": "Feature", "properties": { "ID": 248, "Type": "Point Filter", "Descriptio": "Experimental Traffic Order", "Enforcemen": "Filter-Barrier-Planter", "Timed_Enfo": "N", "Exemptions": "N", "Exemption_": null, "LGA": "Lambeth", "LTN": "Oval Triangle LTN", "Implementa": "28/9/2020", "Date_Remov": null, "url": "https://www.lambeth.gov.uk/better-fairer-lambeth/project/oval-triangle-low-traffic-neighbourhood-temporary-scheme", "Notes": "https://goo.gl/maps/moCu4t4rhoYNpH5v9" }, "geometry": { "type": "Point", "coordinates": [ 530916.435784481815062, 177243.622060210909694 ] } },
{ "type": "Feature", "properties": { "ID": 249, "Type": "Point Filter", "Descriptio": "Experimental Traffic Order", "Enforcemen": "Filter-Navigable-ANPR", "Timed_Enfo": "N", "Exemptions": "N", "Exemption_": null, "LGA": "Lambeth", "LTN": "Oval Triangle LTN", "Implementa": "29/9/2020", "Date_Remov": null, "url": "https://www.lambeth.gov.uk/better-fairer-lambeth/project/oval-triangle-low-traffic-neighbourhood-temporary-scheme", "Notes": "https://goo.gl/maps/MG1SjU2rwgqeNbXL7" }, "geometry": { "type": "Point", "coordinates": [ 530971.118928498588502, 177340.838330302212853 ] } },
{ "type": "Feature", "properties": { "ID": 250, "Type": "Point Filter", "Descriptio": "Experimental Traffic Order", "Enforcemen": "Filter-Navigable-ANPR", "Timed_Enfo": "N", "Exemptions": "N", "Exemption_": null, "LGA": "Lambeth", "LTN": "Oval Triangle LTN", "Implementa": "28/9/2020", "Date_Remov": null, "url": "https://www.lambeth.gov.uk/better-fairer-lambeth/project/oval-triangle-low-traffic-neighbourhood-temporary-scheme", "Notes": "https://goo.gl/maps/mYyVywoCzu9YGyax8" }, "geometry": { "type": "Point", "coordinates": [ 531020.320902917301282, 177440.362225166638382 ] } },
{ "type": "Feature", "properties": { "ID": 251, "Type": "Point Filter", "Descriptio": "Experimental Traffic Order", "Enforcemen": "Filter-Navigable-ANPR", "Timed_Enfo": "N", "Exemptions": "N", "Exemption_": null, "LGA": "Lambeth", "LTN": "Railton LTN", "Implementa": "Jun-20", "Date_Remov": null, "url": "www.rtstreets.commonplace.is/about", "Notes": null }, "geometry": { "type": "Point", "coordinates": [ 530982.395859492942691, 174860.670347109436989 ] } },
{ "type": "Feature", "properties": { "ID": 252, "Type": "Point Filter", "Descriptio": "Experimental Traffic Order", "Enforcemen": "Filter-Navigable-ANPR", "Timed_Enfo": "N", "Exemptions": "Y", "Exemption_": "Bus, Permit holders", "LGA": "Lambeth", "LTN": "Railton LTN", "Implementa": "Jun-20", "Date_Remov": null, "url": "https://rtstreets.www.rtstreets.commonplace.is/about", "Notes": null }, "geometry": { "type": "Point", "coordinates": [ 531274.729749806923792, 175340.009807361115236 ] } },
{ "type": "Feature", "properties": { "ID": 253, "Type": "Point Filter", "Descriptio": "Experimental Traffic Order", "Enforcemen": "Filter-Navigable-ANPR", "Timed_Enfo": "N", "Exemptions": "Y", "Exemption_": "Bus", "LGA": "Lambeth", "LTN": "Railton LTN", "Implementa": "Jun-20", "Date_Remov": null, "url": "https://rtstreets.www.rtstreets.commonplace.is/about", "Notes": null }, "geometry": { "type": "Point", "coordinates": [ 531346.892707440303639, 175183.302104324568063 ] } },
{ "type": "Feature", "properties": { "ID": 254, "Type": "Point Filter", "Descriptio": "Experimental Traffic Order", "Enforcemen": "Filter-Navigable-ANPR", "Timed_Enfo": "N", "Exemptions": "N", "Exemption_": null, "LGA": "Lambeth", "LTN": "Railton LTN", "Implementa": "Jun-20", "Date_Remov": null, "url": "https://rtstreets.www.rtstreets.commonplace.is/about", "Notes": null }, "geometry": { "type": "Point", "coordinates": [ 531720.186842794064432, 174818.532944640901405 ] } },
{ "type": "Feature", "properties": { "ID": 255, "Type": "Point Filter", "Descriptio": "Experimental Traffic Order", "Enforcemen": "Filter-Navigable-ANPR", "Timed_Enfo": "N", "Exemptions": "Y", "Exemption_": "Bus", "LGA": "Lambeth", "LTN": "Railton LTN", "Implementa": "Jun-20", "Date_Remov": null, "url": "https://rtstreets.www.rtstreets.commonplace.is/about", "Notes": null }, "geometry": { "type": "Point", "coordinates": [ 531837.971141374204308, 174569.61714359029429 ] } },
{ "type": "Feature", "properties": { "ID": 256, "Type": "Point Filter", "Descriptio": "Experimental Traffic Order", "Enforcemen": "Filter-Navigable-ANPR", "Timed_Enfo": "N", "Exemptions": "Y", "Exemption_": "Bus", "LGA": "Lambeth", "LTN": "Railton LTN", "Implementa": "Jun-20", "Date_Remov": null, "url": "https://rtstreets.www.rtstreets.commonplace.is/about", "Notes": null }, "geometry": { "type": "Point", "coordinates": [ 531851.08096324338112, 174503.635628368705511 ] } },
{ "type": "Feature", "properties": { "ID": 257, "Type": "Point Filter", "Descriptio": "Experimental Traffic Order", "Enforcemen": "Filter-Navigable-ANPR", "Timed_Enfo": "N", "Exemptions": "N", "Exemption_": null, "LGA": "Lambeth", "LTN": "Streatham Hill LTN", "Implementa": "Aug-20", "Date_Remov": null, "url": "https://streathamhilllowtrafficneighbourhoodproposals.commonplace.is/schemes/proposals/what-is-changing-details-of-the-temporay-scheme/details", "Notes": null }, "geometry": { "type": "Point", "coordinates": [ 530722.350046350737102, 173272.539329213555902 ] } },
{ "type": "Feature", "properties": { "ID": 258, "Type": "Point Filter", "Descriptio": "Experimental Traffic Order", "Enforcemen": "Filter-Navigable-ANPR", "Timed_Enfo": "N", "Exemptions": "Y", "Exemption_": "Bus", "LGA": "Lambeth", "LTN": "Streatham Hill LTN", "Implementa": "Aug-20", "Date_Remov": null, "url": "https://streathamhilllowtrafficneighbourhoodproposals.commonplace.is/schemes/proposals/what-is-changing-details-of-the-temporay-scheme/details", "Notes": null }, "geometry": { "type": "Point", "coordinates": [ 531056.408987157279626, 172788.726752064714674 ] } },
{ "type": "Feature", "properties": { "ID": 259, "Type": "Point Filter", "Descriptio": "Experimental Traffic Order", "Enforcemen": "Filter-Navigable-ANPR", "Timed_Enfo": "N", "Exemptions": "N", "Exemption_": null, "LGA": "Lambeth", "LTN": "Streatham Hill LTN", "Implementa": "Aug-20", "Date_Remov": null, "url": "https://streathamhilllowtrafficneighbourhoodproposals.commonplace.is/schemes/proposals/what-is-changing-details-of-the-temporay-scheme/details", "Notes": null }, "geometry": { "type": "Point", "coordinates": [ 531076.131070588366129, 172776.326064004155342 ] } },
{ "type": "Feature", "properties": { "ID": 260, "Type": "Point Filter", "Descriptio": "Experimental Traffic Order", "Enforcemen": "Filter-Navigable-ANPR", "Timed_Enfo": "N", "Exemptions": "N", "Exemption_": null, "LGA": "Lambeth", "LTN": "Streatham Hill LTN", "Implementa": "Aug-20", "Date_Remov": null, "url": "https://streathamhilllowtrafficneighbourhoodproposals.commonplace.is/schemes/proposals/what-is-changing-details-of-the-temporay-scheme/details", "Notes": null }, "geometry": { "type": "Point", "coordinates": [ 530575.981030512601137, 172677.914327873790171 ] } },
{ "type": "Feature", "properties": { "ID": 261, "Type": "Diverter Filter", "Descriptio": "Experimental Traffic Order", "Enforcemen": "Filter-Navigable-ANPR", "Timed_Enfo": "N", "Exemptions": "N", "Exemption_": null, "LGA": "Lambeth", "LTN": "Streatham Hill LTN", "Implementa": "Aug-20", "Date_Remov": null, "url": "https://streathamhilllowtrafficneighbourhoodproposals.commonplace.is/schemes/proposals/what-is-changing-details-of-the-temporay-scheme/details", "Notes": null }, "geometry": { "type": "Point", "coordinates": [ 530740.031762268627062, 172645.733684360573534 ] } },
{ "type": "Feature", "properties": { "ID": 262, "Type": "Point Filter", "Descriptio": "Experimental Traffic Order", "Enforcemen": "Filter-Navigable-ANPR", "Timed_Enfo": "N", "Exemptions": "N", "Exemption_": null, "LGA": "Lambeth", "LTN": "Tulse Hill LTN", "Implementa": "Sep-20", "Date_Remov": null, "url": "https://tulsehillltn.commonplace.is/about", "Notes": null }, "geometry": { "type": "Point", "coordinates": [ 530630.849709286703728, 173543.262178936798591 ] } },
{ "type": "Feature", "properties": { "ID": 263, "Type": "Point Filter", "Descriptio": "Experimental Traffic Order", "Enforcemen": "Filter-Navigable-ANPR", "Timed_Enfo": "N", "Exemptions": "Y", "Exemption_": "Bus", "LGA": "Lambeth", "LTN": "Tulse Hill LTN", "Implementa": "Sep-20", "Date_Remov": null, "url": "https://tulsehillltn.commonplace.is/about", "Notes": null }, "geometry": { "type": "Point", "coordinates": [ 530853.561105527100153, 173351.352504955371842 ] } },
{ "type": "Feature", "properties": { "ID": 264, "Type": "Point Filter", "Descriptio": "Experimental Traffic Order", "Enforcemen": "Filter-Navigable-ANPR", "Timed_Enfo": "N", "Exemptions": "N", "Exemption_": null, "LGA": "Lambeth", "LTN": "Tulse Hill LTN", "Implementa": "Sep-20", "Date_Remov": null, "url": "https://tulsehillltn.commonplace.is/about", "Notes": null }, "geometry": { "type": "Point", "coordinates": [ 530804.00646913703531, 173667.215275164693594 ] } },
{ "type": "Feature", "properties": { "ID": 265, "Type": "Point Filter", "Descriptio": "Experimental Traffic Order", "Enforcemen": "Filter-Navigable-ANPR", "Timed_Enfo": "N", "Exemptions": "N", "Exemption_": null, "LGA": "Lambeth", "LTN": "Tulse Hill LTN", "Implementa": "Sep-20", "Date_Remov": null, "url": "https://tulsehillltn.commonplace.is/about", "Notes": null }, "geometry": { "type": "Point", "coordinates": [ 530973.712357461103238, 173808.778750746045262 ] } },
{ "type": "Feature", "properties": { "ID": 266, "Type": "Point Filter", "Descriptio": "Experimental Traffic Order", "Enforcemen": "Filter-Navigable-ANPR", "Timed_Enfo": "N", "Exemptions": "N", "Exemption_": null, "LGA": "Lambeth", "LTN": "Tulse Hill LTN", "Implementa": "Sep-20", "Date_Remov": null, "url": "https://tulsehillltn.commonplace.is/about", "Notes": null }, "geometry": { "type": "Point", "coordinates": [ 530955.951430392684415, 174061.474499395524617 ] } },
{ "type": "Feature", "properties": { "ID": 267, "Type": "Point Filter", "Descriptio": "Experimental Traffic Order", "Enforcemen": "Filter-Navigable-ANPR", "Timed_Enfo": "N", "Exemptions": "N", "Exemption_": null, "LGA": "Lambeth", "LTN": "Tulse Hill LTN", "Implementa": "Sep-20", "Date_Remov": null, "url": "https://tulsehillltn.commonplace.is/about", "Notes": null }, "geometry": { "type": "Point", "coordinates": [ 530824.201959314756095, 174428.974054343270836 ] } },
{ "type": "Feature", "properties": { "ID": 268, "Type": "Point Filter", "Descriptio": "Manor Lane North TTRO", "Enforcemen": "Filter-Barrier-Bollard", "Timed_Enfo": "N", "Exemptions": "N", "Exemption_": null, "LGA": "Lewisham", "LTN": "Lee Green Healthy Neighbourhood", "Implementa": "29/06/2020", "Date_Remov": null, "url": "https://lewisham.gov.uk/myservices/roads-and-transport/our-traffic-reduction-programme-healthy-neighbourhoods", "Notes": "For up to date information. https://lewishamcovidresidentialstreets.commonplace.is/proposals/changes-to-lewisham-and-lee-green-low-traffic-neighbourhood" }, "geometry": { "type": "Point", "coordinates": [ 539240.895159270614386, 175031.177150436444208 ] } },
{ "type": "Feature", "properties": { "ID": 269, "Type": "Point Filter", "Descriptio": "Manor Lane Terrace TTRO", "Enforcemen": "Filter-Barrier-Bollard", "Timed_Enfo": "N", "Exemptions": "N", "Exemption_": null, "LGA": "Lewisham", "LTN": "Lee Green Healthy Neighbourhood", "Implementa": "29/06/2020", "Date_Remov": null, "url": "https://lewisham.gov.uk/myservices/roads-and-transport/our-traffic-reduction-programme-healthy-neighbourhoods", "Notes": "For up to date information. https://lewishamcovidresidentialstreets.commonplace.is/proposals/changes-to-lewisham-and-lee-green-low-traffic-neighbourhood" }, "geometry": { "type": "Point", "coordinates": [ 539225.736659145797603, 174873.629937840683851 ] } },
{ "type": "Feature", "properties": { "ID": 270, "Type": "Point Filter", "Descriptio": "Leahurst Road TTRO both directions prohibited", "Enforcemen": "Filter-Barrier-Bollard", "Timed_Enfo": "N", "Exemptions": "N", "Exemption_": null, "LGA": "Lewisham", "LTN": "Lee Green Healthy Neighbourhood", "Implementa": "29/06/2020", "Date_Remov": null, "url": "https://lewisham.gov.uk/myservices/roads-and-transport/our-traffic-reduction-programme-healthy-neighbourhoods", "Notes": "Changed 09/11/2020, now allows traffic west to east. This is ANPR enforced (now navigable). For up to date information. https://lewishamcovidresidentialstreets.commonplace.is/proposals/changes-to-lewisham-and-lee-green-low-traffic-neighbourhood" }, "geometry": { "type": "Point", "coordinates": [ 538901.559047242626548, 174709.981227970565669 ] } },
{ "type": "Feature", "properties": { "ID": 271, "Type": "Point Filter", "Descriptio": "Manor Lane South TTRO both directions prohibited", "Enforcemen": "Filter-Navigable-ANPR", "Timed_Enfo": "N", "Exemptions": "Y", "Exemption_": "Motor cycles", "LGA": "Lewisham", "LTN": "Lee Green Healthy Neighbourhood", "Implementa": "29/06/2020", "Date_Remov": "29/11/2020", "url": "https://lewisham.gov.uk/myservices/roads-and-transport/our-traffic-reduction-programme-healthy-neighbourhoods", "Notes": "Now just an HGV restriction (since09/11) so no longer deemed to be a filter. For up to date information. https://lewishamcovidresidentialstreets.commonplace.is/proposals/changes-to-lewisham-and-lee-green-low-traffic-neighbourhood" }, "geometry": { "type": "Point", "coordinates": [ 539480.272948703030124, 174340.312308153952472 ] } },
{ "type": "Feature", "properties": { "ID": 272, "Type": "Point Filter", "Descriptio": "Holme-Lacey Road TTRO both directions prohibited", "Enforcemen": "Filter-Barrier-Bollard", "Timed_Enfo": "N", "Exemptions": "N", "Exemption_": null, "LGA": "Lewisham", "LTN": "Lee Green Healthy Neighbourhood", "Implementa": "29/06/2020", "Date_Remov": null, "url": "https://lewisham.gov.uk/myservices/roads-and-transport/our-traffic-reduction-programme-healthy-neighbourhoods", "Notes": "For up to date information. https://lewishamcovidresidentialstreets.commonplace.is/proposals/changes-to-lewisham-and-lee-green-low-traffic-neighbourhood" }, "geometry": { "type": "Point", "coordinates": [ 539532.53714630077593, 174117.840692237368785 ] } },
{ "type": "Feature", "properties": { "ID": 273, "Type": "Point Filter", "Descriptio": "Dallinger Road TTRO both directions prohibited", "Enforcemen": "Filter-Barrier-Bollard", "Timed_Enfo": "N", "Exemptions": "N", "Exemption_": null, "LGA": "Lewisham", "LTN": "Lee Green Healthy Neighbourhood", "Implementa": "29/06/2020", "Date_Remov": null, "url": "https://lewisham.gov.uk/myservices/roads-and-transport/our-traffic-reduction-programme-healthy-neighbourhoods", "Notes": "For up to date information. https://lewishamcovidresidentialstreets.commonplace.is/proposals/changes-to-lewisham-and-lee-green-low-traffic-neighbourhood" }, "geometry": { "type": "Point", "coordinates": [ 539549.638498634332791, 174029.170807881222572 ] } },
{ "type": "Feature", "properties": { "ID": 274, "Type": "Point Filter", "Descriptio": "Upwood Road TTRO both directions prohibited", "Enforcemen": "Filter-Barrier-Bollard", "Timed_Enfo": "N", "Exemptions": "N", "Exemption_": null, "LGA": "Lewisham", "LTN": "Lee Green Healthy Neighbourhood", "Implementa": "29/06/2020", "Date_Remov": null, "url": "https://lewisham.gov.uk/myservices/roads-and-transport/our-traffic-reduction-programme-healthy-neighbourhoods", "Notes": "For up to date information. https://lewishamcovidresidentialstreets.commonplace.is/proposals/changes-to-lewisham-and-lee-green-low-traffic-neighbourhood" }, "geometry": { "type": "Point", "coordinates": [ 540433.485943280742504, 174401.117575517157093 ] } },
{ "type": "Feature", "properties": { "ID": 275, "Type": "Point Filter", "Descriptio": "No southbound travel through filter on manor park.", "Enforcemen": "Filter-Navigable-ANPR", "Timed_Enfo": "N", "Exemptions": "N", "Exemption_": null, "LGA": "Lewisham", "LTN": "Lee Green Healthy Neighbourhood", "Implementa": "29/06/2020", "Date_Remov": null, "url": "https://lewisham.gov.uk/myservices/roads-and-transport/our-traffic-reduction-programme-healthy-neighbourhoods", "Notes": "Changed to be one way with the wider changes to the LTN. Northbound only now. Now an access restriction. https://lewishamcovidresidentialstreets.commonplace.is/proposals/manor-park" }, "geometry": { "type": "Point", "coordinates": [ 538954.96495551452972, 174872.688047158182599 ] } },
{ "type": "Feature", "properties": { "ID": 276, "Type": "Point Filter", "Descriptio": "Ennersdale Road TTRO both directions prohibited", "Enforcemen": "Filter-Navigable-ANPR", "Timed_Enfo": "N", "Exemptions": "Y", "Exemption_": "Motor cycles", "LGA": "Lewisham", "LTN": "Lee Green Healthy Neighbourhood", "Implementa": "29/06/2020", "Date_Remov": null, "url": "https://lewisham.gov.uk/myservices/roads-and-transport/our-traffic-reduction-programme-healthy-neighbourhoods", "Notes": "Changed from filter to access restriction 09/11/2020 now filter allows west to east traffic but not vice versa. https://lewishamcovidresidentialstreets.commonplace.is/proposals/changes-to-lewisham-and-lee-green-low-traffic-neighbourhood" }, "geometry": { "type": "Point", "coordinates": [ 538816.742463246453553, 174676.620321975846309 ] } },
{ "type": "Feature", "properties": { "ID": 277, "Type": "Point Filter", "Descriptio": "Dermondy Road TTRO", "Enforcemen": "Filter-Navigable-ANPR", "Timed_Enfo": "N", "Exemptions": "N", "Exemption_": null, "LGA": "Lewisham", "LTN": "Lee Green Healthy Neighbourhood", "Implementa": "7/6/2020", "Date_Remov": null, "url": "https://lewisham.gov.uk/myservices/roads-and-transport/our-traffic-reduction-programme-healthy-neighbourhoods", "Notes": "Changed from filter to access restriction 09/11/2020 now filter allows west to east traffic but not vice versa. https://lewishamcovidresidentialstreets.commonplace.is/proposals/changes-to-lewisham-and-lee-green-low-traffic-neighbourhood" }, "geometry": { "type": "Point", "coordinates": [ 538678.063298425986432, 174938.586108664923813 ] } },
{ "type": "Feature", "properties": { "ID": 278, "Type": "Point Filter", "Descriptio": "Woodyates Road TTRO both directions prohibited", "Enforcemen": "Filter-Barrier-Bollard", "Timed_Enfo": "N", "Exemptions": "N", "Exemption_": null, "LGA": "Lewisham", "LTN": "Lee Green Healthy Neighbourhood", "Implementa": "29/06/2020", "Date_Remov": null, "url": "https://lewisham.gov.uk/myservices/roads-and-transport/our-traffic-reduction-programme-healthy-neighbourhoods", "Notes": "For up to date information. https://lewishamcovidresidentialstreets.commonplace.is/proposals/changes-to-lewisham-and-lee-green-low-traffic-neighbourhood" }, "geometry": { "type": "Point", "coordinates": [ 540474.405753163271584, 174039.346207916969433 ] } },
{ "type": "Feature", "properties": { "ID": 279, "Type": "Point Filter", "Descriptio": "Cambridge Drive TTRO both directions prohibited", "Enforcemen": "Filter-Barrier-Bollard", "Timed_Enfo": "N", "Exemptions": "N", "Exemption_": null, "LGA": "Lewisham", "LTN": "Lee Green Healthy Neighbourhood", "Implementa": "29/06/2020", "Date_Remov": null, "url": "https://lewisham.gov.uk/myservices/roads-and-transport/our-traffic-reduction-programme-healthy-neighbourhoods", "Notes": "For up to date information. https://lewishamcovidresidentialstreets.commonplace.is/proposals/changes-to-lewisham-and-lee-green-low-traffic-neighbourhood" }, "geometry": { "type": "Point", "coordinates": [ 540202.930680497433059, 174794.610924472101033 ] } },
{ "type": "Feature", "properties": { "ID": 280, "Type": "Point Filter", "Descriptio": "Leyland Road TTRO both directions prohibited", "Enforcemen": "Filter-Barrier-Bollard", "Timed_Enfo": "N", "Exemptions": "N", "Exemption_": null, "LGA": "Lewisham", "LTN": "Lee Green Healthy Neighbourhood", "Implementa": "29/06/2020", "Date_Remov": null, "url": "https://lewisham.gov.uk/myservices/roads-and-transport/our-traffic-reduction-programme-healthy-neighbourhoods", "Notes": "For up to date information. https://lewishamcovidresidentialstreets.commonplace.is/proposals/changes-to-lewisham-and-lee-green-low-traffic-neighbourhood" }, "geometry": { "type": "Point", "coordinates": [ 539994.519153222441673, 174831.498821577522904 ] } },
{ "type": "Feature", "properties": { "ID": 281, "Type": "Point Filter", "Descriptio": "Glenbow Road TTRO both directions prohibited", "Enforcemen": "Filter-Barrier-Bollard", "Timed_Enfo": "N", "Exemptions": "N", "Exemption_": null, "LGA": "Lewisham", "LTN": "Phase 1", "Implementa": "7/6/2020", "Date_Remov": null, "url": "https://lewishamcovidresidentialstreets.commonplace.is/schemes/proposals/glenbow-road/details", "Notes": null }, "geometry": { "type": "Point", "coordinates": [ 539375.438511722488329, 171239.977333333925344 ] } },
{ "type": "Feature", "properties": { "ID": 282, "Type": "Point Filter", "Descriptio": "Scawen Road TTRO both directions prohibited", "Enforcemen": "Filter-Barrier-Bollard", "Timed_Enfo": "N", "Exemptions": "N", "Exemption_": null, "LGA": "Lewisham", "LTN": "Phase 1\n", "Implementa": "7/6/2020", "Date_Remov": null, "url": "https://lewishamcovidresidentialstreets.commonplace.is/schemes/proposals/kitto-road/details", "Notes": null }, "geometry": { "type": "Point", "coordinates": [ 536093.958178892498836, 178059.1808467185474 ] } },
{ "type": "Feature", "properties": { "ID": 283, "Type": "Point Filter", "Descriptio": "South Row (Black Heath)TTRO both directions prohibited", "Enforcemen": "Filter-Barrier-Bollard", "Timed_Enfo": "N", "Exemptions": "N", "Exemption_": null, "LGA": "Lewisham", "LTN": "Phase 1\n", "Implementa": "7/6/2020", "Date_Remov": "31/12/2020", "url": "https://lewishamcovidresidentialstreets.commonplace.is/schemes/proposals/south-row/details", "Notes": null }, "geometry": { "type": "Point", "coordinates": [ 539932.430011869524606, 176467.79034236818552 ] } },
{ "type": "Feature", "properties": { "ID": 284, "Type": "Point Filter", "Descriptio": "George Lane TTRO", "Enforcemen": "Filter-Barrier-Bollard", "Timed_Enfo": "N", "Exemptions": "N", "Exemption_": null, "LGA": "Lewisham", "LTN": null, "Implementa": "07/06/2020", "Date_Remov": "31/12/2020", "url": "Moved to weight restriction which means not a filter. https://lewishamcovidresidentialstreets.commonplace.is/schemes/proposals/george-lane/details\n", "Notes": null }, "geometry": { "type": "Point", "coordinates": [ 538515.402366620139219, 174191.344459884334356 ] } },
{ "type": "Feature", "properties": { "ID": 285, "Type": "Point Filter", "Descriptio": "Kitto Road Previous westbound no entry; TTRO eastbound prohibited", "Enforcemen": "Filter-Barrier-Bollard", "Timed_Enfo": "N", "Exemptions": "N", "Exemption_": null, "LGA": "Lewisham", "LTN": null, "Implementa": "7/6/2020", "Date_Remov": "31/12/2020", "url": "https://lewishamcovidresidentialstreets.commonplace.is/schemes/proposals/kitto-road/details", "Notes": null }, "geometry": { "type": "Point", "coordinates": [ 535951.47411038656719, 176170.380909669038374 ] } },
{ "type": "Feature", "properties": { "ID": 286, "Type": "Point Filter", "Descriptio": "Scawen Road TTRO both directions prohibited", "Enforcemen": "Filter-Barrier-Bollard", "Timed_Enfo": "N", "Exemptions": "N", "Exemption_": null, "LGA": "Lewisham", "LTN": null, "Implementa": "7/6/2020", "Date_Remov": null, "url": "https://lewishamcovidresidentialstreets.commonplace.is/schemes/proposals/kitto-road/details", "Notes": null }, "geometry": { "type": "Point", "coordinates": [ 536074.696331805316731, 178142.905541609914508 ] } },
{ "type": "Feature", "properties": { "ID": 287, "Type": "Point Filter", "Descriptio": "Silverdale Syndenham) TTRO both directions prohibited", "Enforcemen": "Filter-Barrier-Bollard", "Timed_Enfo": "N", "Exemptions": "N", "Exemption_": null, "LGA": "Lewisham", "LTN": null, "Implementa": "7/6/2020", "Date_Remov": null, "url": "https://lewishamcovidresidentialstreets.commonplace.is/schemes/proposals/silverdale-and-bishopsthorpe-road/details", "Notes": null }, "geometry": { "type": "Point", "coordinates": [ 535462.155257251113653, 171713.146577361098025 ] } },
{ "type": "Feature", "properties": { "ID": 288, "Type": "Point Filter", "Descriptio": "Bishopsthorpe Road (Syndenham) TTRO both directions prohibited", "Enforcemen": "Filter-Barrier-Bollard", "Timed_Enfo": "N", "Exemptions": "N", "Exemption_": null, "LGA": "Lewisham", "LTN": null, "Implementa": "7/6/2020", "Date_Remov": null, "url": "https://lewishamcovidresidentialstreets.commonplace.is/schemes/proposals/silverdale-and-bishopsthorpe-road/details", "Notes": null }, "geometry": { "type": "Point", "coordinates": [ 535487.424738702364266, 171793.605644866707735 ] } },
{ "type": "Feature", "properties": { "ID": 289, "Type": "Point Filter", "Descriptio": "Experimental Traffic Management Order", "Enforcemen": "Filter-Barrier-Bollard", "Timed_Enfo": "N", "Exemptions": "N", "Exemption_": null, "LGA": "Merton", "LTN": "Alphabet/Seely and Links LTN", "Implementa": "Sep-20", "Date_Remov": null, "url": "https://www.merton.gov.uk/streets-parking-transport/traffic-management/low-traffic-neighbourhoods#titleCol22", "Notes": null }, "geometry": { "type": "Point", "coordinates": [ 528415.762295102933422, 170510.611222128150985 ] } },
{ "type": "Feature", "properties": { "ID": 290, "Type": "Point Filter", "Descriptio": "Experimental Traffic Management Order", "Enforcemen": "Filter-Barrier-Bollard", "Timed_Enfo": "N", "Exemptions": "N", "Exemption_": null, "LGA": "Merton", "LTN": "Alphabet/Seely and Links LTN", "Implementa": "Sep-20", "Date_Remov": null, "url": "https://www.merton.gov.uk/streets-parking-transport/traffic-management/low-traffic-neighbourhoods#titleCol22", "Notes": null }, "geometry": { "type": "Point", "coordinates": [ 528475.986655403394252, 170644.209106584137771 ] } },
{ "type": "Feature", "properties": { "ID": 291, "Type": "New Access Restriction", "Descriptio": "Experimental Traffic Management Order", "Enforcemen": "Signage", "Timed_Enfo": "N", "Exemptions": "N", "Exemption_": null, "LGA": "Merton", "LTN": "Botsford Road", "Implementa": "Sep-20", "Date_Remov": null, "url": "https://www.merton.gov.uk/assets/Documents/Botsford%20Rd_Info%20letter%20%28002%29.pdf", "Notes": null }, "geometry": { "type": "Point", "coordinates": [ 524233.842341193230823, 169036.938778897398151 ] } },
{ "type": "Feature", "properties": { "ID": 292, "Type": "Point Filter", "Descriptio": "Experimental Traffic Management Order", "Enforcemen": "Filter-Barrier-Bollard", "Timed_Enfo": "N", "Exemptions": "N", "Exemption_": null, "LGA": "Merton", "LTN": "Commonside East LTN", "Implementa": "Sep-20", "Date_Remov": null, "url": "https://www.merton.gov.uk/streets-parking-transport/traffic-management/low-traffic-neighbourhoods#titleCol22", "Notes": null }, "geometry": { "type": "Point", "coordinates": [ 528343.246041460428387, 168724.863732361001894 ] } },
{ "type": "Feature", "properties": { "ID": 293, "Type": "Point Filter", "Descriptio": "Experimental Traffic Management Order", "Enforcemen": "Filter-Barrier-Bollard", "Timed_Enfo": "N", "Exemptions": "N", "Exemption_": null, "LGA": "Merton", "LTN": "Sandy Lane", "Implementa": "Sep-20", "Date_Remov": null, "url": "https://www.merton.gov.uk/streets-parking-transport/traffic-management/low-traffic-neighbourhoods#titleCol22", "Notes": "Difficult to confirm. News report states bollards and planters, as does the council plan: https://www.wimbledonguardian.co.uk/news/18725696.merton-announce-first-phase-low-traffic-schemes/" }, "geometry": { "type": "Point", "coordinates": [ 528362.352028900873847, 169622.311992017435841 ] } },
{ "type": "Feature", "properties": { "ID": 294, "Type": "Point Filter", "Descriptio": "Filter on Maryland Road. Access by motor vehicle to Francis Street, Maryland Street, Store Street, Falmouth Street and Maryland Road east of number 65, will be from Leytonstone Road.", "Enforcemen": "Filter-Barrier-Planter", "Timed_Enfo": "N", "Exemptions": "N", "Exemption_": null, "LGA": "Newham", "LTN": "South Leytonstone LTN Maryland", "Implementa": "Aug-20", "Date_Remov": null, "url": "https://newhamwalthamforestltn.commonplace.is/overview", "Notes": null }, "geometry": { "type": "Point", "coordinates": [ 538825.793264781590551, 185106.772265874489676 ] } },
{ "type": "Feature", "properties": { "ID": 295, "Type": "Point Filter", "Descriptio": "Filter on Henniker Road. Access by motor vehicle to Henniker Road, including Henniker Point, will be from the A112 Leyton Road/Major Road.", "Enforcemen": "Filter-Barrier-Planter", "Timed_Enfo": "N", "Exemptions": "N", "Exemption_": null, "LGA": "Newham", "LTN": "South Leytonstone LTN Maryland", "Implementa": "Aug-20", "Date_Remov": null, "url": "https://newhamwalthamforestltn.commonplace.is/overview", "Notes": null }, "geometry": { "type": "Point", "coordinates": [ 539120.671478796284646, 185251.283135844918434 ] } },
{ "type": "Feature", "properties": { "ID": 296, "Type": "Point Filter", "Descriptio": "Filter on Chobham Road. Access by motor vehicle to Chobham Road will be from the A112 Leyton Road/Major Road.", "Enforcemen": "Filter-Navigable-ANPR", "Timed_Enfo": "N", "Exemptions": "N", "Exemption_": null, "LGA": "Newham", "LTN": "South Leytonstone LTN Maryland", "Implementa": "Aug-20", "Date_Remov": null, "url": "https://newhamwalthamforestltn.commonplace.is/overview", "Notes": null }, "geometry": { "type": "Point", "coordinates": [ 539111.96417258027941, 185336.066740784153808 ] } },
{ "type": "Feature", "properties": { "ID": 297, "Type": "Point Filter", "Descriptio": "Filter on Bow Street. Access by motor vehicle to Bow Street, Maryland Park, Maryland Square and Thorogood Gardens will be via Forest Lane.", "Enforcemen": "Filter-Barrier-Planter", "Timed_Enfo": "N", "Exemptions": "N", "Exemption_": null, "LGA": "Newham", "LTN": "South Leytonstone LTN Odessa", "Implementa": "Aug-20", "Date_Remov": null, "url": "https://newhamwalthamforestltn.commonplace.is/overview", "Notes": null }, "geometry": { "type": "Point", "coordinates": [ 539166.865207739523612, 185180.99291592213558 ] } },
{ "type": "Feature", "properties": { "ID": 298, "Type": "Point Filter", "Descriptio": "Filter on Ash Road,Access by motor vehicle to Albert Square, Ash Road, Gawsworth Close, Carol Close, and Chatsworth Road will be via Forest Lane.", "Enforcemen": "Filter-Barrier-Planter", "Timed_Enfo": "N", "Exemptions": "N", "Exemption_": null, "LGA": "Newham", "LTN": "South Leytonstone LTN Odessa", "Implementa": "Aug-20", "Date_Remov": null, "url": "https://newhamwalthamforestltn.commonplace.is/overview", "Notes": null }, "geometry": { "type": "Point", "coordinates": [ 539464.672554457793012, 185324.491868693439756 ] } },
{ "type": "Feature", "properties": { "ID": 299, "Type": "Point Filter", "Descriptio": "Filter on Buckingham Road with junction with Idminston Road. Access by motor vehicle to the area north and west of the modal filter, including Janson Road, Gurney Road and Buxton Road, will be via Leytonstone Road. Access by motor vehicle to the area eas", "Enforcemen": "Filter-Navigable-ANPR", "Timed_Enfo": "N", "Exemptions": "N", "Exemption_": null, "LGA": "Newham", "LTN": "South Leytonstone LTN Odessa", "Implementa": "Aug-20", "Date_Remov": null, "url": "https://newhamwalthamforestltn.commonplace.is/overview", "Notes": null }, "geometry": { "type": "Point", "coordinates": [ 539601.428122620214708, 185453.00382506713504 ] } },
{ "type": "Feature", "properties": { "ID": 300, "Type": "Point Filter", "Descriptio": "Filter on the northern half of Odessa Road. Access by motor vehicle to the area south of the modal filter, as far south as the junction with Cemetery Road, will be via Dames Road. Access by motor vehicle to the area north of the modal filter will be via", "Enforcemen": "Filter-Barrier-Planter", "Timed_Enfo": "N", "Exemptions": "N", "Exemption_": null, "LGA": "Newham", "LTN": "South Leytonstone LTN Odessa", "Implementa": "Aug-20", "Date_Remov": null, "url": "https://newhamwalthamforestltn.commonplace.is/overview", "Notes": null }, "geometry": { "type": "Point", "coordinates": [ 539971.555577962077223, 185677.53745861526113 ] } },
{ "type": "Feature", "properties": { "ID": 301, "Type": "Point Filter", "Descriptio": "Filter on Field Road. Access by motor vehicle to the area north of the modal filter, as far north as Huddlestone Road and Hesketh Road, will be via Dames Road.", "Enforcemen": "Filter-Barrier-Planter", "Timed_Enfo": "N", "Exemptions": "N", "Exemption_": null, "LGA": "Newham", "LTN": "South Leytonstone LTN Odessa", "Implementa": "Aug-20", "Date_Remov": null, "url": "https://newhamwalthamforestltn.commonplace.is/overview", "Notes": null }, "geometry": { "type": "Point", "coordinates": [ 540121.381380451144651, 185522.866340269916691 ] } },
{ "type": "Feature", "properties": { "ID": 302, "Type": "Point Filter", "Descriptio": "Filter on the southern half of Odessa Road. Access by motor vehicle to the south of modal filter, including Suffolk Street and Stracey Road, will be via Forest Lane.", "Enforcemen": "Filter-Barrier-Planter", "Timed_Enfo": "N", "Exemptions": "N", "Exemption_": null, "LGA": "Newham", "LTN": "South Leytonstone LTN Odessa", "Implementa": "Aug-20", "Date_Remov": null, "url": "https://newhamwalthamforestltn.commonplace.is/overview", "Notes": null }, "geometry": { "type": "Point", "coordinates": [ 540052.446602666284889, 185660.071704874979332 ] } },
{ "type": "Feature", "properties": { "ID": 303, "Type": "Point Filter", "Descriptio": "Filter on Station Road. Access by motor vehicle to the area south of the modal filter will be via Forest Lane.", "Enforcemen": "Filter-Barrier-Planter", "Timed_Enfo": "N", "Exemptions": "N", "Exemption_": null, "LGA": "Newham", "LTN": "South Leytonstone LTN Odessa", "Implementa": "Aug-20", "Date_Remov": null, "url": "https://newhamwalthamforestltn.commonplace.is/overview", "Notes": null }, "geometry": { "type": "Point", "coordinates": [ 540292.646042593289167, 185606.945916863624007 ] } },
{ "type": "Feature", "properties": { "ID": 304, "Type": "New Access Restriction", "Descriptio": "7am to 10am (Eastbound only) and from 4 to 7pm (Westbound only) Monday to Friday there will be restricted movement for vehicles preventing through access along Burtons Road, Albert Road and Links View Road", "Enforcemen": "Signage", "Timed_Enfo": "Y", "Exemptions": "N", "Exemption_": null, "LGA": "Richmond upon Thames", "LTN": "Burtons Road, Hampton Hill Area Study", "Implementa": "21/9/2020", "Date_Remov": null, "url": "https://cabnet.richmond.gov.uk/ieDecisionDetails.aspx?ID=4131", "Notes": null }, "geometry": { "type": "Point", "coordinates": [ 514372.003141190565657, 171472.062910375010688 ] } },
{ "type": "Feature", "properties": { "ID": 306, "Type": "Point Filter", "Descriptio": "Experimental - walking and cycle only, emergency vehical acsess with key", "Enforcemen": "Filter-Barrier-Planter", "Timed_Enfo": "N", "Exemptions": "N", "Exemption_": null, "LGA": "Greenwich \n", "LTN": "Plumstead", "Implementa": "Jul-20", "Date_Remov": "Oct-20", "url": null, "Notes": "Confirmed by personal corresponence with officers AT" }, "geometry": { "type": "Point", "coordinates": [ 545200.917166036553681, 178633.819010172970593 ] } },
{ "type": "Feature", "properties": { "ID": 307, "Type": "Point Filter", "Descriptio": "Experimental - walking and cycle only, emergency vehical acsess with key", "Enforcemen": "Filter-Barrier-Bollard", "Timed_Enfo": "N", "Exemptions": "N", "Exemption_": null, "LGA": "Greenwich \n", "LTN": "Plumstead", "Implementa": "Jul-20", "Date_Remov": null, "url": null, "Notes": "Confirmed by personal corresponence with officers AT" }, "geometry": { "type": "Point", "coordinates": [ 546445.404420929495245, 178772.124937359301839 ] } },
{ "type": "Feature", "properties": { "ID": 308, "Type": "Point Filter", "Descriptio": "Experimental - walking and cycle only, emergency vehical acsess with key", "Enforcemen": "Filter-Barrier-Planter", "Timed_Enfo": "N", "Exemptions": "N", "Exemption_": null, "LGA": "Greenwich \n", "LTN": "Plumstead", "Implementa": "Jul-20", "Date_Remov": "Oct-20", "url": null, "Notes": "Confirmed by personal corresponence with officers AT" }, "geometry": { "type": "Point", "coordinates": [ 545205.521870397147723, 178666.002135399263352 ] } },
{ "type": "Feature", "properties": { "ID": 309, "Type": "Point Filter", "Descriptio": "a road closure in part of Comber Grove which will be physically enforced with traffic signs and the installation of barriers (NAL blocks) located (i) a point 75.5 metres south of the south-eastern kerb-line of Wyndham Road and, (ii) a point 38 metres nor", "Enforcemen": "Filter-Barrier", "Timed_Enfo": "N", "Exemptions": "N", "Exemption_": null, "LGA": "Southwark", "LTN": "batch 1", "Implementa": "25/6/2020", "Date_Remov": null, "url": "http://moderngov.southwark.gov.uk/ieDecisionDetails.aspx?ID=7148", "Notes": "Street view: https://goo.gl/maps/dXN4Z4mPNq7fK39v6 Traffic order: https://www.southwark.gov.uk/assets/attach/12767/School-Streets-Trials-notice-dated-18-June-2020-.pdf Note these measures are as part of a school streets trial, not an area-wide LTN." }, "geometry": { "type": "Point", "coordinates": [ 532286.916717595187947, 177116.825599095493089 ] } },
{ "type": "Feature", "properties": { "ID": 310, "Type": "Point Filter", "Descriptio": "A road closure in part of Comber Grove which will be physically enforced with traffic signs and the installation of barriers (NAL blocks) located (i) a point 75.5 metres south of the south-eastern kerb-line of Wyndham Road and, (ii) a point 38 metres nor", "Enforcemen": "Filter-Barrier", "Timed_Enfo": "N", "Exemptions": "N", "Exemption_": null, "LGA": "Southwark", "LTN": "batch 1", "Implementa": "25/6/2020", "Date_Remov": null, "url": "http://moderngov.southwark.gov.uk/ieDecisionDetails.aspx?ID=7148", "Notes": "Note these measures are part of a school street trial, rather than an area-wide LTN Traffic order: https://www.southwark.gov.uk/assets/attach/12767/School-Streets-Trials-notice-dated-18-June-2020-.pdf\n" }, "geometry": { "type": "Point", "coordinates": [ 532283.377847173484042, 177170.091218471818138 ] } },
{ "type": "Feature", "properties": { "ID": 311, "Type": "Point Filter", "Descriptio": "A road closure in part of Whorlton Road which will be physically enforced with traffic signs and the installation of barriers (NAL blocks) located (i) south-west of its junction with Old James Street/Scylla Road and, (ii) north-east of the north-eastern", "Enforcemen": "Filter-Barrier", "Timed_Enfo": "N", "Exemptions": "N", "Exemption_": null, "LGA": "Southwark", "LTN": "batch 1", "Implementa": "25/6/2020", "Date_Remov": null, "url": "http://moderngov.southwark.gov.uk/ieDecisionDetails.aspx?ID=7148", "Notes": "School street w permanent filters: https://www.southwark.gov.uk/assets/attach/12767/School-Streets-Trials-notice-dated-18-June-2020-.pdf" }, "geometry": { "type": "Point", "coordinates": [ 534618.91070810740348, 175759.727954729984049 ] } },
{ "type": "Feature", "properties": { "ID": 312, "Type": "Point Filter", "Descriptio": "A road closure in part of Whorlton Road which will be physically enforced with traffic signs and the installation of barriers (NAL blocks) located (i) south-west of its junction with Old James Street/Scylla Road and, (ii) north-east of the north-eastern", "Enforcemen": "Filter-Barrier", "Timed_Enfo": "N", "Exemptions": "N", "Exemption_": null, "LGA": "Southwark", "LTN": "batch 1", "Implementa": "25/6/2020", "Date_Remov": null, "url": "http://moderngov.southwark.gov.uk/ieDecisionDetails.aspx?ID=7148", "Notes": "School street w permanent filters: https://www.southwark.gov.uk/assets/attach/12767/School-Streets-Trials-notice-dated-18-June-2020-.pdf" }, "geometry": { "type": "Point", "coordinates": [ 534586.845788985607214, 175718.485650515940506 ] } },
{ "type": "Feature", "properties": { "ID": 313, "Type": "Point Filter", "Descriptio": "a road closure in part of Bird In Bush Road which will be physically enforced with traffic signs and\nthe installation of barriers (NAL blocks) located (i) south-west of the access to Peterchurch House and, (ii) a point 51 metres north-east of its junctio", "Enforcemen": "Filter-Barrier", "Timed_Enfo": "N", "Exemptions": "N", "Exemption_": null, "LGA": "Southwark", "LTN": "batch 1", "Implementa": "25/6/2020", "Date_Remov": null, "url": "http://moderngov.southwark.gov.uk/ieDecisionDetails.aspx?ID=7148", "Notes": "School street (Camelot primary school) traffic order:https://www.southwark.gov.uk/assets/attach/12767/School-Streets-Trials-notice-dated-18-June-2020-.pdf" }, "geometry": { "type": "Point", "coordinates": [ 534649.540147808846086, 177483.704657900263555 ] } },
{ "type": "Feature", "properties": { "ID": 314, "Type": "Point Filter", "Descriptio": "a road closure in part of Bird In Bush Road which will be physically enforced with traffic signs and\nthe installation of barriers (NAL blocks) located (i) south-west of the access to Peterchurch House and, (ii) a point 51 metres north-east of its junctio", "Enforcemen": "Filter-Barrier", "Timed_Enfo": "N", "Exemptions": "N", "Exemption_": null, "LGA": "Southwark", "LTN": "batch 1", "Implementa": "25/6/2020", "Date_Remov": null, "url": "http://moderngov.southwark.gov.uk/ieDecisionDetails.aspx?ID=7148", "Notes": "Camelot primary school street traffic order:https://www.southwark.gov.uk/assets/attach/12767/School-Streets-Trials-notice-dated-18-June-2020-.pdf" }, "geometry": { "type": "Point", "coordinates": [ 534609.168491332209669, 177470.618141097191256 ] } },
{ "type": "Feature", "properties": { "ID": 315, "Type": "New access restriction", "Descriptio": "(i) Remove contra-flow cycle lane between its junctions with Kennington Park Road and De Laune Street (ii) introduce 'one way' north-westbound operation between its junctions with Kennington Park Road and De Laune Street;", "Enforcemen": "Signage", "Timed_Enfo": "N", "Exemptions": "N", "Exemption_": null, "LGA": "Southwark", "LTN": "Walworth Healthy Streets", "Implementa": "27/8/2020", "Date_Remov": null, "url": "http://moderngov.southwark.gov.uk/ieDecisionDetails.aspx?ID=7148", "Notes": null }, "geometry": { "type": "Point", "coordinates": [ 531601.759569559595548, 178288.500241892004851 ] } },
{ "type": "Feature", "properties": { "ID": 316, "Type": "Point Filter", "Descriptio": "Experimental Traffic Order. ‚ a point closure at its junction with Kennington Park Road;\n", "Enforcemen": "Filter-Barrier-Planter", "Timed_Enfo": "N", "Exemptions": "N", "Exemption_": null, "LGA": "Southwark", "LTN": "Walworth Healthy Streets", "Implementa": "27/8/2020", "Date_Remov": null, "url": "http://moderngov.southwark.gov.uk/ieDecisionDetails.aspx?ID=7148", "Notes": "https://www.google.co.uk/maps/@51.4904813,-0.1037708,3a,26.7y,130.05h,88.11t/data=!3m7!1e1!3m5!1sGYhC7NlXcKjTjdbqhrxkog!2e0!6shttps:%2F%2Fstreetviewpixels-pa.googleapis.com%2Fv1%2Fthumbnail%3Fpanoid%3DGYhC7NlXcKjTjdbqhrxkog%26cb_client%3Dmaps_sv.tactile." }, "geometry": { "type": "Point", "coordinates": [ 531748.268203334067948, 178535.434003696835134 ] } },
{ "type": "Feature", "properties": { "ID": 317, "Type": "Point Filter", "Descriptio": "Experimental Traffic Order. Introduce a permeable modal filter on Phelp Street with the junction of Westmoreland Road and introduce a one-way southbound on the section of Phelp Street between Lytham Street and Sondes Street.", "Enforcemen": "Filter-Barrier-Planter", "Timed_Enfo": "N", "Exemptions": "N", "Exemption_": null, "LGA": "Southwark", "LTN": "Walworth Healthy Streets", "Implementa": "Sep-20", "Date_Remov": null, "url": "http://moderngov.southwark.gov.uk/ieDecisionDetails.aspx?ID=7153", "Notes": null }, "geometry": { "type": "Point", "coordinates": [ 532727.654149253619835, 177866.076715046074241 ] } },
{ "type": "Feature", "properties": { "ID": 318, "Type": "Point Filter", "Descriptio": "(i) Part closure - between its junction with Dulwich Village and the north-eastern wall of No. 1d Carlton Avenue; (ii) north-west side, 10m loading bay relocated north-eastward closer to existing loading bay (10 metres in length) 23.5 metres northeastwar", "Enforcemen": "Filter-Barrier-Planter", "Timed_Enfo": "N", "Exemptions": "N", "Exemption_": null, "LGA": "Southwark", "LTN": "Dulwich Village", "Implementa": "25/6/2020", "Date_Remov": null, "url": "https://dulwichvillagestreetspace.commonplace.is/about", "Notes": "Phase 1 traffic order: https://www.southwark.gov.uk/assets/attach/12765/LSP-Dulwich-Trials-notice-dated-18-June-2020-.pdf" }, "geometry": { "type": "Point", "coordinates": [ 533179.182072128052823, 174205.80682072340278 ] } },
{ "type": "Feature", "properties": { "ID": 319, "Type": "Point Filter", "Descriptio": "(i) Point closure - at a point 4.5 metres south-east of the common boundary of Nos. 1b and 1c Court Lane; (ii) DYLs added on south-west side.", "Enforcemen": "Filter-Barrier-Planter", "Timed_Enfo": "N", "Exemptions": "N", "Exemption_": null, "LGA": "Southwark", "LTN": "Dulwich Village", "Implementa": "25/6/2020", "Date_Remov": null, "url": "https://dulwichvillagestreetspace.commonplace.is/about", "Notes": "Phase 1 traffic order:https://www.southwark.gov.uk/assets/attach/12765/LSP-Dulwich-Trials-notice-dated-18-June-2020-.pdf" }, "geometry": { "type": "Point", "coordinates": [ 533161.736228425288573, 174157.723741670837626 ] } },
{ "type": "Feature", "properties": { "ID": 320, "Type": "Point Filter", "Descriptio": "(i) Part closure - between its junction with Dulwich Village and the north-eastern wall of No. 1d Carlton Avenue; (ii) north-west side, 10m loading bay relocated north-eastward closer to existing loading bay (10 metres in length) 23.5 metres northeastwar", "Enforcemen": "Filter-Barrier-Planter", "Timed_Enfo": "N", "Exemptions": "N", "Exemption_": null, "LGA": "Southwark", "LTN": "Dulwich Village", "Implementa": "25/6/2020", "Date_Remov": null, "url": "https://dulwichvillagestreetspace.commonplace.is/about", "Notes": "Phase 1 traffic order: https://www.southwark.gov.uk/assets/attach/12765/LSP-Dulwich-Trials-notice-dated-18-June-2020-.pdf" }, "geometry": { "type": "Point", "coordinates": [ 533130.681816819240339, 174147.731503553688526 ] } },
{ "type": "Feature", "properties": { "ID": 321, "Type": "Point Filter", "Descriptio": "Point closure - at the common boundary of Nos. 48c and 48d Melbourne Grove", "Enforcemen": "Filter-Barrier-Planter", "Timed_Enfo": "N", "Exemptions": "N", "Exemption_": null, "LGA": "Southwark", "LTN": "East Dulwich", "Implementa": "25/6/2020", "Date_Remov": null, "url": "https://eastdulwichstreetspace.commonplace.is/about", "Notes": "Traffic order: https://www.southwark.gov.uk/assets/attach/12765/LSP-Dulwich-Trials-notice-dated-18-June-2020-.pdf" }, "geometry": { "type": "Point", "coordinates": [ 533563.183150551049039, 175038.209221969707869 ] } },
{ "type": "Feature", "properties": { "ID": 322, "Type": "Point Filter", "Descriptio": "Introduce a point road closure at its junction with Grove Vale,", "Enforcemen": "Filter-Barrier", "Timed_Enfo": "N", "Exemptions": "N", "Exemption_": null, "LGA": "Southwark", "LTN": "East Dulwich", "Implementa": "24/8/2020", "Date_Remov": null, "url": "https://eastdulwichstreetspace.commonplace.is/about", "Notes": "Traffic order: https://www.southwark.gov.uk/assets/attach/17090/LSP-East-Dulwich-trials-notice-dated-20-Aug-2020-.pdf  Street view: https://goo.gl/maps/DZzBnGA5NFs31jsD7" }, "geometry": { "type": "Point", "coordinates": [ 533513.110063487663865, 175345.459825900499709 ] } },
{ "type": "Feature", "properties": { "ID": 323, "Type": "Point Filter", "Descriptio": "DERWENT GROVE ‚ a point road closure at its junction with Grove Vale;", "Enforcemen": "Filter-Barrier", "Timed_Enfo": "N", "Exemptions": "N", "Exemption_": null, "LGA": "Southwark", "LTN": "East Dulwich", "Implementa": "24/8/2020", "Date_Remov": null, "url": "https://eastdulwichstreetspace.commonplace.is/about", "Notes": "Traffic order: https://www.southwark.gov.uk/assets/attach/17090/LSP-East-Dulwich-trials-notice-dated-20-Aug-2020-.pdf Street view:https://goo.gl/maps/tjqdk5hLkE1uGLxY6" }, "geometry": { "type": "Point", "coordinates": [ 533548.590851332293823, 175345.400015377381351 ] } },
{ "type": "Feature", "properties": { "ID": 324, "Type": "Point Filter", "Descriptio": "Part road closure between its junction with Grove Vale and a point 18 metres south-east of that junction.", "Enforcemen": "Filter-Barrier", "Timed_Enfo": "N", "Exemptions": "N", "Exemption_": null, "LGA": "Southwark", "LTN": "East Dulwich", "Implementa": "24/8/2020", "Date_Remov": null, "url": "https://eastdulwichstreetspace.commonplace.is/about", "Notes": "Traffic order: https://www.southwark.gov.uk/assets/attach/17090/LSP-East-Dulwich-trials-notice-dated-20-Aug-2020-.pdf Street viewhttps://goo.gl/maps/AmsnU3ZfjXg5w1xbA" }, "geometry": { "type": "Point", "coordinates": [ 533613.701597681618296, 175364.801625724416226 ] } },
{ "type": "Feature", "properties": { "ID": 325, "Type": "Point Filter", "Descriptio": "(i) Remove existing timed‚ school street‚ closure (relocated in Elsie Road), (ii) introduce a point road closure at its junction with Grove Vale, (iii) ‚ shared-use‚ and ‚stop and shop‚ bays suspended, and (iv) amend DYLs on both sides", "Enforcemen": "Filter-Barrier", "Timed_Enfo": "N", "Exemptions": "N", "Exemption_": null, "LGA": "Southwark", "LTN": "East Dulwich", "Implementa": "24/8/2020", "Date_Remov": null, "url": "https://eastdulwichstreetspace.commonplace.is/about", "Notes": "Traffic order: https://www.southwark.gov.uk/assets/attach/17090/LSP-East-Dulwich-trials-notice-dated-20-Aug-2020-.pdf Street view: https://goo.gl/maps/JdCQhTHapnvt2snw5" }, "geometry": { "type": "Point", "coordinates": [ 533786.749223726568744, 175300.130669158534147 ] } },
{ "type": "Feature", "properties": { "ID": 326, "Type": "Point Filter", "Descriptio": "Small section of the cut closed to through motor vehicle traffice. Loading still available for the Young Vic.", "Enforcemen": "Filter-Navigable-ANPR", "Timed_Enfo": "N", "Exemptions": "Y", "Exemption_": "Permit Holders", "LGA": "Southwark", "LTN": "The Cut", "Implementa": "Sep-20", "Date_Remov": null, "url": "http://moderngov.southwark.gov.uk/ieDecisionDetails.aspx?ID=7153", "Notes": null }, "geometry": { "type": "Point", "coordinates": [ 531525.648755645495839, 179968.488199672487099 ] } },
{ "type": "Feature", "properties": { "ID": 327, "Type": "Point Filter", "Descriptio": "Small section of the cut closed to through motor vehicle traffice. Loading still available for the Young Vic.", "Enforcemen": "Filter-Navigable-ANPR", "Timed_Enfo": "N", "Exemptions": "Y", "Exemption_": "Permit Holders", "LGA": "Southwark", "LTN": "The Cut", "Implementa": "Sep-20", "Date_Remov": null, "url": "http://moderngov.southwark.gov.uk/ieDecisionDetails.aspx?ID=7153", "Notes": null }, "geometry": { "type": "Point", "coordinates": [ 531458.564384622499347, 179930.810450777527876 ] } },
{ "type": "Feature", "properties": { "ID": 328, "Type": "New Access Restriction", "Descriptio": "no entry for all vehicles at junction of Portland Street with Sondes Street, reinforced with banned left turn and banned right turn for all vehicles on approach to that junction. The traffic order (i) reverses existing 'one way' and introduces northeastb", "Enforcemen": "Signage", "Timed_Enfo": "N", "Exemptions": "N", "Exemption_": null, "LGA": "Southwark", "LTN": "Walworth Healthy Neighbourhood (LSP Walworth 3 revisions)", "Implementa": "1/10/2020", "Date_Remov": null, "url": "https://www.southwark.gov.uk/transport-and-roads/traffic-orders-licensing-strategies-and-regulation/traffic-management-orders?chapter=5", "Notes": null }, "geometry": { "type": "Point", "coordinates": [ 532773.590231561101973, 177989.948548391053919 ] } },
{ "type": "Feature", "properties": { "ID": 329, "Type": "Point Filter", "Descriptio": "CARTER STREET and PENROSE STREET junction ‚ to introduce a ‚bus gate‚ in which any vehicle, except buses, local buses and pedal cycles, are prohibited from proceeding through from either street;", "Enforcemen": "Filter-Navigable-ANPR", "Timed_Enfo": "N", "Exemptions": "Y", "Exemption_": "Bus, Taxi", "LGA": "Southwark", "LTN": "Walworth Healthy Streets", "Implementa": "25/6/2020", "Date_Remov": null, "url": "https://walworthstreetspace.commonplace.is/about", "Notes": null }, "geometry": { "type": "Point", "coordinates": [ 532126.787503260886297, 178057.077829495654441 ] } },
{ "type": "Feature", "properties": { "ID": 330, "Type": "Point Filter", "Descriptio": "Experimental Traffic Order. Point closure - at its junction with Fleming Road/Otto Street.", "Enforcemen": "Filter-Navigable-ANPR", "Timed_Enfo": "N", "Exemptions": "Y", "Exemption_": "Taxi", "LGA": "Southwark", "LTN": "Walworth Healthy Streets", "Implementa": "25/6/2020", "Date_Remov": null, "url": "https://walworthstreetspace.commonplace.is/about", "Notes": "Note - this was initially Filter-Barrier-Planter, and was changed to Filter-Navigable-ANPR. 01/10/20 modification: Existing point road closure at its junction with Fleming Road/Otto Street, installation of ANPR camera enforcement which includes the exemp" }, "geometry": { "type": "Point", "coordinates": [ 531756.369373795343563, 177798.876608274294995 ] } },
{ "type": "Feature", "properties": { "ID": 331, "Type": "Point Filter", "Descriptio": "Experimental Traffic Order.CHAPTER ROAD ‚ a point closure with planters installed at its junction with Lorrimore Square;", "Enforcemen": "Filter-Barrier-Planter", "Timed_Enfo": "N", "Exemptions": "N", "Exemption_": null, "LGA": "Southwark", "LTN": "Walworth Healthy Streets", "Implementa": "1/10/2020", "Date_Remov": null, "url": "https://walworthstreetspace.commonplace.is/about", "Notes": "https://www.google.co.uk/maps/@51.4853969,-0.1007075,3a,75y,314.37h,80.84t/data=!3m6!1e1!3m4!1smOkvJAqjbU1vWXHHoFcZxQ!2e0!7i16384!8i8192" }, "geometry": { "type": "Point", "coordinates": [ 531958.849355633370578, 177988.17762217723066 ] } },
{ "type": "Feature", "properties": { "ID": 332, "Type": "Point Filter", "Descriptio": "Experimental Traffic Order. MANOR PLACE ‚to introduce a permeable filter in which any motor vehicle, except buses, local buses, taxis and pedal cycles, are prohibited from proceeding (o/s Nos. 173 to 177 Manor Place); NB not a bus gate as not on a bus", "Enforcemen": "Filter-Navigable-ANPR", "Timed_Enfo": "N", "Exemptions": "Y", "Exemption_": "Taxi", "LGA": "Southwark", "LTN": "Walworth Healthy Streets", "Implementa": "25/6/2020", "Date_Remov": null, "url": "https://walworthstreetspace.commonplace.is/about", "Notes": "Initially Barrier filter, implemented 25/06/2020 ( MANOR PLACE ‚ point closure at north-east of its junction with Braganza Street/Chapter Road. Converted to Bus Gate on 27/08/2020 with the following exemptions: (a) anything done with the permission or" }, "geometry": { "type": "Point", "coordinates": [ 531872.757670291815884, 178141.399656179710291 ] } },
{ "type": "Feature", "properties": { "ID": 333, "Type": "Point Filter", "Descriptio": "Experimental Traffic Order.(i) Part closure - between junction with Braganza Street and south-west wall of Nos. 108/110 Alberta Street; (ii) south-east side, 8.5m permit bay suspended in CPZ 'E'; (iii) DYLs added on both sides.", "Enforcemen": "Filter-Barrier-Planter", "Timed_Enfo": "N", "Exemptions": "N", "Exemption_": null, "LGA": "Southwark", "LTN": "Walworth Healthy Streets", "Implementa": "25/6/2020", "Date_Remov": null, "url": "https://walworthstreetspace.commonplace.is/about", "Notes": null }, "geometry": { "type": "Point", "coordinates": [ 531662.218828295590356, 178263.580856514279731 ] } },
{ "type": "Feature", "properties": { "ID": 334, "Type": "Point Filter", "Descriptio": "Experimental Traffic Order. AMELIA STREET‚ a point road closure at its junction with Penton Place, which includes the exemption for emergency service vehicles and refuse collection;", "Enforcemen": "Filter-Barrier", "Timed_Enfo": "N", "Exemptions": "N", "Exemption_": null, "LGA": "Southwark", "LTN": "Walworth Healthy Streets", "Implementa": "1/10/2020", "Date_Remov": null, "url": "https://walworthstreetspace.commonplace.is/about", "Notes": "01/10/20 modification: Existing point road closure at its junction with Penton Place, installation of lockable bollards includes the exemption for emergency service vehicles and refuse collection. I think this one was in very briefly in june but has real" }, "geometry": { "type": "Point", "coordinates": [ 531951.130717874621041, 178379.451719734002836 ] } },
{ "type": "Feature", "properties": { "ID": 335, "Type": "Point Filter", "Descriptio": "Experimental Traffic Order. MANOR PLACE ‚ 2 point closures (i) at its junction with Penton Place and (ii) north-east of its junction with Braganza Street/Chapter Road;\n", "Enforcemen": "Filter-Barrier-Planter", "Timed_Enfo": "N", "Exemptions": "N", "Exemption_": null, "LGA": "Southwark", "LTN": "Walworth Healthy Streets", "Implementa": "25/6/2020", "Date_Remov": "27/8/2020", "url": "https://walworthstreetspace.commonplace.is/about", "Notes": "27/08/2020 ETO update: (i) Remove proposed point closures at junction withPenton Place," }, "geometry": { "type": "Point", "coordinates": [ 532046.788287961273454, 178296.584239822288509 ] } },
{ "type": "Feature", "properties": { "ID": 336, "Type": "Point Filter", "Descriptio": "Introduce a point closure on Iliffe Street at the junction of Penton Place", "Enforcemen": "Filter-Barrier", "Timed_Enfo": "N", "Exemptions": "N", "Exemption_": null, "LGA": "Southwark", "LTN": "Walworth Healthy Streets", "Implementa": "01/09/2020", "Date_Remov": null, "url": "https://walworthstreetspace.commonplace.is/about", "Notes": "01/10/20 modification: Existing point road closure at its junction with Penton Place, installation of lockable bollards includes the exemption for emergency service vehicles and refuse collection.\n" }, "geometry": { "type": "Point", "coordinates": [ 531907.119677098002285, 178418.370074840786401 ] } },
{ "type": "Feature", "properties": { "ID": 337, "Type": "Point Filter", "Descriptio": "Experimental Traffic Order. Part closure - between its junctions with Walworth Road and Colworth Grove.", "Enforcemen": "Filter-Barrier-Planter", "Timed_Enfo": "N", "Exemptions": "N", "Exemption_": null, "LGA": "Southwark", "LTN": "Walworth Healthy Streets", "Implementa": "25/6/2020", "Date_Remov": null, "url": "https://walworthstreetspace.commonplace.is/about", "Notes": "https://www.google.co.uk/maps/@51.4895209,-0.0965119,3a,32.5y,53.23h,84.98t/data=!3m6!1e1!3m4!1sGmMkiTSkZVAIvYea1IGGRg!2e0!7i16384!8i8192" }, "geometry": { "type": "Point", "coordinates": [ 532260.844552922644652, 178458.936206980608404 ] } },
{ "type": "Feature", "properties": { "ID": 338, "Type": "Point Filter", "Descriptio": "Larcom Street. Experimental Traffic Order. (i) any existing ‚ one-way‚ working is suspended throughout the full length of street; (ii) point closure - at its junction w Walworth Road; (iii) south-east side, 21m permit bay suspended in CPZ 'M1'; (iv)", "Enforcemen": "Filter-Barrier-Planter", "Timed_Enfo": "N", "Exemptions": "N", "Exemption_": null, "LGA": "Southwark", "LTN": "Walworth Healthy Streets", "Implementa": "25/06/2020", "Date_Remov": null, "url": "https://walworthstreetspace.commonplace.is/about", "Notes": null }, "geometry": { "type": "Point", "coordinates": [ 532229.840174940531142, 178547.931287381215952 ] } },
{ "type": "Feature", "properties": { "ID": 339, "Type": "Point Filter", "Descriptio": "Experimental Traffic Order.WALWORTH PLACE‚ part road closure between its junctions with East Street and Bronti Close;", "Enforcemen": "Filter-Barrier", "Timed_Enfo": "N", "Exemptions": "N", "Exemption_": null, "LGA": "Southwark", "LTN": "Walworth Healthy Streets", "Implementa": "25/6/2020", "Date_Remov": null, "url": "https://walworthstreetspace.commonplace.is/about", "Notes": "01/10/20 update: Existing part closure - between junctions with East Street and Bronti Close, installation of lockable gates which includes the exemption for emergency service vehicles, refuse collection and vehicles requiring access to East Street premi" }, "geometry": { "type": "Point", "coordinates": [ 532377.120600476861, 178243.299990366387647 ] } },
{ "type": "Feature", "properties": { "ID": 340, "Type": "Point Filter", "Descriptio": "Experimental Traffic Order. Part closure - between junctions with East Street and Bronti Close;", "Enforcemen": "Filter-Barrier-Planter", "Timed_Enfo": "N", "Exemptions": "N", "Exemption_": null, "LGA": "Southwark", "LTN": "Walworth Healthy Streets", "Implementa": "25/6/2020", "Date_Remov": null, "url": "https://walworthstreetspace.commonplace.is/about", "Notes": "https://www.google.co.uk/maps/@51.4885737,-0.0918192,3a,75y,354.72h,90.52t/data=!3m6!1e1!3m4!1sHdn_0hLP95YMpf1tuQPR7w!2e0!7i16384!8i8192" }, "geometry": { "type": "Point", "coordinates": [ 532571.553284670226276, 178371.993787972314749 ] } },
{ "type": "Feature", "properties": { "ID": 341, "Type": "Point Filter", "Descriptio": "MERROW STREET‚ a point closure enforced by ANPR camera west of its junction with Lytham Street, (exceptions for taxis and ‚Äòpermitted vehicles‚Äô for deliveries to No. 42 Merrow Street, The Queen Elizabeth public house, SE17 2NH only), and pri", "Enforcemen": "Filter-Navigable-ANPR", "Timed_Enfo": "N", "Exemptions": "Y", "Exemption_": "Taxi\nVehicles permitted by Southwark Council", "LGA": "Southwark", "LTN": "Walworth Healthy Streets", "Implementa": "25/06/2020", "Date_Remov": null, "url": "https://walworthstreetspace.commonplace.is/about", "Notes": "From 21st October 2020 this is being amended:Merrow Street (relocating current modal filter and changing to ANPR camera enforcement), details in commonplace url above." }, "geometry": { "type": "Point", "coordinates": [ 532582.436579946428537, 178038.357457571051782 ] } },
{ "type": "Feature", "properties": { "ID": 342, "Type": "Point Filter", "Descriptio": "Experimental Traffic Order.(i) Part closure - between junction with Braganza Street and south-west wall of Nos. 108/110 Alberta Street; (ii) south-east side, 8.5m permit bay suspended in CPZ 'E'; (iii) DYLs added on both sides.", "Enforcemen": "Filter-Barrier-Planter", "Timed_Enfo": "N", "Exemptions": "N", "Exemption_": null, "LGA": "Southwark", "LTN": "Walworth Healthy Streets", "Implementa": "25/6/2020", "Date_Remov": null, "url": "https://walworthstreetspace.commonplace.is/about", "Notes": null }, "geometry": { "type": "Point", "coordinates": [ 531680.120113103184849, 178297.983825460541993 ] } },
{ "type": "Feature", "properties": { "ID": 343, "Type": "Point Filter", "Descriptio": "Experimental Traffic Order. Part closure - between its junctions with Walworth Road and Colworth Grove.", "Enforcemen": "Filter-Barrier-Planter", "Timed_Enfo": "N", "Exemptions": "N", "Exemption_": null, "LGA": "Southwark", "LTN": "Walworth Healthy Streets", "Implementa": "25/6/2020", "Date_Remov": null, "url": "https://walworthstreetspace.commonplace.is/about", "Notes": "Traffic orders available here:https://www.southwark.gov.uk/transport-and-roads/traffic-orders-licensing-strategies-and-regulation/traffic-management-orders?chapter=5" }, "geometry": { "type": "Point", "coordinates": [ 532305.031623928109184, 178477.444783803541213 ] } },
{ "type": "Feature", "properties": { "ID": 344, "Type": "Point Filter", "Descriptio": "Experimental Traffic Order", "Enforcemen": "Filter-Barrier-Planter", "Timed_Enfo": "N", "Exemptions": "N", "Exemption_": null, "LGA": "Southwark", "LTN": "Walworth Healthy Streets", "Implementa": "25/6/2020", "Date_Remov": null, "url": "https://walworthstreetspace.commonplace.is/about", "Notes": "https://www.google.co.uk/maps/@51.4885737,-0.0918192,3a,75y,354.72h,90.52t/data=!3m6!1e1!3m4!1sHdn_0hLP95YMpf1tuQPR7w!2e0!7i16384!8i8192" }, "geometry": { "type": "Point", "coordinates": [ 532578.89270989689976, 178356.939984721655492 ] } },
{ "type": "Feature", "properties": { "ID": 345, "Type": "Point Filter", "Descriptio": "Experimental Traffic Order.WALWORTH PLACE ‚ part road closure between its junctions with East Street and Bronti Close;", "Enforcemen": "Filter-Barrier", "Timed_Enfo": "N", "Exemptions": "N", "Exemption_": null, "LGA": "Southwark", "LTN": "Walworth Healthy Streets", "Implementa": "25/6/2020", "Date_Remov": null, "url": "https://walworthstreetspace.commonplace.is/about", "Notes": "01/10/20 update: Existing part closure - between junctions with East Street and Bronti Close, installation of lockable gates which includes the exemption for emergency service vehicles, refuse collection and vehicles requiring access to East Street premi" }, "geometry": { "type": "Point", "coordinates": [ 532371.803672424866818, 178255.402192257635761 ] } },
{ "type": "Feature", "properties": { "ID": 346, "Type": "Point filter", "Descriptio": "Experimental Traffic Order.Installing a road closure at the junction of Butter Hill and Mill Lane to all traffic except for emergency services, local authority vehicles and cyclists. This will be enforced with Automatic Number Plate Recognition (ANPR) ca", "Enforcemen": "Filter-Navigable-ANPR", "Timed_Enfo": "N", "Exemptions": "N", "Exemption_": null, "LGA": "Sutton", "LTN": "Butter Hill Area", "Implementa": "21-Sep-20", "Date_Remov": "11-Feb", "url": "https://www.sutton.gov.uk/info/200588/health_and_wellbeing/2156/covid-19_safer_active_greener_streets/2", "Notes": null }, "geometry": { "type": "Point", "coordinates": [ 528187.155056314892136, 165130.640417719900142 ] } },
{ "type": "Feature", "properties": { "ID": 347, "Type": "Point filter", "Descriptio": "Experimental Traffic Order.A trial road closure of Esher Avenue at its junction with Wrayfield Road opposite the access to Fairlands Park. The road remains open to pedestrians and cyclists.", "Enforcemen": "Filter-Barrier", "Timed_Enfo": "N", "Exemptions": "N", "Exemption_": null, "LGA": "Sutton", "LTN": "North Cheam Area (Esher Avenue and Wrayfield Road)", "Implementa": "07-Sep-20", "Date_Remov": "11-Feb", "url": "https://sutton.citizenspace.com/highways-environment-and-planning/north-cheam-etmo/", "Notes": "street view:https://goo.gl/maps/1idxcaqGEHG8o4N98" }, "geometry": { "type": "Point", "coordinates": [ 523885.333373922505416, 165153.35022532613948 ] } },
{ "type": "Feature", "properties": { "ID": 348, "Type": "Point Filter", "Descriptio": "No access benhill road northbond past Oakhill road", "Enforcemen": "Filter-Barrier-Bollard", "Timed_Enfo": "N", "Exemptions": "N", "Exemption_": null, "LGA": "Sutton", "LTN": "Central Sutton", "Implementa": "14-Sep-20", "Date_Remov": "11-Feb-21", "url": "https://suttonnorth.focusteam.org.uk/files/2020/07/Benhill-Wood-Road-T29010-GA-03.pdf", "Notes": null }, "geometry": { "type": "Point", "coordinates": [ 526254.289305955870077, 164978.210893832496367 ] } },
{ "type": "Feature", "properties": { "ID": 349, "Type": "Point Filter", "Descriptio": "No access to Benhill Wood Raod from Benhil Avenue", "Enforcemen": "Filter-Barrier-Bollard", "Timed_Enfo": "N", "Exemptions": "N", "Exemption_": null, "LGA": "Sutton", "LTN": "Central Sutton", "Implementa": "14-Sep", "Date_Remov": "11-Feb-21", "url": "https://suttonnorth.focusteam.org.uk/files/2020/08/BW-Rd-Benhill-Ave-T29010-GA-04.pdf", "Notes": null }, "geometry": { "type": "Point", "coordinates": [ 526185.419900183100253, 164621.92409511981532 ] } },
{ "type": "Feature", "properties": { "ID": 350, "Type": "Point filter", "Descriptio": "Experimental Traffic Order. Grennel Edinburgh intersection", "Enforcemen": "Filter-Barrier", "Timed_Enfo": "N", "Exemptions": "N", "Exemption_": null, "LGA": "Sutton", "LTN": "Central Sutton", "Implementa": "14-Sep-20", "Date_Remov": "11-Feb-21", "url": "https://suttonnorth.focusteam.org.uk/files/2020/07/Grennell-Road-T29010-GA-01.pdf", "Notes": "Unsure if Filter-Navigable-ANPR or Filter-Barrier (street view doesn't show filters for this location, but for other Sutton filters shows Filter-Barrier, so maybe this?)" }, "geometry": { "type": "Point", "coordinates": [ 526451.166392232174985, 165537.218013717414578 ] } },
{ "type": "Feature", "properties": { "ID": 351, "Type": "Point filter", "Descriptio": "Experimental Traffic Order.An experimental road closure in Kings Lane over the railway bridge at the junction with Hillcroome Road/Upland Road. The bridge will remain open to pedestrians and cyclists", "Enforcemen": "Filter-Navigable-ANPR", "Timed_Enfo": "N", "Exemptions": "N", "Exemption_": null, "LGA": "Sutton", "LTN": "Sutton South area (Kings Lane)", "Implementa": "07-Sep-20", "Date_Remov": "11-Feb-21", "url": "https://sutton.citizenspace.com/highways-environment-and-planning/sutton-south-etmo/", "Notes": null }, "geometry": { "type": "Point", "coordinates": [ 526871.914583696401678, 163926.128594666079152 ] } },
{ "type": "Feature", "properties": { "ID": 352, "Type": "Point filter", "Descriptio": "Experimental traffic order", "Enforcemen": "Filter-Navigable-ANPR", "Timed_Enfo": "Y", "Exemptions": "Y", "Exemption_": "Residents-area", "LGA": "Sutton", "LTN": "Worcester Park area", "Implementa": "21-Sep-20", "Date_Remov": "11-Feb-21", "url": "https://www.sutton.gov.uk/info/200588/health_and_wellbeing/2156/covid-19_safer_active_greener_streets/2", "Notes": null }, "geometry": { "type": "Point", "coordinates": [ 523036.257854307768866, 166026.192898207867984 ] } },
{ "type": "Feature", "properties": { "ID": 353, "Type": "Point Filter", "Descriptio": "Experimental Traffic Order", "Enforcemen": "Filter-Barrier-Planter", "Timed_Enfo": "N", "Exemptions": "N", "Exemption_": null, "LGA": "Tower Hamlets", "LTN": "Bethnal Green", "Implementa": "01/06/2020", "Date_Remov": null, "url": "https://www.towerhamlets.gov.uk/News_events/2020/January_2020/Bethnal_Green_backs_Liveable_Streets_proposals.aspx", "Notes": null }, "geometry": { "type": "Point", "coordinates": [ 534579.334605267853476, 182935.586753942770883 ] } },
{ "type": "Feature", "properties": { "ID": 354, "Type": "Point Filter", "Descriptio": "Experimental Traffic Order", "Enforcemen": "Filter-Barrier-Planter", "Timed_Enfo": "N", "Exemptions": "N", "Exemption_": null, "LGA": "Tower Hamlets", "LTN": "Bethnal Green", "Implementa": "01/06/2020", "Date_Remov": null, "url": "https://www.towerhamlets.gov.uk/News_events/2020/January_2020/Bethnal_Green_backs_Liveable_Streets_proposals.aspx", "Notes": null }, "geometry": { "type": "Point", "coordinates": [ 534636.228913735598326, 182946.887384834291879 ] } },
{ "type": "Feature", "properties": { "ID": 355, "Type": "Point Filter", "Descriptio": "Experimental Traffic Order", "Enforcemen": "Filter-Barrier-Planter", "Timed_Enfo": "N", "Exemptions": "N", "Exemption_": null, "LGA": "Tower Hamlets", "LTN": "Bethnal Green", "Implementa": "01/06/2020", "Date_Remov": null, "url": "https://www.towerhamlets.gov.uk/News_events/2020/January_2020/Bethnal_Green_backs_Liveable_Streets_proposals.aspx", "Notes": null }, "geometry": { "type": "Point", "coordinates": [ 534713.529165125102736, 183002.685894899303094 ] } },
{ "type": "Feature", "properties": { "ID": 356, "Type": "Point Filter", "Descriptio": "Experimental Traffic Order", "Enforcemen": "Filter-Barrier-Planter", "Timed_Enfo": "N", "Exemptions": "N", "Exemption_": null, "LGA": "Tower Hamlets", "LTN": "Bethnal Green", "Implementa": "01/06/2020", "Date_Remov": null, "url": "https://www.towerhamlets.gov.uk/News_events/2020/January_2020/Bethnal_Green_backs_Liveable_Streets_proposals.aspx", "Notes": null }, "geometry": { "type": "Point", "coordinates": [ 534741.111147068440914, 182891.802679071668535 ] } },
{ "type": "Feature", "properties": { "ID": 357, "Type": "Point Filter", "Descriptio": "Experimental Traffic Order", "Enforcemen": "Filter-Barrier-Planter", "Timed_Enfo": "N", "Exemptions": "N", "Exemption_": null, "LGA": "Tower Hamlets", "LTN": "Bethnal Green", "Implementa": "01/06/2020", "Date_Remov": null, "url": "https://www.towerhamlets.gov.uk/News_events/2020/January_2020/Bethnal_Green_backs_Liveable_Streets_proposals.aspx", "Notes": null }, "geometry": { "type": "Point", "coordinates": [ 534818.979669939610176, 182829.437325125792995 ] } },
{ "type": "Feature", "properties": { "ID": 358, "Type": "Point Filter", "Descriptio": "Experimental Traffic Order", "Enforcemen": "Filter-Barrier-Planter", "Timed_Enfo": "N", "Exemptions": "N", "Exemption_": null, "LGA": "Tower Hamlets", "LTN": "Bethnal Green", "Implementa": "01/06/2020", "Date_Remov": null, "url": "https://www.towerhamlets.gov.uk/News_events/2020/January_2020/Bethnal_Green_backs_Liveable_Streets_proposals.aspx", "Notes": null }, "geometry": { "type": "Point", "coordinates": [ 534856.768403495429084, 183152.488274185860064 ] } },
{ "type": "Feature", "properties": { "ID": 359, "Type": "Point Filter", "Descriptio": "Experimental Traffic Order", "Enforcemen": "Filter-Barrier-Planter", "Timed_Enfo": "N", "Exemptions": "N", "Exemption_": null, "LGA": "Tower Hamlets", "LTN": "Bethnal Green", "Implementa": "01/06/2020", "Date_Remov": null, "url": "https://www.towerhamlets.gov.uk/News_events/2020/January_2020/Bethnal_Green_backs_Liveable_Streets_proposals.aspx", "Notes": null }, "geometry": { "type": "Point", "coordinates": [ 534400.115449421224184, 182786.176028608053457 ] } },
{ "type": "Feature", "properties": { "ID": 360, "Type": "Point Filter", "Descriptio": "Experimental Traffic Order", "Enforcemen": "Filter-Barrier-Planter", "Timed_Enfo": "N", "Exemptions": "N", "Exemption_": null, "LGA": "Tower Hamlets", "LTN": "Bethnal Green", "Implementa": "01/06/2020", "Date_Remov": null, "url": "https://www.towerhamlets.gov.uk/News_events/2020/January_2020/Bethnal_Green_backs_Liveable_Streets_proposals.aspx", "Notes": null }, "geometry": { "type": "Point", "coordinates": [ 534323.531812202651054, 182823.766000165429432 ] } },
{ "type": "Feature", "properties": { "ID": 361, "Type": "Point Filter", "Descriptio": "Experimental Traffic Order", "Enforcemen": "Filter-Barrier-Planter", "Timed_Enfo": "N", "Exemptions": "N", "Exemption_": null, "LGA": "Tower Hamlets", "LTN": "Bethnal Green", "Implementa": "01/06/2020", "Date_Remov": null, "url": "https://www.towerhamlets.gov.uk/News_events/2020/January_2020/Bethnal_Green_backs_Liveable_Streets_proposals.aspx", "Notes": null }, "geometry": { "type": "Point", "coordinates": [ 534162.763918852666393, 182845.222565039002802 ] } },
{ "type": "Feature", "properties": { "ID": 363, "Type": "Point Filter", "Descriptio": "Experimental Traffic Order", "Enforcemen": "Filter-Barrier-Planter", "Timed_Enfo": "N", "Exemptions": "N", "Exemption_": null, "LGA": "Tower Hamlets", "LTN": "Bethnal Green", "Implementa": "01/06/2020", "Date_Remov": null, "url": "https://www.towerhamlets.gov.uk/News_events/2020/January_2020/Bethnal_Green_backs_Liveable_Streets_proposals.aspx", "Notes": null }, "geometry": { "type": "Point", "coordinates": [ 533976.996732406783849, 182832.974390406277962 ] } },
{ "type": "Feature", "properties": { "ID": 364, "Type": "Point Filter", "Descriptio": "Experimental Traffic Order", "Enforcemen": "Filter-Barrier-Planter", "Timed_Enfo": "N", "Exemptions": "N", "Exemption_": null, "LGA": "Tower Hamlets", "LTN": "Bethnal Green", "Implementa": "01/06/2020", "Date_Remov": null, "url": "https://www.towerhamlets.gov.uk/News_events/2020/January_2020/Bethnal_Green_backs_Liveable_Streets_proposals.aspx", "Notes": null }, "geometry": { "type": "Point", "coordinates": [ 534235.329973332234658, 182922.810719587607309 ] } },
{ "type": "Feature", "properties": { "ID": 365, "Type": "Point Filter", "Descriptio": "Experimental Traffic Order", "Enforcemen": "Filter-Barrier-Planter", "Timed_Enfo": "N", "Exemptions": "N", "Exemption_": null, "LGA": "Tower Hamlets", "LTN": "Bethnal Green", "Implementa": "01/06/2020", "Date_Remov": null, "url": "https://www.towerhamlets.gov.uk/News_events/2020/January_2020/Bethnal_Green_backs_Liveable_Streets_proposals.aspx", "Notes": null }, "geometry": { "type": "Point", "coordinates": [ 533895.394237612024881, 182808.343887662282214 ] } },
{ "type": "Feature", "properties": { "ID": 366, "Type": "Point Filter", "Descriptio": "Experimental Traffic Order", "Enforcemen": "Filter-Barrier-Planter", "Timed_Enfo": "N", "Exemptions": "N", "Exemption_": null, "LGA": "Tower Hamlets", "LTN": "Bethnal Green", "Implementa": "01/06/2020", "Date_Remov": null, "url": "https://www.towerhamlets.gov.uk/News_events/2020/January_2020/Bethnal_Green_backs_Liveable_Streets_proposals.aspx", "Notes": null }, "geometry": { "type": "Point", "coordinates": [ 533742.058702959213406, 182703.150347425951622 ] } },
{ "type": "Feature", "properties": { "ID": 367, "Type": "Point Filter", "Descriptio": "Experimental Traffic Order", "Enforcemen": "Filter-Barrier-Planter", "Timed_Enfo": "N", "Exemptions": "N", "Exemption_": null, "LGA": "Tower Hamlets", "LTN": "Bethnal Green", "Implementa": "01/06/2020", "Date_Remov": null, "url": "https://www.towerhamlets.gov.uk/News_events/2020/January_2020/Bethnal_Green_backs_Liveable_Streets_proposals.aspx", "Notes": null }, "geometry": { "type": "Point", "coordinates": [ 533638.79733270755969, 182649.466185664990917 ] } },
{ "type": "Feature", "properties": { "ID": 368, "Type": "Point Filter", "Descriptio": "Experimental Traffic Order", "Enforcemen": "Filter-Barrier-Planter", "Timed_Enfo": "N", "Exemptions": "N", "Exemption_": null, "LGA": "Tower Hamlets", "LTN": "Bethnal Green", "Implementa": "01/06/2020", "Date_Remov": null, "url": "https://www.towerhamlets.gov.uk/News_events/2020/January_2020/Bethnal_Green_backs_Liveable_Streets_proposals.aspx", "Notes": null }, "geometry": { "type": "Point", "coordinates": [ 533542.614215629873797, 182395.110189028549939 ] } },
{ "type": "Feature", "properties": { "ID": 369, "Type": "Bus Gate", "Descriptio": "This Order provides modal filters in roads (closures to vehicular traffic) in Low Hall Lane E17, Edward Road E17 and Station Road E17, except pedal cycles also the same in a section of South Access Road E17 except for local buses. The Order also suspends", "Enforcemen": "Filter-Navigable-ANPR", "Timed_Enfo": "N", "Exemptions": "Y", "Exemption_": "Buses", "LGA": "Waltham Forest", "LTN": "Coppermill Liveable Neighbourhood", "Implementa": "27/08/2020", "Date_Remov": null, "url": "https://www.enjoywalthamforest.co.uk/cln/", "Notes": "Corrected Nov23 to indicate Bus Gate. http://www.enjoywalthamforest.co.uk/wp-content/uploads/2020/01/Coppermill-Improvements-update-leaflet.pdf" }, "geometry": { "type": "Point", "coordinates": [ 536197.448803431703709, 188218.591587070259266 ] } },
{ "type": "Feature", "properties": { "ID": 370, "Type": "Bus Gate", "Descriptio": "This Order provides modal filters in roads (closures to vehicular traffic) in Low Hall Lane E17, Edward Road E17 and Station Road E17, except pedal cycles also the same in a section of South Access Road E17 except for local buses. The Order also suspends", "Enforcemen": "Filter-Navigable-ANPR", "Timed_Enfo": "N", "Exemptions": "Y", "Exemption_": "Buses", "LGA": "Waltham Forest", "LTN": "Coppermill Liveable Neighbourhood", "Implementa": "27/08/2020", "Date_Remov": null, "url": "https://www.enjoywalthamforest.co.uk/cln/", "Notes": "Corrected Nov23 to indicate Bus Gate. http://www.enjoywalthamforest.co.uk/wp-content/uploads/2020/01/Coppermill-Improvements-update-leaflet.pdf" }, "geometry": { "type": "Point", "coordinates": [ 536232.288964668172412, 188258.699398084718268 ] } },
{ "type": "Feature", "properties": { "ID": 371, "Type": "Point Filter", "Descriptio": "This Order provides modal filters in roads (closures to vehicular traffic) in Low Hall Lane E17,Edward Road E17 and Station Road E17, except pedal cycles also the same in a section of South Access Road E17 except for local buses. The Order also suspends", "Enforcemen": "Filter-Barrier-Bollard", "Timed_Enfo": "N", "Exemptions": "N", "Exemption_": null, "LGA": "Waltham Forest", "LTN": "Coppermill Liveable Neighbourhood", "Implementa": "27/08/2020", "Date_Remov": null, "url": "https://www.enjoywalthamforest.co.uk/cln/", "Notes": "https://www.walthamforest.gov.uk/sites/default/files/T36a%2820%29%20%E2%80%93%20Experimental%20and%20associated%20Traffic%20Orders%20V2.pdf" }, "geometry": { "type": "Point", "coordinates": [ 535948.691819157684222, 188693.660853744775523 ] } },
{ "type": "Feature", "properties": { "ID": 372, "Type": "Point Filter", "Descriptio": "This Order provides modal filters in roads (closures to vehicular traffic) between Forest Road E17,\nThe Drive E17 and Church Hill E17, except pedal cycles., all in relation to the Hilltop Walking, Cycling\nsand LTN scheme in the London Borough of Waltham", "Enforcemen": "Filter-Barrier-Bollard", "Timed_Enfo": "N", "Exemptions": "N", "Exemption_": null, "LGA": "Waltham Forest", "LTN": "Hilltop", "Implementa": "9/7/2020", "Date_Remov": null, "url": "https://enjoywalthamforest.co.uk/wp-content/uploads/2020/02/021532-HilltopPublic-Consultation-Leaflet-Final.pdf", "Notes": null }, "geometry": { "type": "Point", "coordinates": [ 537683.988325696554966, 189555.212794244056568 ] } },
{ "type": "Feature", "properties": { "ID": 701, "Type": "Point Filter", "Descriptio": "This Order provides modal filters in roads (closures to vehicular traffic) between Forest Road E17,\nThe Drive E17 and Church Hill E17, except pedal cycles., all in relation to the Hilltop Walking, Cycling\nsand LTN scheme in the London Borough of Waltham", "Enforcemen": "Filter-Barrier", "Timed_Enfo": "N", "Exemptions": "N", "Exemption_": null, "LGA": "Waltham Forest", "LTN": "Hilltop", "Implementa": "9/7/2020", "Date_Remov": null, "url": "https://enjoywalthamforest.co.uk/wp-content/uploads/2020/02/021532-HilltopPublic-Consultation-Leaflet-Final.pdfNULL", "Notes": "Added to data in Nov23 update." }, "geometry": { "type": "Point", "coordinates": [ 537679.996972730616108, 189316.966962066304404 ] } },
{ "type": "Feature", "properties": { "ID": 375, "Type": "Point Filter", "Descriptio": "Experimental traffic order. The Council will be considering in due course whether the provisions of the experimental Traffic Orders should be\ncontinued in force indefinitely by means of permanent Traffic Orders made under sections 6, 45, 46 and 124 of an", "Enforcemen": "Filter-Barrier", "Timed_Enfo": "N", "Exemptions": "N", "Exemption_": null, "LGA": "Waltham Forest", "LTN": "Markhouse Village", "Implementa": "25/06/2020", "Date_Remov": null, "url": "https://www.walthamforest.gov.uk/sites/default/files/T21ab%2820%29%20Experimental%20Making%20%28EXPNoM%29%20and%20road%20hump%20Notice%20-%20Markhouse%20Enjoy%20-%20series%204%20ExpNoM%20v5%20%28submission%29%20-%20Copy.pdf", "Notes": null }, "geometry": { "type": "Point", "coordinates": [ 537200.63421225908678, 188304.063348109833896 ] } },
{ "type": "Feature", "properties": { "ID": 376, "Type": "Point Filter", "Descriptio": "Experimental traffic order. The Council will be considering in due course whether the provisions of the experimental Traffic Orders should be\ncontinued in force indefinitely by means of permanent Traffic Orders made under sections 6, 45, 46 and 124 of an", "Enforcemen": "Filter-Barrier-Bollard", "Timed_Enfo": "N", "Exemptions": "N", "Exemption_": null, "LGA": "Waltham Forest", "LTN": "Markhouse Village", "Implementa": "25/06/2020", "Date_Remov": null, "url": "https://www.walthamforest.gov.uk/sites/default/files/T21ab%2820%29%20Experimental%20Making%20%28EXPNoM%29%20and%20road%20hump%20Notice%20-%20Markhouse%20Enjoy%20-%20series%204%20ExpNoM%20v5%20%28submission%29%20-%20Copy.pdf", "Notes": null }, "geometry": { "type": "Point", "coordinates": [ 537179.889115317491814, 188194.33197536849184 ] } },
{ "type": "Feature", "properties": { "ID": 377, "Type": "Point Filter", "Descriptio": "Experimental traffic order. The Council will be considering in due course whether the provisions of the experimental Traffic Orders should be\ncontinued in force indefinitely by means of permanent Traffic Orders made under sections 6, 45, 46 and 124 of an", "Enforcemen": "Filter-Barrier-Bollard", "Timed_Enfo": "N", "Exemptions": "N", "Exemption_": null, "LGA": "Waltham Forest", "LTN": "Markhouse Village", "Implementa": "25/06/2020", "Date_Remov": null, "url": "https://www.walthamforest.gov.uk/sites/default/files/T21ab%2820%29%20Experimental%20Making%20%28EXPNoM%29%20and%20road%20hump%20Notice%20-%20Markhouse%20Enjoy%20-%20series%204%20ExpNoM%20v5%20%28submission%29%20-%20Copy.pdf", "Notes": null }, "geometry": { "type": "Point", "coordinates": [ 537327.914504242246039, 188399.764229993743356 ] } },
{ "type": "Feature", "properties": { "ID": 378, "Type": "Point Filter", "Descriptio": "Experimental traffic order. The Council will be considering in due course whether the provisions of the experimental Traffic Orders should be\ncontinued in force indefinitely by means of permanent Traffic Orders made under sections 6, 45, 46 and 124 of an", "Enforcemen": "Filter-Barrier", "Timed_Enfo": "N", "Exemptions": "N", "Exemption_": null, "LGA": "Waltham Forest", "LTN": "Markhouse Village", "Implementa": "25/06/2020", "Date_Remov": null, "url": "https://www.walthamforest.gov.uk/sites/default/files/T21ab%2820%29%20Experimental%20Making%20%28EXPNoM%29%20and%20road%20hump%20Notice%20-%20Markhouse%20Enjoy%20-%20series%204%20ExpNoM%20v5%20%28submission%29%20-%20Copy.pdf", "Notes": null }, "geometry": { "type": "Point", "coordinates": [ 537232.996286258799955, 188233.049426826648414 ] } },
{ "type": "Feature", "properties": { "ID": 379, "Type": "Point Filter", "Descriptio": "Experimental traffic order. The Council will be considering in due course whether the provisions of the experimental Traffic Orders should be\ncontinued in force indefinitely by means of permanent Traffic Orders made under sections 6, 45, 46 and 124 of an", "Enforcemen": "Filter-Barrier", "Timed_Enfo": "N", "Exemptions": "N", "Exemption_": null, "LGA": "Waltham Forest", "LTN": "Markhouse Village", "Implementa": "25/06/2020", "Date_Remov": null, "url": "https://www.walthamforest.gov.uk/sites/default/files/T21ab%2820%29%20Experimental%20Making%20%28EXPNoM%29%20and%20road%20hump%20Notice%20-%20Markhouse%20Enjoy%20-%20series%204%20ExpNoM%20v5%20%28submission%29%20-%20Copy.pdf", "Notes": null }, "geometry": { "type": "Point", "coordinates": [ 537257.213547782506794, 188347.660315879096743 ] } },
{ "type": "Feature", "properties": { "ID": 380, "Type": "Point Filter", "Descriptio": "Filter on Blenheim Road. Access by motor vehicle to the area south of the modal filter will be via Leytonstone Road. Access by motor vehicle to the area north of the modal filter will be via Cann Hall Road.", "Enforcemen": "Filter-Barrier-Planter", "Timed_Enfo": "N", "Exemptions": "N", "Exemption_": null, "LGA": "Waltham Forest", "LTN": "South Leytonstone LTN Odessa", "Implementa": "01/09/2020", "Date_Remov": null, "url": "https://newhamwalthamforestltn.commonplace.is/overview", "Notes": null }, "geometry": { "type": "Point", "coordinates": [ 539384.926800849032588, 185734.615719504654408 ] } },
{ "type": "Feature", "properties": { "ID": 381, "Type": "Point Filter", "Descriptio": "Filter on Thorpe Road. Access by motor vehicle to the area west of the modal filter will be via Cann Hall Road. Access by motor vehicle to the area east of the modal filter will be via Dames Road. Thorpe Road, between Dames Road and Broxbourne Road, will", "Enforcemen": "Filter-Barrier-Planter", "Timed_Enfo": "N", "Exemptions": "N", "Exemption_": null, "LGA": "Waltham Forest", "LTN": "South Leytonstone LTN Odessa", "Implementa": "01/09/2020", "Date_Remov": null, "url": "https://newhamwalthamforestltn.commonplace.is/overview", "Notes": null }, "geometry": { "type": "Point", "coordinates": [ 539833.648954901611432, 185888.406939316424541 ] } },
{ "type": "Feature", "properties": { "ID": 382, "Type": "Point Filter", "Descriptio": "Filter on Hesketh Road. Access by motor vehicle to Hesketh Road will be via Dames Road.", "Enforcemen": "Filter-Barrier-Planter", "Timed_Enfo": "N", "Exemptions": "N", "Exemption_": null, "LGA": "Waltham Forest", "LTN": "South Leytonstone LTN Odessa", "Implementa": "01/09/2020", "Date_Remov": null, "url": "https://newhamwalthamforestltn.commonplace.is/overview", "Notes": null }, "geometry": { "type": "Point", "coordinates": [ 540069.871923878206871, 186074.316909163608216 ] } },
{ "type": "Feature", "properties": { "ID": 383, "Type": "Point Filter", "Descriptio": "Filter at Thorpe Road. Access by motor vehicle to the area west of the modal filter will be via Cann Hall Road. Access by motor vehicle to the area east of the modal filter will be via Dames Road.", "Enforcemen": "Filter-Barrier-Planter", "Timed_Enfo": "N", "Exemptions": "N", "Exemption_": null, "LGA": "Waltham Forest", "LTN": "South Leytonstone LTN Odessa", "Implementa": "01/09/2020", "Date_Remov": null, "url": "https://newhamwalthamforestltn.commonplace.is/overview", "Notes": null }, "geometry": { "type": "Point", "coordinates": [ 540083.549993585096672, 186096.506764534278773 ] } },
{ "type": "Feature", "properties": { "ID": 384, "Type": "Point Filter", "Descriptio": "Filter on Ramsay Road. Access by motor vehicle to the area west of the modal filter will be via Cann Hall Road. Access by motor vehicle to the area east of the modal filter will be via Dames Road.", "Enforcemen": "Filter-Barrier-Planter", "Timed_Enfo": "N", "Exemptions": "N", "Exemption_": null, "LGA": "Waltham Forest", "LTN": "South Leytonstone LTN Odessa", "Implementa": "01/09/2020", "Date_Remov": null, "url": "https://newhamwalthamforestltn.commonplace.is/overview", "Notes": null }, "geometry": { "type": "Point", "coordinates": [ 540033.344245834392495, 186198.840102788351942 ] } },
{ "type": "Feature", "properties": { "ID": 385, "Type": "Point Filter", "Descriptio": "No motor vehcile access on South Carridge Drive on Saturdays and Sundays", "Enforcemen": "Filter-Permeable", "Timed_Enfo": "Y", "Exemptions": "N", "Exemption_": null, "LGA": "Westminster", "LTN": "Hyde Park", "Implementa": "Aug-20", "Date_Remov": null, "url": "https://www.royalparks.org.uk/__data/assets/pdf_file/0006/118941/MovementFactSheet_Hyde.pdf", "Notes": "2021 Update." }, "geometry": { "type": "Point", "coordinates": [ 527469.850027591921389, 179742.443267248687334 ] } },
{ "type": "Feature", "properties": { "ID": 386, "Type": "Point Filter", "Descriptio": "No motor vehcile access on North Carridge Drive on Saturdays and Sundays", "Enforcemen": "Filter-Permeable", "Timed_Enfo": "Y", "Exemptions": "N", "Exemption_": null, "LGA": "Westminster", "LTN": "Hyde Park", "Implementa": "Aug-20", "Date_Remov": null, "url": "https://www.royalparks.org.uk/__data/assets/pdf_file/0006/118941/MovementFactSheet_Hyde.pdf", "Notes": "2021 Update." }, "geometry": { "type": "Point", "coordinates": [ 527188.253777319216169, 180804.952911512635183 ] } },
{ "type": "Feature", "properties": { "ID": 387, "Type": "New Access Restriction", "Descriptio": "New Quebec Street outdoor dining. Not in place 2021.", "Enforcemen": "Filter-Barrier", "Timed_Enfo": "Y", "Exemptions": "N", "Exemption_": null, "LGA": "Westminster", "LTN": null, "Implementa": "Jul-20", "Date_Remov": "Nov-20", "url": "https://www.westminster.gov.uk/businesses/coronavirus-helping-hand-businesses/temporary-al-fresco-schemes-road-closures", "Notes": "2021 Update." }, "geometry": { "type": "Point", "coordinates": [ 527896.545527425128967, 181188.040969527501147 ] } },
{ "type": "Feature", "properties": { "ID": 388, "Type": "New Access Restriction", "Descriptio": "3 - James Street - Temporary timed closure of James Street, Barrett Street, and Picton Place, with restaurant and cafe seating. Timed closure 11am–11pm.", "Enforcemen": "Filter-Barrier", "Timed_Enfo": "Y", "Exemptions": "N", "Exemption_": null, "LGA": "Westminster", "LTN": "Marylebone South Dining", "Implementa": "Jul-20", "Date_Remov": null, "url": "https://www.westminster.gov.uk/businesses/coronavirus-helping-hand-businesses/temporary-al-fresco-schemes-road-closures", "Notes": "2021 Update." }, "geometry": { "type": "Point", "coordinates": [ 528418.130960769252852, 181208.316272090247367 ] } },
{ "type": "Feature", "properties": { "ID": 389, "Type": "New Access Restriction", "Descriptio": "Lower Section of Marylebone Lane outoor dining. No longer in place 2021 (it's the upper bit open now)", "Enforcemen": "Filter-Barrier", "Timed_Enfo": "Y", "Exemptions": "N", "Exemption_": null, "LGA": "Westminster", "LTN": "Marylebone South Dining", "Implementa": "Jul-20", "Date_Remov": "Nov-20", "url": "https://www.westminster.gov.uk/businesses/coronavirus-helping-hand-businesses/temporary-al-fresco-schemes-road-closures", "Notes": "2021 Update." }, "geometry": { "type": "Point", "coordinates": [ 528517.644981137709692, 181256.788552685640752 ] } },
{ "type": "Feature", "properties": { "ID": 390, "Type": "New Access Restricition", "Descriptio": "Seymour Place outdoor dining. Not in place 2021", "Enforcemen": "Filter-Barrier", "Timed_Enfo": "Y", "Exemptions": "N", "Exemption_": null, "LGA": "Westminster", "LTN": null, "Implementa": "Jul-20", "Date_Remov": "Nov-20", "url": "https://www.westminster.gov.uk/businesses/coronavirus-helping-hand-businesses/temporary-al-fresco-schemes-road-closures", "Notes": "2021 Update." }, "geometry": { "type": "Point", "coordinates": [ 527697.171747836400755, 181140.186606867180672 ] } },
{ "type": "Feature", "properties": { "ID": 391, "Type": "New Access Restriction", "Descriptio": "37 - Marelybone Lane - Timed closure to allow outdoor dining. Operating from 12th April to 17th May. Timed closure, Monday to Wednesday 5pm - 10pm, Thursday to Saturday 12pm - 10pm.", "Enforcemen": "Filter-Barrier", "Timed_Enfo": "Y", "Exemptions": "N", "Exemption_": null, "LGA": "Westminster", "LTN": "Marylebone South Dining", "Implementa": "Jul-20", "Date_Remov": null, "url": "https://www.westminster.gov.uk/businesses/coronavirus-helping-hand-businesses/temporary-al-fresco-schemes-road-closures", "Notes": "2021 Update." }, "geometry": { "type": "Point", "coordinates": [ 528426.458443694747984, 181362.308644733100664 ] } },
{ "type": "Feature", "properties": { "ID": 392, "Type": "New Access Restriction", "Descriptio": "Temporary timed closure of road with restaurant & bar seating. 5–11pm Monday to Friday, midday–11pm on Saturdays and midday–10.30pm on Sundays. Footway widening between Wardour St and Dean St.", "Enforcemen": "Filter-Barrier", "Timed_Enfo": "Y", "Exemptions": "N", "Exemption_": null, "LGA": "Westminster", "LTN": "Soho East Dining", "Implementa": "Jul-20", "Date_Remov": "Oct-21", "url": "https://www.westminster.gov.uk/businesses/coronavirus-helping-hand-businesses/temporary-al-fresco-schemes-road-closures", "Notes": "2021 Update." }, "geometry": { "type": "Point", "coordinates": [ 529806.879006823408417, 181040.966406527382787 ] } },
{ "type": "Feature", "properties": { "ID": 393, "Type": "New Access Restriction", "Descriptio": "8 - D'arblay Street - Temporary timed closure of road with restaurant & bar seating. 5–11pm Monday to Friday, midday–11pm on Saturdays and midday–10.30pm on Sundays.", "Enforcemen": "Filter-Barrier", "Timed_Enfo": "Y", "Exemptions": "N", "Exemption_": null, "LGA": "Westminster", "LTN": "Soho West Dining", "Implementa": "Jul-20", "Date_Remov": "Nov-20", "url": "https://www.westminster.gov.uk/businesses/coronavirus-helping-hand-businesses/temporary-al-fresco-schemes-road-closures", "Notes": "2021 Update." }, "geometry": { "type": "Point", "coordinates": [ 529467.987125245155767, 181185.325917428242974 ] } },
{ "type": "Feature", "properties": { "ID": 394, "Type": "New Access Restriction", "Descriptio": "7 - Berwick Street - Temporary timed closure of road, except for resident access, with restaurant & bar seating. 5–11pm Monday to Friday, midday–11pm on Saturdays and midday–10.30pm on Sundays.", "Enforcemen": "Filter-Barrier", "Timed_Enfo": "Y", "Exemptions": "N", "Exemption_": null, "LGA": "Westminster", "LTN": "Soho West Dining", "Implementa": "Jul-20", "Date_Remov": "Nov-20", "url": "https://www.westminster.gov.uk/businesses/coronavirus-helping-hand-businesses/temporary-al-fresco-schemes-road-closures", "Notes": "2021 Update." }, "geometry": { "type": "Point", "coordinates": [ 529508.949839528999291, 181068.194714600802399 ] } },
{ "type": "Feature", "properties": { "ID": 395, "Type": "New Access Restriction", "Descriptio": "20 - Bateman Street- Temporary timed closure of road with restaurant & bar seating. 5–11pm Monday to Friday, midday–11pm on Saturdays and midday–10.30pm on Sundays.", "Enforcemen": "Filter-Barrier", "Timed_Enfo": "Y", "Exemptions": "N", "Exemption_": null, "LGA": "Westminster", "LTN": "Soho East Dining", "Implementa": "Jul-20", "Date_Remov": "Oct-21", "url": "https://www.westminster.gov.uk/businesses/coronavirus-helping-hand-businesses/temporary-al-fresco-schemes-road-closures", "Notes": "2021 Update." }, "geometry": { "type": "Point", "coordinates": [ 529769.342474189470522, 181124.243776327406522 ] } },
{ "type": "Feature", "properties": { "ID": 396, "Type": "New Access Restriction", "Descriptio": "18 - Frith Street - Temporary timed closure of road with restaurant & bar seating. 5–11pm Monday to Friday, midday–11pm on Saturdays and midday–10.30pm on Sundays.", "Enforcemen": "Filter-Barrier", "Timed_Enfo": "Y", "Exemptions": "N", "Exemption_": null, "LGA": "Westminster", "LTN": "Soho East Dining", "Implementa": "Jul-20", "Date_Remov": "Oct-21", "url": "https://www.westminster.gov.uk/businesses/coronavirus-helping-hand-businesses/temporary-al-fresco-schemes-road-closures", "Notes": "2021 Update." }, "geometry": { "type": "Point", "coordinates": [ 529756.149934346205555, 181072.60864271299215 ] } },
{ "type": "Feature", "properties": { "ID": 397, "Type": "New Access Restriction", "Descriptio": "Oxendon Street outdoor dining. No longer in place 2021", "Enforcemen": "Filter-Barrier", "Timed_Enfo": "Y", "Exemptions": "N", "Exemption_": null, "LGA": "Westminster", "LTN": "Leicester Square Dining", "Implementa": "Jul-20", "Date_Remov": "Nov-20", "url": "https://www.westminster.gov.uk/businesses/coronavirus-helping-hand-businesses/temporary-al-fresco-schemes-road-closures", "Notes": "2021 Update." }, "geometry": { "type": "Point", "coordinates": [ 529760.56422326376196, 180614.152821051655337 ] } },
{ "type": "Feature", "properties": { "ID": 398, "Type": "New Access Restriction", "Descriptio": "14 - Upper James StreetTemporary timed closure of road with restaurant & bar seating. 5–11pm Monday to Friday, midday–11pm on Saturdays and midday–10.30pm on Sundays.", "Enforcemen": "Filter-Barrier", "Timed_Enfo": "Y", "Exemptions": "N", "Exemption_": null, "LGA": "Westminster", "LTN": "Soho West Dining", "Implementa": "Jul-20", "Date_Remov": "Nov-20", "url": "https://www.westminster.gov.uk/businesses/coronavirus-helping-hand-businesses/temporary-al-fresco-schemes-road-closures", "Notes": "2021 Update." }, "geometry": { "type": "Point", "coordinates": [ 529360.589498577872291, 180895.833417560439557 ] } },
{ "type": "Feature", "properties": { "ID": 399, "Type": "New Access Restriction", "Descriptio": "14 - Golden Square - Temporary timed closure of road with restaurant & bar seating. 5–11pm Monday to Friday, midday–11pm on Saturdays and midday–10.30pm on Sundays.", "Enforcemen": "Filter-Barrier", "Timed_Enfo": "Y", "Exemptions": "N", "Exemption_": null, "LGA": "Westminster", "LTN": "Soho West Dining", "Implementa": "Jul-20", "Date_Remov": "Nov-20", "url": "https://www.westminster.gov.uk/businesses/coronavirus-helping-hand-businesses/temporary-al-fresco-schemes-road-closures", "Notes": "2021 Update." }, "geometry": { "type": "Point", "coordinates": [ 529350.740032271831296, 180859.97451321297558 ] } },
{ "type": "Feature", "properties": { "ID": 400, "Type": "New Access Restriction", "Descriptio": "Beak Street Alfresco Dining. No longer in place 2021", "Enforcemen": "Filter-Barrier", "Timed_Enfo": "Y", "Exemptions": "N", "Exemption_": null, "LGA": "Westminster", "LTN": "Soho West Dining", "Implementa": "Jul-20", "Date_Remov": "Nov-20", "url": "https://www.westminster.gov.uk/businesses/coronavirus-helping-hand-businesses/temporary-al-fresco-schemes-road-closures", "Notes": "2021 Update." }, "geometry": { "type": "Point", "coordinates": [ 529394.127050206181593, 180955.774571235699113 ] } },
{ "type": "Feature", "properties": { "ID": 401, "Type": "New Access Restriction", "Descriptio": "Irving Street Alfresco Dining. No longer in place 2021", "Enforcemen": "Filter-Barrier", "Timed_Enfo": "Y", "Exemptions": "N", "Exemption_": null, "LGA": "Westminster", "LTN": "Leicester Square Dining", "Implementa": "Jul-20", "Date_Remov": "Nov-20", "url": "https://www.westminster.gov.uk/businesses/coronavirus-helping-hand-businesses/temporary-al-fresco-schemes-road-closures", "Notes": "2021 Update." }, "geometry": { "type": "Point", "coordinates": [ 529955.555236024898477, 180651.738531263661571 ] } },
{ "type": "Feature", "properties": { "ID": 402, "Type": "New Access Restricition", "Descriptio": "Great Castle Street Alfresco Dining. No longer in place 2021", "Enforcemen": "Filter-Barrier", "Timed_Enfo": "Y", "Exemptions": "N", "Exemption_": null, "LGA": "Westminster", "LTN": "Soho Dining", "Implementa": "Jul-20", "Date_Remov": "Nov-20", "url": "https://www.westminster.gov.uk/businesses/coronavirus-helping-hand-businesses/temporary-al-fresco-schemes-road-closures", "Notes": "2021 Update." }, "geometry": { "type": "Point", "coordinates": [ 529117.600866336724721, 181334.756410820700694 ] } },
{ "type": "Feature", "properties": { "ID": 403, "Type": "New Access Restriction", "Descriptio": "Cecil Court Alfresco Dining. No longer in place 2021", "Enforcemen": "Filter-Barrier", "Timed_Enfo": "Y", "Exemptions": "N", "Exemption_": null, "LGA": "Westminster", "LTN": "Covent Garden South Dining", "Implementa": "Jul-20", "Date_Remov": "Nov-20", "url": "https://www.westminster.gov.uk/businesses/coronavirus-helping-hand-businesses/temporary-al-fresco-schemes-road-closures", "Notes": "2021 Update." }, "geometry": { "type": "Point", "coordinates": [ 530021.22839799860958, 180750.005886657163501 ] } },
{ "type": "Feature", "properties": { "ID": 404, "Type": "New Access Restriction", "Descriptio": "17 - Dean Street - Temporary timed closure of road, except for resident access, with restaurant & bar seating. 5–11pm Monday to Friday, midday–11pm on Saturdays and midday–10.30pm on Sundays.", "Enforcemen": "Filter-Barrier", "Timed_Enfo": "Y", "Exemptions": "N", "Exemption_": null, "LGA": "Westminster", "LTN": "Soho East Dining", "Implementa": "Jul-20", "Date_Remov": "Oct-21", "url": "https://www.westminster.gov.uk/businesses/coronavirus-helping-hand-businesses/temporary-al-fresco-schemes-road-closures", "Notes": "2021 Update." }, "geometry": { "type": "Point", "coordinates": [ 529688.360383127932437, 181065.425733412790578 ] } },
{ "type": "Feature", "properties": { "ID": 405, "Type": "New Access Restriction", "Descriptio": "Alfresco Dining timed closure on Floral Street. Number 28 on Westminster 2021. 11am - 11pm", "Enforcemen": "Filter-Barrier", "Timed_Enfo": "Y", "Exemptions": "N", "Exemption_": null, "LGA": "Westminster", "LTN": "Covent Garden South Dining", "Implementa": "Jul-20", "Date_Remov": null, "url": "https://www.westminster.gov.uk/businesses/coronavirus-helping-hand-businesses/temporary-al-fresco-schemes-road-closures", "Notes": "2021 Update." }, "geometry": { "type": "Point", "coordinates": [ 530165.058450964046642, 180884.437158666318282 ] } },
{ "type": "Feature", "properties": { "ID": 406, "Type": "New Access Restriction", "Descriptio": "Greek Street. Temporary timed closure of road, except for resident access, with restaurant & bar seating. 5–11pm Monday to Friday, midday–11pm on Saturdays and midday–10.30pm on Sundays.", "Enforcemen": "Filter-Barrier", "Timed_Enfo": "Y", "Exemptions": "N", "Exemption_": null, "LGA": "Westminster", "LTN": "Soho East Dining", "Implementa": "Jul-20", "Date_Remov": "Oct-21", "url": "https://www.westminster.gov.uk/businesses/coronavirus-helping-hand-businesses/temporary-al-fresco-schemes-road-closures", "Notes": "2021 Update." }, "geometry": { "type": "Point", "coordinates": [ 529806.463073052000254, 181092.587901477294508 ] } },
{ "type": "Feature", "properties": { "ID": 407, "Type": "New Access Restriction", "Descriptio": "Alfresco Dining timed closure on Henrietta Street. Number 30 on Westminster 2021. 11am - 11pm", "Enforcemen": "Filter-Barrier", "Timed_Enfo": "Y", "Exemptions": "N", "Exemption_": null, "LGA": "Westminster", "LTN": "Covent Garden South Dining", "Implementa": "Jul-20", "Date_Remov": null, "url": "https://www.westminster.gov.uk/businesses/coronavirus-helping-hand-businesses/temporary-al-fresco-schemes-road-closures", "Notes": "2021 Update." }, "geometry": { "type": "Point", "coordinates": [ 530261.607960054185241, 180767.128252402850194 ] } },
{ "type": "Feature", "properties": { "ID": 408, "Type": "New Access Restriction", "Descriptio": "Alfresco Dining timed closure on Maiden Lane. Number 31 from Westminster 2021. 11am-11pm", "Enforcemen": "Filter-Barrier", "Timed_Enfo": "Y", "Exemptions": "N", "Exemption_": null, "LGA": "Westminster", "LTN": "Covent Garden South Dining", "Implementa": "Jul-20", "Date_Remov": null, "url": "https://www.westminster.gov.uk/businesses/coronavirus-helping-hand-businesses/temporary-al-fresco-schemes-road-closures", "Notes": "2021 Update." }, "geometry": { "type": "Point", "coordinates": [ 530336.274878164753318, 180752.066269297793042 ] } },
{ "type": "Feature", "properties": { "ID": 409, "Type": "New Access Restriction", "Descriptio": "Moor Street. Westminster 2021 no. 21. Temporary timed closure of road with restaurant & bar seating. 5–11pm Monday to Friday, midday–11pm on Saturdays and midday–10.30pm on Sundays.", "Enforcemen": "Filter-Barrier", "Timed_Enfo": "Y", "Exemptions": "N", "Exemption_": null, "LGA": "Westminster", "LTN": "Soho East Dining", "Implementa": "Jul-20", "Date_Remov": "Oct-21", "url": "https://www.westminster.gov.uk/businesses/coronavirus-helping-hand-businesses/temporary-al-fresco-schemes-road-closures", "Notes": "2021 Update." }, "geometry": { "type": "Point", "coordinates": [ 529867.773516558692791, 181054.428704492864199 ] } },
{ "type": "Feature", "properties": { "ID": 410, "Type": "New Access Restriction", "Descriptio": "Existing timed pedestrianisation extended to 11pm New Row. Number 27 from Westminster 2021", "Enforcemen": "Filter-Barrier", "Timed_Enfo": "Y", "Exemptions": "N", "Exemption_": null, "LGA": "Westminster", "LTN": "Covent Garden South Dining", "Implementa": "Jul-20", "Date_Remov": null, "url": "https://www.westminster.gov.uk/businesses/coronavirus-helping-hand-businesses/temporary-al-fresco-schemes-road-closures", "Notes": "2021 Update." }, "geometry": { "type": "Point", "coordinates": [ 530146.257759059080854, 180797.048824613855686 ] } },
{ "type": "Feature", "properties": { "ID": 411, "Type": "New Access Restriction", "Descriptio": "Alfresco Dining timed closure on Southampton Street. Number 32 from Westminster 2021 11am-11pm", "Enforcemen": "Filter-Barrier", "Timed_Enfo": "Y", "Exemptions": "N", "Exemption_": null, "LGA": "Westminster", "LTN": "Covent Garden South Dining", "Implementa": "Jul-20", "Date_Remov": null, "url": "https://www.westminster.gov.uk/businesses/coronavirus-helping-hand-businesses/temporary-al-fresco-schemes-road-closures", "Notes": "2021 Update." }, "geometry": { "type": "Point", "coordinates": [ 530428.483637800673023, 180773.793849998735823 ] } },
{ "type": "Feature", "properties": { "ID": 412, "Type": "New Access Restriction", "Descriptio": "Romilly StreetNo Longer in place 2021", "Enforcemen": "Filter-Barrier", "Timed_Enfo": "Y", "Exemptions": "N", "Exemption_": null, "LGA": "Westminster", "LTN": "Soho East Dining", "Implementa": "Jul-20", "Date_Remov": "Oct-21", "url": "https://www.westminster.gov.uk/businesses/coronavirus-helping-hand-businesses/temporary-al-fresco-schemes-road-closures", "Notes": "2021 Update." }, "geometry": { "type": "Point", "coordinates": [ 529814.568759229849093, 180995.428342170489486 ] } },
{ "type": "Feature", "properties": { "ID": 413, "Type": "New Access Restriction", "Descriptio": "Alfresco Dining timed closure on Burleigh Street. Number 33 from Westminster 11am-11pm", "Enforcemen": "Filter-Barrier", "Timed_Enfo": "Y", "Exemptions": "N", "Exemption_": null, "LGA": "Westminster", "LTN": "Covent Garden South Dining", "Implementa": "Jul-20", "Date_Remov": null, "url": "https://www.westminster.gov.uk/businesses/coronavirus-helping-hand-businesses/temporary-al-fresco-schemes-road-closures", "Notes": "2021 Update." }, "geometry": { "type": "Point", "coordinates": [ 530517.886819238658063, 180847.197132011206122 ] } },
{ "type": "Feature", "properties": { "ID": 414, "Type": "New Access Restricition", "Descriptio": "14 - Upper John Street - Temporary timed closure of road with restaurant & bar seating. 5–11pm Monday to Friday, midday–11pm on Saturdays and midday–10.30pm on Sundays.", "Enforcemen": "Filter-Barrier", "Timed_Enfo": "Y", "Exemptions": "N", "Exemption_": null, "LGA": "Westminster", "LTN": "Soho West Dining", "Implementa": "Jul-20", "Date_Remov": "Nov-20", "url": "https://www.westminster.gov.uk/businesses/coronavirus-helping-hand-businesses/temporary-al-fresco-schemes-road-closures", "Notes": "2021 Update." }, "geometry": { "type": "Point", "coordinates": [ 529309.846214752760716, 180862.605987206101418 ] } },
{ "type": "Feature", "properties": { "ID": 415, "Type": "New Access Restricition", "Descriptio": "Alfresco Dining timed closure Newport place. No longer in place 2021", "Enforcemen": "Filter-Barrier", "Timed_Enfo": "Y", "Exemptions": "N", "Exemption_": null, "LGA": "Westminster", "LTN": "Leicester Square Dining", "Implementa": "Jul-20", "Date_Remov": "Nov-20", "url": "https://www.westminster.gov.uk/businesses/coronavirus-helping-hand-businesses/temporary-al-fresco-schemes-road-closures", "Notes": "2021 Update." }, "geometry": { "type": "Point", "coordinates": [ 529889.79329582862556, 180893.752274342055898 ] } },
{ "type": "Feature", "properties": { "ID": 416, "Type": "New Access Restriction", "Descriptio": "Alfresco Dining timed closure on King Street. Number 29 from Westminster 11am-11pm", "Enforcemen": "Filter-Barrier", "Timed_Enfo": "Y", "Exemptions": "N", "Exemption_": null, "LGA": "Westminster", "LTN": "Covent Garden South Dining", "Implementa": "Jul-20", "Date_Remov": null, "url": "https://www.westminster.gov.uk/businesses/coronavirus-helping-hand-businesses/temporary-al-fresco-schemes-road-closures", "Notes": "2021 Update. Note that a timed restriction has existed here prior to 2020. Timings varied before and during Covid-19 measures. Current status is essentially untimed, with expcetion of allowing deliveries at specific times." }, "geometry": { "type": "Point", "coordinates": [ 530213.990347169456072, 180829.38654610485537 ] } },
{ "type": "Feature", "properties": { "ID": 501, "Type": "Point Filter", "Descriptio": "No access between Woodstock and Adrienne", "Enforcemen": "Filter-Navigable-ANPR", "Timed_Enfo": "N", "Exemptions": "N", "Exemption_": null, "LGA": "Ealing", "LTN": "Adrienne Avenue LTN", "Implementa": "01/2021", "Date_Remov": null, "url": "https://www.ealing.gov.uk/download/downloads/id/15211/ltn_48_adrienne_avenue_low_traffic_neighbourhood_plan.pdf", "Notes": "Part of adjustment to the scheme that was just one filter" }, "geometry": { "type": "Point", "coordinates": [ 512886.41756652580807, 182610.1960729691491 ] } },
{ "type": "Feature", "properties": { "ID": 502, "Type": "Point Filter", "Descriptio": "No access between Inverness Street and Arlington Road.", "Enforcemen": "Filter-Navigable-ANPR", "Timed_Enfo": "N", "Exemptions": "N", "Exemption_": null, "LGA": "Camden", "LTN": "Arlington Road LTN", "Implementa": "02/2021", "Date_Remov": null, "url": "https://www.camden.gov.uk/documents/20142/181204604/Arlington+Road+Ammendments+Letter.pdf/90f96cb8-bb8e-4057-c842-64997ddc2e2e?t=1611307392285", "Notes": "Corrected in Nov23 to western side of Arlington Road, per latest GSV. Filter on eastside appears to be historic. Addition in February." }, "geometry": { "type": "Point", "coordinates": [ 528765.938872568774968, 183891.737236371991457 ] } },
{ "type": "Feature", "properties": { "ID": 503, "Type": "Point Filter", "Descriptio": "No access between Mornington Place and Morning Terrace/Clarkson Row", "Enforcemen": "Filter-Barrier-Bollard", "Timed_Enfo": "N", "Exemptions": "N", "Exemption_": null, "LGA": "Camden", "LTN": "Arlington Road LTN", "Implementa": "02/2020", "Date_Remov": null, "url": "https://www.camden.gov.uk/documents/20142/181204604/Arlington+Road+Ammendments+Letter.pdf/90f96cb8-bb8e-4057-c842-64997ddc2e2e?t=1611307392285", "Notes": "Came in with February Ammendment" }, "geometry": { "type": "Point", "coordinates": [ 528973.823678109212779, 183276.929647147568176 ] } },
{ "type": "Feature", "properties": { "ID": 505, "Type": "Access Restriction", "Descriptio": "No North west bound access to burbage road 8-10am, 3-6pm Monday-Friday", "Enforcemen": "Filter-Navigable-ANPR", "Timed_Enfo": "Y", "Exemptions": "Y", "Exemption_": "Bus, Taxi,", "LGA": "Southwark", "LTN": "Dulwich Village", "Implementa": "16/11/2020", "Date_Remov": "17/02/2022", "url": "https://dulwichvillagestreetspace.commonplace.is/about", "Notes": "Timing restrictions change, 8-9am and 3-4.30pm,Mon-Fri. Too short. No longer deemed as an LTN" }, "geometry": { "type": "Point", "coordinates": [ 533102.092175134806894, 173792.520668674755143 ] } },
{ "type": "Feature", "properties": { "ID": 506, "Type": "Access Restriction", "Descriptio": "No access Northbound 8-10am, 3-6pm Monday-Firday", "Enforcemen": "Filter-Navigable-ANPR", "Timed_Enfo": "Y", "Exemptions": "Y", "Exemption_": "Bus, Taxi", "LGA": "Southwark", "LTN": "Dulwich Village", "Implementa": "16/11/2020", "Date_Remov": "17/02/2022", "url": "https://dulwichvillagestreetspace.commonplace.is/about", "Notes": "Timing restrictions change, 8-9am and 3-4.30pm,Mon-Fri. Too short. No longer deemed as an LTN" }, "geometry": { "type": "Point", "coordinates": [ 533130.197955353069119, 173822.439725036034361 ] } },
{ "type": "Feature", "properties": { "ID": 507, "Type": "Access Restriction", "Descriptio": "No access northbound on Burbage Road 8-10am, 3-6pm Monday friday", "Enforcemen": "Filter-Navigable-ANPR", "Timed_Enfo": "Y", "Exemptions": "Y", "Exemption_": "Bus, Taxi", "LGA": "Southwark", "LTN": "Dulwich Village", "Implementa": "16/11/2020", "Date_Remov": "17/02/2022", "url": "https://dulwichvillagestreetspace.commonplace.is/about", "Notes": "Timing restrictions change, 8-9am and 3-4.30pm,Mon-Fri. Too short. No longer deemed as an LTN" }, "geometry": { "type": "Point", "coordinates": [ 532795.648506949655712, 173952.995607339777052 ] } },
{ "type": "Feature", "properties": { "ID": 508, "Type": "Access Restriction", "Descriptio": "No access Turney Road Northeastbound 8-10am, 3-6pm Monday-Friday", "Enforcemen": "Filter-Navigable-ANPR", "Timed_Enfo": "Y", "Exemptions": "Y", "Exemption_": "Bus, Taxi", "LGA": "Southwark", "LTN": "Dulwich Village", "Implementa": "16/11/2020", "Date_Remov": "17/02/2022", "url": "https://dulwichvillagestreetspace.commonplace.is/about", "Notes": "Timing restrictions change, 8-9am and 3-4.30pm,Mon-Fri. Too short. No longer deemed as an LTN" }, "geometry": { "type": "Point", "coordinates": [ 532824.207606203504838, 173952.088969268166693 ] } },
{ "type": "Feature", "properties": { "ID": 509, "Type": "Access Restriction", "Descriptio": "No access from Calton Avenue north onto Townley Road 8-10am, 3-6pm Monday-Friday", "Enforcemen": "Filter-Navigable-ANPR", "Timed_Enfo": "Y", "Exemptions": "Y", "Exemption_": "Bus, Taxi", "LGA": "Southwark", "LTN": "Dulwich Village", "Implementa": "16/11/2020", "Date_Remov": "17/02/2022", "url": "https://dulwichvillagestreetspace.commonplace.is/about", "Notes": "Timing restrictions change, 8-9am and 3-4.30pm,Mon-Fri. Too short. No longer deemed as an LTN" }, "geometry": { "type": "Point", "coordinates": [ 533260.527178139076568, 174613.254782948904904 ] } },
{ "type": "Feature", "properties": { "ID": 417, "Type": "Diverter Filter", "Descriptio": "The junction with Staveley Road / Park Road in Chiswick is now closed diagonally. You can only turn left from Staveley Road into Park Road, and right from Park Road into Staveley Road, but canÔøΩt carry straight on in any direction.", "Enforcemen": "Filter-Barrier-Plastic", "Timed_Enfo": "N", "Exemptions": "N", "Exemption_": null, "LGA": "Hounslow", "LTN": "South Chiswick LTN", "Implementa": "01/10/2020", "Date_Remov": null, "url": "https://www.hounslow.gov.uk/info/20053/transport/2181/south_chiswick_liveable_neighbourhood/5", "Notes": "This filter is on Mar-Sept database without a date. Confirmed to have gone in October." }, "geometry": { "type": "Point", "coordinates": [ 520452.419, 177511.062 ] } },
{ "type": "Feature", "properties": { "ID": 418, "Type": "New Turning Restriction", "Descriptio": "A banned right turn at the junction of Park and Lawford Road, for vehicles heading southbound.", "Enforcemen": "Signage", "Timed_Enfo": "N", "Exemptions": "N", "Exemption_": null, "LGA": "Hounslow", "LTN": "South Chiswick LTN", "Implementa": "01/10/2020", "Date_Remov": null, "url": "https://www.hounslow.gov.uk/info/20053/transport/2181/south_chiswick_liveable_neighbourhood/5", "Notes": null }, "geometry": { "type": "Point", "coordinates": [ 520391.943000000028405, 177431.492 ] } },
{ "type": "Feature", "properties": { "ID": 419, "Type": "Point Filter", "Descriptio": "Weight restrictions implemented for large duty vehicles. Restricted through traffic except for buses and permit holders, turning in from the junction at Boston Manor Road & Sywncombe Road.", "Enforcemen": "Filter-Navigable-ANPR", "Timed_Enfo": "N", "Exemptions": "Y", "Exemption_": "Buses Residents-Street", "LGA": "Hounslow", "LTN": null, "Implementa": "23/11/2020", "Date_Remov": null, "url": "https://www.hounslow.gov.uk/download/downloads/id/2968/swyncombe_ave_brentford_-_restricted_access_tmoe04320.pdf", "Notes": null }, "geometry": { "type": "Point", "coordinates": [ 516779.968, 178533.166 ] } },
{ "type": "Feature", "properties": { "ID": 420, "Type": "Point Filter", "Descriptio": "Low Traffic Neighbourhood that prevents northbound movement throughout Hartington Road to the south of the junction at Chiswick Quay for non-permit holders within the zone's exemption area. Southbund movement remains unchanged.", "Enforcemen": "Filter-Navigable-ANPR", "Timed_Enfo": "N", "Exemptions": "Y", "Exemption_": "Residents-Street", "LGA": "Hounslow", "LTN": "South Chiswick LTN", "Implementa": "07/12/2020", "Date_Remov": null, "url": "https://www.hounslow.gov.uk/downloads/file/2879/hartington_road_-_permit_area_map_plan", "Notes": null }, "geometry": { "type": "Point", "coordinates": [ 520431.159999999974389, 176524.942000000010012 ] } },
{ "type": "Feature", "properties": { "ID": 421, "Type": "Through Traffic Restriction Point", "Descriptio": "An access only zone to prevent through traffic. The zone will stretch from the Kew Bridge / Strand on The Green junction, to the junction of Grove Park Terrace / Grove Park Road. Vehicles would be allowed to enter the zone to access residential propertie", "Enforcemen": "ANPR", "Timed_Enfo": "N", "Exemptions": "N", "Exemption_": null, "LGA": "Hounslow", "LTN": "South Chiswick LTN", "Implementa": "07/12/2020", "Date_Remov": null, "url": "https://www.hounslow.gov.uk/info/20053/transport/2175/south_chiswick_liveable_neighbourhood_-_frequently_asked_questions_faqs/7", "Notes": "One of two camera. This filter is on Mar-Sept database without a date. Confirmed to have gone in October.." }, "geometry": { "type": "Point", "coordinates": [ 519017.0, 178010.0 ] } },
{ "type": "Feature", "properties": { "ID": 422, "Type": "Through Traffic Restriction Point", "Descriptio": "An access only zone to prevent through traffic. The zone will stretch from the Kew Bridge / Strand on The Green junction, to the junction of Grove Park Terrace / Grove Park Road.", "Enforcemen": "ANPR", "Timed_Enfo": "N", "Exemptions": "N", "Exemption_": null, "LGA": "Hounslow", "LTN": "South Chiswick LTN", "Implementa": "07/12/2020", "Date_Remov": null, "url": "https://www.hounslow.gov.uk/info/20053/transport/2175/south_chiswick_liveable_neighbourhood_-_frequently_asked_questions_faqs/7", "Notes": "This filter is on Mar-Sept database without a date. Confirmed to have gone in October." }, "geometry": { "type": "Point", "coordinates": [ 519758.459900000016205, 177459.1906 ] } },
{ "type": "Feature", "properties": { "ID": 423, "Type": "Point Filter", "Descriptio": "Access betwen Ivy Road and Larch road prevented", "Enforcemen": "Filter-Barrier-Plastic", "Timed_Enfo": "N", "Exemptions": "N", "Exemption_": null, "LGA": "Brent", "LTN": "Olive Road Healthy Neighbourhood", "Implementa": "Dec-20", "Date_Remov": "26/01/2022", "url": "https://www.brent.gov.uk/services-for-residents/transport-and-streets/brent-healthy-neighbourhoods/olive-road-healthy-neighbourhood/", "Notes": "Changed from bollard due to vandalism and ems access. Could change to camera." }, "geometry": { "type": "Point", "coordinates": [ 523506.746413235727232, 185802.179244682658464 ] } },
{ "type": "Feature", "properties": { "ID": 424, "Type": "Point Filter", "Descriptio": "Access on Mora Road prevented past larch road (SWbound) and cear rd (NEbound)", "Enforcemen": "Filter-Barrier-Plastic", "Timed_Enfo": "N", "Exemptions": "N", "Exemption_": null, "LGA": "Brent", "LTN": "Olive Road Healthy Neighbourhood", "Implementa": "Dec-20", "Date_Remov": "26/01/2022", "url": "https://www.brent.gov.uk/services-for-residents/transport-and-streets/brent-healthy-neighbourhoods/olive-road-healthy-neighbourhood/", "Notes": "Brent CC informed that this is the correct location, map on Brent website incorrect. Change from bollard to plastic due to vandalism and ems access. Could change to camera." }, "geometry": { "type": "Point", "coordinates": [ 523401.550246764381882, 185939.501186543464428 ] } },
{ "type": "Feature", "properties": { "ID": 425, "Type": "Point Filter", "Descriptio": "No access between Olive Road and Ashford Road.", "Enforcemen": "Filter-Barrier-Plastic", "Timed_Enfo": "N", "Exemptions": "N", "Exemption_": null, "LGA": "Brent", "LTN": "Olive Road Healthy Neighbourhood", "Implementa": "Dec-20", "Date_Remov": "26/01/2022", "url": "https://www.brent.gov.uk/services-for-residents/transport-and-streets/brent-healthy-neighbourhoods/olive-road-healthy-neighbourhood/", "Notes": "Changed from bollard to plastic due to vandalism and ems access. Could change to Camera" }, "geometry": { "type": "Point", "coordinates": [ 523579.816804317641072, 185628.32210728089558 ] } },
{ "type": "Feature", "properties": { "ID": 426, "Type": "Point Filter", "Descriptio": "No access between Olive Road and St Michael's Road", "Enforcemen": "Filter-Barrier-Plastic", "Timed_Enfo": "N", "Exemptions": "N", "Exemption_": null, "LGA": "Brent", "LTN": "Olive Road Healthy Neighbourhood", "Implementa": "Dec-20", "Date_Remov": "26/01/2022", "url": "https://www.brent.gov.uk/services-for-residents/transport-and-streets/brent-healthy-neighbourhoods/olive-road-healthy-neighbourhood/", "Notes": "Changed from bollard to plastic due to vandalism and ems access. Could change to camera" }, "geometry": { "type": "Point", "coordinates": [ 523041.237628670933191, 185751.785871522733942 ] } },
{ "type": "Feature", "properties": { "ID": 427, "Type": "Point Filter", "Descriptio": "No access oxgate Gardens past conway road (SW bound)", "Enforcemen": "Filter-Navigable-Signage", "Timed_Enfo": "N", "Exemptions": "N", "Exemption_": null, "LGA": "Brent", "LTN": "Dollis Hill Healthy Neighbourhood", "Implementa": "Nov-20", "Date_Remov": "26/01/2022", "url": "https://consultation.brent.gov.uk/highways-and-infrastructure/dollis-hill-area-healthy-neighbourhood/?_ga=2.22758267.112186104.1613125104-409882268.1613125104", "Notes": "Updated filter type with info from Sustrans also likely change from bollard." }, "geometry": { "type": "Point", "coordinates": [ 523056.2452, 186592.926 ] } },
{ "type": "Feature", "properties": { "ID": 428, "Type": "Point Filter", "Descriptio": "No access Dollis Hill Ave past Colwyn Road (SWbound).", "Enforcemen": "Filter-Navigable-Signage", "Timed_Enfo": "N", "Exemptions": "N", "Exemption_": null, "LGA": "Brent", "LTN": "Dollis Hill Healthy Neighbourhood", "Implementa": "Nov-20", "Date_Remov": "26/01/2022", "url": "https://consultation.brent.gov.uk/highways-and-infrastructure/dollis-hill-area-healthy-neighbourhood/?_ga=2.22758267.112186104.1613125104-409882268.1613125104", "Notes": "Updated filter with info from Sustrans" }, "geometry": { "type": "Point", "coordinates": [ 522808.276260870683473, 186243.517680435383227 ] } },
{ "type": "Feature", "properties": { "ID": 429, "Type": "Point Filter", "Descriptio": "No access Gladstone Park Gardens past Colwyn Rd (SWbound and reverse)", "Enforcemen": "Filter-Navigable-Signage", "Timed_Enfo": "N", "Exemptions": "N", "Exemption_": null, "LGA": "Brent", "LTN": "Dollis Hill Healthy Neighbourhood", "Implementa": "Nov-20", "Date_Remov": "26/01/2022", "url": "https://consultation.brent.gov.uk/highways-and-infrastructure/dollis-hill-area-healthy-neighbourhood/?_ga=2.22758267.112186104.1613125104-409882268.1613125104", "Notes": "Updated filter type with info from sustrans but also likely a bollard removal thing" }, "geometry": { "type": "Point", "coordinates": [ 522838.688401088351384, 186191.078000544192037 ] } },
{ "type": "Feature", "properties": { "ID": 430, "Type": "New Access Restriction", "Descriptio": "No access from Crowndale Road to Oakley Sq north. Oakley Sq can still exit on to Crowndale", "Enforcemen": "Filter-Navigable-Signage-Planter", "Timed_Enfo": "N", "Exemptions": "N", "Exemption_": null, "LGA": "Camden", "LTN": "Oakley Square", "Implementa": "08/12/2020", "Date_Remov": null, "url": "https://www.camden.gov.uk/making-travel-safer-in-camden#cbgr", "Notes": null }, "geometry": { "type": "Point", "coordinates": [ 529390.087399999960326, 183446.372299999988172 ] } },
{ "type": "Feature", "properties": { "ID": 431, "Type": "Point Filter", "Descriptio": "No access between Apsley Road and Albert Road. Filter is on Apsley Rd", "Enforcemen": "Filter-Barrier-Planter", "Timed_Enfo": "N", "Exemptions": "N", "Exemption_": "Residents", "LGA": "Croydon", "LTN": "Albert Road Healthy Neighbourhood", "Implementa": "08/10/2020", "Date_Remov": null, "url": "https://new.croydon.gov.uk/sites/default/files/Streetspace/Albert_Road_LTN_Leaflet.pdf", "Notes": "Nov23 update: switched to ANPR, 30/09/2022. Corrected LTN name. Extends South Norwood LTN" }, "geometry": { "type": "Point", "coordinates": [ 534692.292099999962375, 168195.6905 ] } },
{ "type": "Feature", "properties": { "ID": 432, "Type": "Point Filter", "Descriptio": "No access between Belfast Rd and Albert Rd. Filter on Belfast Rd", "Enforcemen": "Filter-Navigable-ANPR", "Timed_Enfo": "N", "Exemptions": "N", "Exemption_": "Residents", "LGA": "Croydon", "LTN": "Albert Road Healthy Neighbourhood", "Implementa": "08/10/2020", "Date_Remov": null, "url": "https://new.croydon.gov.uk/sites/default/files/Streetspace/Albert_Road_LTN_Leaflet.pdf", "Notes": "Nov23 update: switched to ANPR, 30/09/2022. corrected LTN per email from council. Extends South Norwood LTN" }, "geometry": { "type": "Point", "coordinates": [ 534770.296500000054948, 168119.475199999986216 ] } },
{ "type": "Feature", "properties": { "ID": 433, "Type": "Point Filter", "Descriptio": "No access between Station Road, to Cumberland Road and Gloucester Road", "Enforcemen": "Filter-Barrier-Planter", "Timed_Enfo": "N", "Exemptions": "N", "Exemption_": null, "LGA": "Harrow", "LTN": "Albert Road Healthy Neighbourhood", "Implementa": "08/10/2020", "Date_Remov": "05/2021", "url": "https://s3-eu-west-2.amazonaws.com/commonplace-customer-assets/harrowstreetspacestrials/REG_Streetspace_Headstone_South_A5_4pp_v6%20(2).pdf", "Notes": null }, "geometry": { "type": "Point", "coordinates": [ 513703.1739, 188792.7931 ] } },
{ "type": "Feature", "properties": { "ID": 434, "Type": "Point Filter", "Descriptio": "No access between Station and Canterbury Road", "Enforcemen": "Filter-Barrier-Planter", "Timed_Enfo": "N", "Exemptions": "N", "Exemption_": null, "LGA": "Harrow", "LTN": "Headstone LTN", "Implementa": "08/10/2020", "Date_Remov": "05/2021", "url": "https://s3-eu-west-2.amazonaws.com/commonplace-customer-assets/harrowstreetspacestrials/REG_Streetspace_Headstone_South_A5_4pp_v6%20(2).pdf", "Notes": null }, "geometry": { "type": "Point", "coordinates": [ 513743.658500000019558, 188925.7482 ] } },
{ "type": "Feature", "properties": { "ID": 435, "Type": "Point Filter", "Descriptio": "No access Pinner View past Cunningham Park.", "Enforcemen": "Filter-Barrier-Planter", "Timed_Enfo": "N", "Exemptions": "N", "Exemption_": null, "LGA": "Harrow", "LTN": "Headstone LTN", "Implementa": "08/10/2020", "Date_Remov": "05/2021", "url": "https://s3-eu-west-2.amazonaws.com/commonplace-customer-assets/harrowstreetspacestrials/REG_Streetspace_Headstone_South_A5_4pp_v6%20(2).pdf", "Notes": null }, "geometry": { "type": "Point", "coordinates": [ 514408.9963, 188868.0883 ] } },
{ "type": "Feature", "properties": { "ID": 436, "Type": "Point Filter", "Descriptio": "No access between Kingsfield Ave, and Pinner View/Cunningham Park", "Enforcemen": "Filter-Barrier-Planter", "Timed_Enfo": "N", "Exemptions": "N", "Exemption_": null, "LGA": "Harrow", "LTN": "Headstone LTN", "Implementa": "08/10/2020", "Date_Remov": "05/2021", "url": "https://s3-eu-west-2.amazonaws.com/commonplace-customer-assets/harrowstreetspacestrials/REG_Streetspace_Headstone_South_A5_4pp_v6%20(2).pdf", "Notes": null }, "geometry": { "type": "Point", "coordinates": [ 514403.6801, 188874.2224 ] } },
{ "type": "Feature", "properties": { "ID": 437, "Type": "Point Filter", "Descriptio": "No access between Cunningham Park and Beresford Road", "Enforcemen": "Filter-Barrier-Planter", "Timed_Enfo": "N", "Exemptions": "N", "Exemption_": null, "LGA": "Harrow", "LTN": "Headstone LTN", "Implementa": "08/10/2020", "Date_Remov": "05/2021", "url": "https://s3-eu-west-2.amazonaws.com/commonplace-customer-assets/harrowstreetspacestrials/REG_Streetspace_Headstone_South_A5_4pp_v6%20(2).pdf", "Notes": null }, "geometry": { "type": "Point", "coordinates": [ 514545.8874, 188854.0823 ] } },
{ "type": "Feature", "properties": { "ID": 438, "Type": "Point Filter", "Descriptio": "No access Pinner View past Bolton Road.", "Enforcemen": "Filter-Barrier-Planter", "Timed_Enfo": "N", "Exemptions": "N", "Exemption_": null, "LGA": "Harrow", "LTN": "Headstone LTN", "Implementa": "08/10/2020", "Date_Remov": "05/2021", "url": "https://s3-eu-west-2.amazonaws.com/commonplace-customer-assets/harrowstreetspacestrials/REG_Streetspace_Headstone_South_A5_4pp_v6%20(2).pdf", "Notes": null }, "geometry": { "type": "Point", "coordinates": [ 514402.708900000026915, 189105.9865 ] } },
{ "type": "Feature", "properties": { "ID": 439, "Type": "Point Filter", "Descriptio": "No access between Victor Road and Harrow View", "Enforcemen": "Filter-Barrier-Planter", "Timed_Enfo": "N", "Exemptions": "N", "Exemption_": null, "LGA": "Harrow", "LTN": "Headstone LTN", "Implementa": "08/10/2020", "Date_Remov": "05/2021", "url": "https://s3-eu-west-2.amazonaws.com/commonplace-customer-assets/harrowstreetspacestrials/REG_Streetspace_Headstone_South_A5_4pp_v6%20(2).pdf", "Notes": null }, "geometry": { "type": "Point", "coordinates": [ 514551.256786260171793, 189702.761466423457023 ] } },
{ "type": "Feature", "properties": { "ID": 440, "Type": "Point Filter", "Descriptio": "No access from Stamford Street to Cornwall Road", "Enforcemen": "Filter-Navigable-ANPR", "Timed_Enfo": "N", "Exemptions": "N", "Exemption_": null, "LGA": "Lambeth", "LTN": "Cornwall Road", "Implementa": "Oct-20", "Date_Remov": null, "url": "https://cornwallroadneighbourhood.commonplace.is/proposals/what-is-changing-in-the-area", "Notes": "This could arguably be a new turning restriction (as reverse is still possible) but the way it expressely prohibits motor vehicles (as opposed to exempts others) makes it a filter in the rubric" }, "geometry": { "type": "Point", "coordinates": [ 531178.055000000051223, 180217.7765 ] } },
{ "type": "Feature", "properties": { "ID": 441, "Type": "Point Filter", "Descriptio": "No access between Vallance Road and Derbyshire Rd", "Enforcemen": "Filter-Barrier-Planter", "Timed_Enfo": "N", "Exemptions": "N", "Exemption_": null, "LGA": "Tower Hamlets", "LTN": "Derbyshire Street", "Implementa": "Oct-20", "Date_Remov": null, "url": "https://talk.towerhamlets.gov.uk/streetspace/survey_tools/derbyshire-street", "Notes": null }, "geometry": { "type": "Point", "coordinates": [ 534377.252100000041537, 182555.6907 ] } },
{ "type": "Feature", "properties": { "ID": 442, "Type": "New Access Restriction", "Descriptio": "Voss Street now one-way eastbound from Vallance Rd to Hague Street.", "Enforcemen": "Signage", "Timed_Enfo": "N", "Exemptions": "N", "Exemption_": null, "LGA": "Tower Hamlets", "LTN": "Derbyshire Street", "Implementa": "Oct-20", "Date_Remov": null, "url": "https://talk.towerhamlets.gov.uk/streetspace/survey_tools/derbyshire-street", "Notes": null }, "geometry": { "type": "Point", "coordinates": [ 534461.020099999965169, 182600.6329 ] } },
{ "type": "Feature", "properties": { "ID": 443, "Type": "Point Filter", "Descriptio": "No access between Crownfield Road and Ellingham Road", "Enforcemen": "Filter-Barrier-Planter", "Timed_Enfo": "N", "Exemptions": "N", "Exemption_": null, "LGA": "Waltham Forest", "LTN": "South Leytonstone LTN Langthorne", "Implementa": "02/11/2020", "Date_Remov": null, "url": "https://southleytonstoneltn.commonplace.is/proposals/a-detailed-explanation-of-the-scheme", "Notes": null }, "geometry": { "type": "Point", "coordinates": [ 538743.4105, 185579.5393 ] } },
{ "type": "Feature", "properties": { "ID": 444, "Type": "Point Filter", "Descriptio": "No access between Ellingham Road and Stewart Road.", "Enforcemen": "Filter-Barrier-Planter", "Timed_Enfo": "N", "Exemptions": "N", "Exemption_": null, "LGA": "Waltham Forest", "LTN": "South Leytonstone LTN Langthorne", "Implementa": "02/11/2020", "Date_Remov": null, "url": "https://southleytonstoneltn.commonplace.is/proposals/a-detailed-explanation-of-the-scheme", "Notes": null }, "geometry": { "type": "Point", "coordinates": [ 538726.459200000041164, 185694.0185 ] } },
{ "type": "Feature", "properties": { "ID": 445, "Type": "Point Filter", "Descriptio": "No access Langthorne Rd past Brierley Road", "Enforcemen": "Filter-Barrier-Planter", "Timed_Enfo": "N", "Exemptions": "N", "Exemption_": null, "LGA": "Waltham Forest", "LTN": "South Leytonstone LTN Langthorne", "Implementa": "02/11/2020", "Date_Remov": null, "url": "https://southleytonstoneltn.commonplace.is/proposals/a-detailed-explanation-of-the-scheme", "Notes": "With removable bollard for EMS access." }, "geometry": { "type": "Point", "coordinates": [ 538846.7437, 185946.1979 ] } },
{ "type": "Feature", "properties": { "ID": 446, "Type": "Point Filter", "Descriptio": "No access between North Birkbeck Road and Hollydown Way", "Enforcemen": "Filter-Barrier-Planter", "Timed_Enfo": "N", "Exemptions": "N", "Exemption_": null, "LGA": "Waltham Forest", "LTN": "South Leytonstone LTN Langthorne", "Implementa": "02/11/2020", "Date_Remov": null, "url": "https://southleytonstoneltn.commonplace.is/proposals/a-detailed-explanation-of-the-scheme", "Notes": "With removable bollard" }, "geometry": { "type": "Point", "coordinates": [ 538911.9364, 186224.965300000010757 ] } },
{ "type": "Feature", "properties": { "ID": 447, "Type": "Point Filter", "Descriptio": "No access on Montague Road past Cookes Rd", "Enforcemen": "Filter-Barrier-Planter", "Timed_Enfo": "N", "Exemptions": "N", "Exemption_": null, "LGA": "Waltham Forest", "LTN": "South Leytonstone LTN Montague and Woodhouse", "Implementa": "02/11/2020", "Date_Remov": null, "url": "https://southleytonstoneltn.commonplace.is/proposals/a-detailed-explanation-of-the-scheme", "Notes": "With removable bollard" }, "geometry": { "type": "Point", "coordinates": [ 539678.57570000004489, 186724.679899999988265 ] } },
{ "type": "Feature", "properties": { "ID": 448, "Type": "Point Filter", "Descriptio": "No access between High Road Leytonstone and Lancaster Road", "Enforcemen": "Filter-Barrier-Planter", "Timed_Enfo": "N", "Exemptions": "N", "Exemption_": null, "LGA": "Waltham Forest", "LTN": "South Leytonstone LTN Montague and Woodhouse", "Implementa": "02/11/2020", "Date_Remov": null, "url": "https://southleytonstoneltn.commonplace.is/proposals/a-detailed-explanation-of-the-scheme", "Notes": null }, "geometry": { "type": "Point", "coordinates": [ 539374.149199999985285, 186729.5563 ] } },
{ "type": "Feature", "properties": { "ID": 449, "Type": "Point Filter", "Descriptio": "No access between Harrow Road and Matcham Road", "Enforcemen": "Filter-Barrier-Planter", "Timed_Enfo": "N", "Exemptions": "N", "Exemption_": null, "LGA": "Waltham Forest", "LTN": "South Leytonstone LTN Montague and Woodhouse", "Implementa": "02/11/2020", "Date_Remov": null, "url": "https://southleytonstoneltn.commonplace.is/proposals/a-detailed-explanation-of-the-scheme", "Notes": "Removable bollard for EMS access" }, "geometry": { "type": "Point", "coordinates": [ 539411.999399999971502, 186342.114899999985937 ] } },
{ "type": "Feature", "properties": { "ID": 450, "Type": "Point Filter", "Descriptio": "No access between Selby Road and Napier Road", "Enforcemen": "Filter-Barrier-Planter", "Timed_Enfo": "N", "Exemptions": "N", "Exemption_": null, "LGA": "Waltham Forest", "LTN": "South Leytonstone LTN Montague and Woodhouse", "Implementa": "02/11/2020", "Date_Remov": null, "url": "https://southleytonstoneltn.commonplace.is/proposals/a-detailed-explanation-of-the-scheme", "Notes": null }, "geometry": { "type": "Point", "coordinates": [ 539232.269300000043586, 186095.392499999987194 ] } },
{ "type": "Feature", "properties": { "ID": 451, "Type": "Point Filter", "Descriptio": "No access between High Road Leytonstone and Ranelagh Road", "Enforcemen": "Filter-Barrier-Planter", "Timed_Enfo": "N", "Exemptions": "N", "Exemption_": null, "LGA": "Waltham Forest", "LTN": "South Leytonstone LTN Montague and Woodhouse", "Implementa": "02/11/2020", "Date_Remov": null, "url": "https://southleytonstoneltn.commonplace.is/proposals/a-detailed-explanation-of-the-scheme", "Notes": "Removable bollard for EMS access" }, "geometry": { "type": "Point", "coordinates": [ 539138.0503, 185932.4395 ] } },
{ "type": "Feature", "properties": { "ID": 452, "Type": "Point Filter", "Descriptio": "No access between Steele Road and Cann Hall Road", "Enforcemen": "Filter-Barrier-Planter", "Timed_Enfo": "N", "Exemptions": "N", "Exemption_": null, "LGA": "Waltham Forest", "LTN": "South Leytonstone LTN Montague and Woodhouse", "Implementa": "02/11/2020", "Date_Remov": null, "url": "https://southleytonstoneltn.commonplace.is/proposals/a-detailed-explanation-of-the-scheme", "Notes": null }, "geometry": { "type": "Point", "coordinates": [ 539271.048300000024028, 185732.6814 ] } },
{ "type": "Feature", "properties": { "ID": 453, "Type": "Point Filter", "Descriptio": "No access between Woodhouse Road and Cann Hall Road", "Enforcemen": "Filter-Barrier-Planter", "Timed_Enfo": "N", "Exemptions": "N", "Exemption_": null, "LGA": "Waltham Forest", "LTN": "South Leytonstone LTN Montague and Woodhouse", "Implementa": "02/11/2020", "Date_Remov": null, "url": "https://southleytonstoneltn.commonplace.is/proposals/a-detailed-explanation-of-the-scheme", "Notes": null }, "geometry": { "type": "Point", "coordinates": [ 539717.5869, 186096.089100000011967 ] } },
{ "type": "Feature", "properties": { "ID": 454, "Type": "Point Filter", "Descriptio": "No access between Low Hall Lane and Markhouse Ave", "Enforcemen": "Filter-Barrier-Planter", "Timed_Enfo": "N", "Exemptions": "N", "Exemption_": null, "LGA": "Waltham Forest", "LTN": "Coppermill Liveable Neighbourhood", "Implementa": "02/11/2020", "Date_Remov": null, "url": "https://coppermill.commonplace.is/news", "Notes": "On the Mar-Sept data base as 'in progress'" }, "geometry": { "type": "Point", "coordinates": [ 536287.505899999989197, 188299.4079 ] } },
{ "type": "Feature", "properties": { "ID": 455, "Type": "Point Filter", "Descriptio": "One way southbound-only restriction between St James Street and Lynmouth Road", "Enforcemen": "Filter-Barrier-Planter", "Timed_Enfo": "N", "Exemptions": "N", "Exemption_": null, "LGA": "Waltham Forest", "LTN": "Coppermill Liveable Neighbourhood", "Implementa": "02/11/2020", "Date_Remov": null, "url": "https://coppermill.commonplace.is/news", "Notes": "Updated Nov23 re Feb-22 change to one-way rather than full filter. Planters are used to enforce no northbound, as roads space for northbound lane has been reallocated to widened pavement and cycle path.On the Mar-Sept data base as 'in progress'" }, "geometry": { "type": "Point", "coordinates": [ 536424.393399999942631, 188592.1078 ] } },
{ "type": "Feature", "properties": { "ID": 456, "Type": "Point Filter", "Descriptio": "No access on Great Percy Street between Holford Road and Cumberland Gardens", "Enforcemen": "Filter-Navigable-ANPR", "Timed_Enfo": "N", "Exemptions": "Y", "Exemption_": "Bus", "LGA": "Islington", "LTN": "Amwell People Friendly Streets", "Implementa": "05/10/2020", "Date_Remov": null, "url": "https://www.islington.gov.uk/~/media/sharepoint-lists/public-records/transportandinfrastructure/information/adviceandinformation/20202021/20201026amwellpfspdf1.pdf", "Notes": null }, "geometry": { "type": "Point", "coordinates": [ 531014.79749999998603, 182870.82 ] } },
{ "type": "Feature", "properties": { "ID": 457, "Type": "Point Filter", "Descriptio": "No access on Loyd Sq North between Lloyd Street and Lloyd Sq West/Prideaux Place", "Enforcemen": "Filter-Barrier-Bollard", "Timed_Enfo": "N", "Exemptions": "N", "Exemption_": null, "LGA": "Islington", "LTN": "Amwell People Friendly Streets", "Implementa": "05/10/2020", "Date_Remov": null, "url": "https://www.islington.gov.uk/~/media/sharepoint-lists/public-records/transportandinfrastructure/information/adviceandinformation/20202021/20201026amwellpfspdf1.pdf", "Notes": null }, "geometry": { "type": "Point", "coordinates": [ 531088.243600000045262, 182790.430400000012014 ] } },
{ "type": "Feature", "properties": { "ID": 458, "Type": "Point Filter", "Descriptio": "No access Lloyd Baker Street (Lloyd Square South) between Lloyd Sq East and West", "Enforcemen": "Filter-Navigable-ANPR", "Timed_Enfo": "N", "Exemptions": "N", "Exemption_": null, "LGA": "Islington", "LTN": "Amwell People Friendly Streets", "Implementa": "05/10/2020", "Date_Remov": null, "url": "https://www.islington.gov.uk/~/media/sharepoint-lists/public-records/transportandinfrastructure/information/adviceandinformation/20202021/20201026amwellpfspdf1.pdf", "Notes": null }, "geometry": { "type": "Point", "coordinates": [ 531113.702900000032969, 182752.935900000011316 ] } },
{ "type": "Feature", "properties": { "ID": 459, "Type": "Point Filter", "Descriptio": "No access to Margery Steet past Wilmington Street. Margery Street is one way already so essentially removes access to whole stretch to Kings X road.", "Enforcemen": "Filter-Navigable-ANPR", "Timed_Enfo": "N", "Exemptions": "Y", "Exemption_": "Residents", "LGA": "Islington", "LTN": "Amwell People Friendly Streets", "Implementa": "10/2021", "Date_Remov": null, "url": "https://www.islington.gov.uk/~/media/sharepoint-lists/public-records/transportandinfrastructure/information/adviceandinformation/20202021/20201026amwellpfspdf1.pdf", "Notes": "Interstingly taxis are not exempt. Exemption only for residents vehicles. Arguably an access restriction but exemption changes puts it into filter territory." }, "geometry": { "type": "Point", "coordinates": [ 531156.752199999988079, 182639.6422 ] } },
{ "type": "Feature", "properties": { "ID": 460, "Type": "Point Filter", "Descriptio": "No Access Clissold Crescent North of Carysfort Road", "Enforcemen": "Filter-Barrier-Bollard", "Timed_Enfo": "N", "Exemptions": "N", "Exemption_": null, "LGA": "Hackney", "LTN": null, "Implementa": "12/10/2020", "Date_Remov": null, "url": "https://rebuildingagreenerhackney.commonplace.is/proposals/clissold", "Notes": "drawing has it as ANPR, but text in commonplace has it as barrier." }, "geometry": { "type": "Point", "coordinates": [ 532574.138799999956973, 186056.275400000013178 ] } },
{ "type": "Feature", "properties": { "ID": 461, "Type": "Point Filter", "Descriptio": "No access between De Beauvoir Crescent and Hertford Road", "Enforcemen": "Filter-Barrier-Bollard", "Timed_Enfo": "N", "Exemptions": "N", "Exemption_": null, "LGA": "Hackney", "LTN": "DeBeauvoir", "Implementa": "19/10/2020", "Date_Remov": null, "url": "https://rebuildingagreenerhackney.commonplace.is/proposals/hertford-rd", "Notes": null }, "geometry": { "type": "Point", "coordinates": [ 533311.531700000050478, 183791.866700000013225 ] } },
{ "type": "Feature", "properties": { "ID": 462, "Type": "Point Filter", "Descriptio": "No access Mount Pleasant lane south of Springfield Gardens", "Enforcemen": "Filter-Navigable-ANPR", "Timed_Enfo": "N", "Exemptions": "N", "Exemption_": null, "LGA": "Hackney", "LTN": "Mount Pleasant Land and Southwold Road LTN", "Implementa": "09/11/2020", "Date_Remov": null, "url": "https://rebuildingagreenerhackney.commonplace.is/proposals/mount-pleasant-lane-and-southwold-road-ltn", "Notes": null }, "geometry": { "type": "Point", "coordinates": [ 534910.527800000039861, 187208.037000000011176 ] } },
{ "type": "Feature", "properties": { "ID": 463, "Type": "New Turning Restriction", "Descriptio": "No left turn from Southwold Road to Upper Clapton Road.", "Enforcemen": "Signage", "Timed_Enfo": "N", "Exemptions": "Y", "Exemption_": "Bus", "LGA": "Hackney", "LTN": "Mount Pleasant Lane and Southwold Road LTN", "Implementa": "09/11/2020", "Date_Remov": null, "url": "https://rebuildingagreenerhackney.commonplace.is/proposals/mount-pleasant-lane-and-southwold-road-ltn", "Notes": null }, "geometry": { "type": "Point", "coordinates": [ 534763.326899999985471, 186560.2916 ] } },
{ "type": "Feature", "properties": { "ID": 464, "Type": "Point Filter", "Descriptio": "No access on Weymouth terrace between two dog-legged sections of Dunloe Street", "Enforcemen": "Filter-Barrier-Bollard", "Timed_Enfo": "N", "Exemptions": "N", "Exemption_": null, "LGA": "Hackney", "LTN": null, "Implementa": "02/11/2020", "Date_Remov": null, "url": "https://rebuildingagreenerhackney.commonplace.is/proposals/weymouth-terrace-in-haggerston-ltn", "Notes": null }, "geometry": { "type": "Point", "coordinates": [ 533809.45319999998901, 183198.897300000011455 ] } },
{ "type": "Feature", "properties": { "ID": 465, "Type": "Point Filter", "Descriptio": "No access Elsdale Street between Middlesex Place and Milborne Street", "Enforcemen": "Filter-Navigable-ANPR", "Timed_Enfo": "N", "Exemptions": "N", "Exemption_": null, "LGA": "Hackney", "LTN": "Elsdale Street and Mead Place", "Implementa": "03/12/2020", "Date_Remov": null, "url": "https://rebuildingagreenerhackney.commonplace.is/proposals/elsdale-street-and-mead-place", "Notes": null }, "geometry": { "type": "Point", "coordinates": [ 535382.064200000022538, 184501.4858 ] } },
{ "type": "Feature", "properties": { "ID": 466, "Type": "Point Filter", "Descriptio": "No access between Elsdale Street and Mead Place", "Enforcemen": "Filter-Navigable-ANPR", "Timed_Enfo": "N", "Exemptions": "N", "Exemption_": null, "LGA": "Hackney", "LTN": "Elsdale Street and Mead Place", "Implementa": "03/12/2020", "Date_Remov": null, "url": "https://rebuildingagreenerhackney.commonplace.is/proposals/elsdale-street-and-mead-place", "Notes": null }, "geometry": { "type": "Point", "coordinates": [ 535360.462399999960326, 184521.698899999988498 ] } },
{ "type": "Feature", "properties": { "ID": 467, "Type": "New Turning Restriction", "Descriptio": "No left Turn from Laburnum Street onto Queensbridge road. No Right turn from Queensbridge Road onto Laburnum Street", "Enforcemen": "Signage", "Timed_Enfo": "N", "Exemptions": "N", "Exemption_": null, "LGA": "Hackney", "LTN": "London Fields LTN", "Implementa": "17/12/2020", "Date_Remov": null, "url": "https://rebuildingagreenerhackney.commonplace.is/proposals/laburnum-street", "Notes": null }, "geometry": { "type": "Point", "coordinates": [ 533943.847199999960139, 183608.097100000013597 ] } },
{ "type": "Feature", "properties": { "ID": 468, "Type": "Point Filter", "Descriptio": "No access Bermondsey Street between Whites Grounds and Leathermarket Street", "Enforcemen": "Filter-Barrier-Bollard", "Timed_Enfo": "N", "Exemptions": "N", "Exemption_": null, "LGA": "Southwark", "LTN": "Bermondsey Street", "Implementa": "Oct-20", "Date_Remov": null, "url": "https://bermondseystreet-streetspace.commonplace.is/about", "Notes": "No exact implementation date. Will chase." }, "geometry": { "type": "Point", "coordinates": [ 533238.0856, 179711.0167 ] } },
{ "type": "Feature", "properties": { "ID": 469, "Type": "New Turning Restriction", "Descriptio": "No left turn from Bermondsey Street/A2250 onto Crucifix Lane", "Enforcemen": "Signage", "Timed_Enfo": "N", "Exemptions": "N", "Exemption_": null, "LGA": "Southwark", "LTN": "Bermondsey Street", "Implementa": "Oct-20", "Date_Remov": null, "url": "https://bermondseystreet-streetspace.commonplace.is/about", "Notes": null }, "geometry": { "type": "Point", "coordinates": [ 533186.781300000031479, 179910.0619 ] } },
{ "type": "Feature", "properties": { "ID": 470, "Type": "New Access Restriction", "Descriptio": "Morocco Street now one way south from Leathermarket Street to Lamb Walk.", "Enforcemen": "Signage", "Timed_Enfo": "N", "Exemptions": "N", "Exemption_": null, "LGA": "Southwark", "LTN": "Bermondsey Street", "Implementa": "Oct-20", "Date_Remov": null, "url": "https://bermondseystreet-streetspace.commonplace.is/about", "Notes": null }, "geometry": { "type": "Point", "coordinates": [ 533174.938899999950081, 179619.5948 ] } },
{ "type": "Feature", "properties": { "ID": 471, "Type": "New Turning Restriction", "Descriptio": "No left turn from Bermondsey Street onto Lamb Walk", "Enforcemen": "Signage", "Timed_Enfo": "N", "Exemptions": "N", "Exemption_": null, "LGA": "Southwark", "LTN": "Bermondsey Street", "Implementa": "Oct-20", "Date_Remov": null, "url": "https://bermondseystreet-streetspace.commonplace.is/about", "Notes": null }, "geometry": { "type": "Point", "coordinates": [ 533265.743600000045262, 179608.331100000010338 ] } },
{ "type": "Feature", "properties": { "ID": 472, "Type": "New Access Restriction", "Descriptio": "Old Bethnal Green Road one way east from Mansford Street", "Enforcemen": "Signage", "Timed_Enfo": "N", "Exemptions": "N", "Exemption_": null, "LGA": "Tower Hamlets", "LTN": "Bethnal Green", "Implementa": "Dec-20", "Date_Remov": null, "url": "https://www.pclconsult.co.uk/wp-content/uploads/2019/10/Liveable-Streets-BG-pre-works-letter-12.06.pdf", "Notes": "One way system that strengthens an existing LTN" }, "geometry": { "type": "Point", "coordinates": [ 534513.1176, 182892.888100000011036 ] } },
{ "type": "Feature", "properties": { "ID": 473, "Type": "New Access Restriction", "Descriptio": "Temple Street one way nroth to Hackney Road.", "Enforcemen": "Signage", "Timed_Enfo": "N", "Exemptions": "N", "Exemption_": null, "LGA": "Tower Hamlets", "LTN": "Bethnal Green", "Implementa": "Dec-20", "Date_Remov": null, "url": "https://www.pclconsult.co.uk/wp-content/uploads/2019/10/Liveable-Streets-BG-pre-works-letter-12.06.pdf", "Notes": "One way system that strengthens an existing LTN" }, "geometry": { "type": "Point", "coordinates": [ 534576.661500000045635, 183224.3744 ] } },
{ "type": "Feature", "properties": { "ID": 474, "Type": "New Access Restriction", "Descriptio": "Mansford Street One way south from Hackney Road to Old Bethnal Green Road", "Enforcemen": "Signage", "Timed_Enfo": "N", "Exemptions": "N", "Exemption_": null, "LGA": "Tower Hamlets", "LTN": "Bethnal Green", "Implementa": "Dec-20", "Date_Remov": null, "url": "https://www.pclconsult.co.uk/wp-content/uploads/2019/10/Liveable-Streets-BG-pre-works-letter-12.06.pdf", "Notes": "One way system that strengthens an existing LTN" }, "geometry": { "type": "Point", "coordinates": [ 534509.462000000057742, 182896.465900000010151 ] } },
{ "type": "Feature", "properties": { "ID": 475, "Type": "New Access Restriction", "Descriptio": "Old bethnal green rd/gosset street, one way westbound, Warner place onwards", "Enforcemen": "Signage", "Timed_Enfo": "N", "Exemptions": "N", "Exemption_": null, "LGA": "Tower Hamlets", "LTN": "Bethnal Green", "Implementa": "Dec-20", "Date_Remov": null, "url": "https://www.pclconsult.co.uk/wp-content/uploads/2019/10/Liveable-Streets-BG-pre-works-letter-12.06.pdf", "Notes": "One way system that strengthens an existing LTN" }, "geometry": { "type": "Point", "coordinates": [ 534332.985699999961071, 182823.899800000013784 ] } },
{ "type": "Feature", "properties": { "ID": 476, "Type": "Point Filter", "Descriptio": "No access between America Street and Southwark Bridge Road.", "Enforcemen": "Filter-Barrier-Bollard", "Timed_Enfo": "N", "Exemptions": "N", "Exemption_": null, "LGA": "Southwark", "LTN": "Great Suffolk Street", "Implementa": "Dec-20", "Date_Remov": null, "url": "https://gssstreetspace.commonplace.is/about", "Notes": "Not sure of exact implementation date. Pending response from southwark." }, "geometry": { "type": "Point", "coordinates": [ 532258.522, 180105.221 ] } },
{ "type": "Feature", "properties": { "ID": 477, "Type": "Point Filter", "Descriptio": "No access on all of Doyce Street.", "Enforcemen": "Filter-Barrier-Bollard", "Timed_Enfo": "N", "Exemptions": "N", "Exemption_": null, "LGA": "Southwark", "LTN": "Great Suffolk Street", "Implementa": "Dec-20", "Date_Remov": null, "url": "https://gssstreetspace.commonplace.is/about", "Notes": "Implemention date pending. Just 1 plastic bollard, quite permeable to a determined driver." }, "geometry": { "type": "Point", "coordinates": [ 532207.461299999966286, 179944.7835 ] } },
{ "type": "Feature", "properties": { "ID": 478, "Type": "Point Filter", "Descriptio": "Noaccess between Southwark Bridge Road and King James Street. Length of Belvedere buildings closed", "Enforcemen": "Filter-Barrier-Bollard", "Timed_Enfo": "N", "Exemptions": "N", "Exemption_": null, "LGA": "Southwark", "LTN": "Great Suffolk Street", "Implementa": "Dec-20", "Date_Remov": null, "url": "https://gssstreetspace.commonplace.is/about", "Notes": "Implementation date pending" }, "geometry": { "type": "Point", "coordinates": [ 531984.263700000010431, 179630.529199999989942 ] } },
{ "type": "Feature", "properties": { "ID": 479, "Type": "New Access Restriction", "Descriptio": "No access between Southwark Bridge Road and Webber Street (Great Suffolk Street still exits to SBR but now oneway eastbound)", "Enforcemen": "Filter-Barrier-Bollard", "Timed_Enfo": "N", "Exemptions": "N", "Exemption_": null, "LGA": "Southwark", "LTN": "Great Suffolk Street", "Implementa": "Dec-20", "Date_Remov": null, "url": "https://gssstreetspace.commonplace.is/about", "Notes": "This is a funny one. It's a small light segregated bike lane from SBR to Webber street as part of Q1 that prevents left turns from SBR too. Implementation date pending." }, "geometry": { "type": "Point", "coordinates": [ 532060.62789999996312, 179716.50700000001234 ] } },
{ "type": "Feature", "properties": { "ID": 480, "Type": "New Access Restriction", "Descriptio": "No access from Southwark Bridge Road to Sawyer Street", "Enforcemen": "Filter-Barrier-Bollard", "Timed_Enfo": "N", "Exemptions": "N", "Exemption_": null, "LGA": "Southwark", "LTN": "Great Suffolk Street", "Implementa": "Dec-20", "Date_Remov": null, "url": "https://gssstreetspace.commonplace.is/about", "Notes": "Similar to Webber street. bollards block cars from old lane creating temporary small bike lane." }, "geometry": { "type": "Point", "coordinates": [ 532111.235100000048988, 179802.6662 ] } },
{ "type": "Feature", "properties": { "ID": 481, "Type": "New Access Restriction", "Descriptio": "No access from Southwark Street to Great Suffolk Street", "Enforcemen": "Signage", "Timed_Enfo": "N", "Exemptions": "N", "Exemption_": null, "LGA": "Southwark", "LTN": "Great Suffolk Street", "Implementa": "Dec-20", "Date_Remov": null, "url": "https://gssstreetspace.commonplace.is/about", "Notes": "not in as of november according to google maps. Implementation date pending." }, "geometry": { "type": "Point", "coordinates": [ 531903.636799999978393, 180254.9565 ] } },
{ "type": "Feature", "properties": { "ID": 482, "Type": "New Turning Restriction", "Descriptio": "No access betwteen Southwark Street and Lavington Street", "Enforcemen": "Signage", "Timed_Enfo": "N", "Exemptions": "N", "Exemption_": null, "LGA": "Southwark", "LTN": "Great Suffolk Street", "Implementa": "Dec-20", "Date_Remov": null, "url": "https://gssstreetspace.commonplace.is/about", "Notes": "Implementation date pending. In nov 2020 according to google." }, "geometry": { "type": "Point", "coordinates": [ 532083.936299999943003, 180196.9125 ] } },
{ "type": "Feature", "properties": { "ID": 483, "Type": "New Access Restriction", "Descriptio": "No access between Blackfriars road and Surrey Row (now one way west)", "Enforcemen": "Signage", "Timed_Enfo": "N", "Exemptions": "N", "Exemption_": null, "LGA": "Southwark", "LTN": "Great Suffolk Street", "Implementa": "Dec-20", "Date_Remov": null, "url": "https://gssstreetspace.commonplace.is/about", "Notes": "In as of nov 2020. Confirmation pending." }, "geometry": { "type": "Point", "coordinates": [ 531658.400600000051782, 179846.1085 ] } },
{ "type": "Feature", "properties": { "ID": 484, "Type": "New Access Restriction", "Descriptio": "No access between Blackfriars Road and Webber Street", "Enforcemen": "Signage", "Timed_Enfo": "N", "Exemptions": "N", "Exemption_": null, "LGA": "Southwark", "LTN": "Great Suffolk Street", "Implementa": "Dec-20", "Date_Remov": null, "url": "https://gssstreetspace.commonplace.is/about", "Notes": "Not in as of nov 2020. Confirmation Pending." }, "geometry": { "type": "Point", "coordinates": [ 531664.114300000015646, 179702.812199999985751 ] } },
{ "type": "Feature", "properties": { "ID": 485, "Type": "New Access Restriction.", "Descriptio": "Bear Lane 1 way northbound south of Price's Street", "Enforcemen": "Signage", "Timed_Enfo": "N", "Exemptions": "N", "Exemption_": null, "LGA": "Southwark", "LTN": "Great Suffolk Street", "Implementa": "Dec-20", "Date_Remov": null, "url": "https://gssstreetspace.commonplace.is/about", "Notes": "Not in place november 2020. Pending confirmation" }, "geometry": { "type": "Point", "coordinates": [ 531810.161541218752973, 180218.793851269059815 ] } },
{ "type": "Feature", "properties": { "ID": 486, "Type": "New Access Restriction", "Descriptio": "Union Street now one way Eastbound all the way from Blackfriars Road", "Enforcemen": "Signage", "Timed_Enfo": "N", "Exemptions": "N", "Exemption_": null, "LGA": "Southwark", "LTN": "Great Suffolk Street", "Implementa": "Dec-20", "Date_Remov": null, "url": "https://gssstreetspace.commonplace.is/about", "Notes": "Not in by nov 2020 (google) implementation pending." }, "geometry": { "type": "Point", "coordinates": [ 532202.4732, 180041.8259 ] } },
{ "type": "Feature", "properties": { "ID": 487, "Type": "Point Filter", "Descriptio": "No access between Hocker Street and Arnold Circus", "Enforcemen": "Filter-Barrier-Planter", "Timed_Enfo": "N", "Exemptions": "N", "Exemption_": null, "LGA": "Tower Hamlets", "LTN": "Bethnal Green", "Implementa": "14/12/2020", "Date_Remov": null, "url": "https://talk.towerhamlets.gov.uk/lsbethnalgreen/news_feed/arnold-circus", "Notes": "Part of wider public realm scheme to be installed in 2021" }, "geometry": { "type": "Point", "coordinates": [ 533654.0712, 182580.798799999989569 ] } },
{ "type": "Feature", "properties": { "ID": 488, "Type": "Point Filter", "Descriptio": "No access between Marmont Road and Peckham High Street", "Enforcemen": "Filter-Barrier", "Timed_Enfo": "N", "Exemptions": "N", "Exemption_": null, "LGA": "Southwark", "LTN": "North Peckham", "Implementa": "Dec-20", "Date_Remov": null, "url": "https://northpeckham.commonplace.is/about", "Notes": "Check" }, "geometry": { "type": "Point", "coordinates": [ 534398.24910000001546, 176788.823800000012852 ] } },
{ "type": "Feature", "properties": { "ID": 489, "Type": "Point Filter", "Descriptio": "No access on Fenham Road between penmethorne Road and Kincaid Road", "Enforcemen": "Filter Barrier", "Timed_Enfo": "N", "Exemptions": "N", "Exemption_": null, "LGA": "Southwark", "LTN": "North Peckham", "Implementa": "Dec-20", "Date_Remov": null, "url": "https://northpeckham.commonplace.is/about", "Notes": null }, "geometry": { "type": "Point", "coordinates": [ 534556.5906, 177149.9067 ] } },
{ "type": "Feature", "properties": { "ID": 490, "Type": "Point Filter", "Descriptio": "No access between goldsmith road and Meeting house lane", "Enforcemen": "Filter-Barrier", "Timed_Enfo": "N", "Exemptions": "N", "Exemption_": null, "LGA": "Southwark", "LTN": "North Peckham", "Implementa": "Dec-20", "Date_Remov": null, "url": "https://northpeckham.commonplace.is/about", "Notes": null }, "geometry": { "type": "Point", "coordinates": [ 534565.68460000003688, 176968.562800000014249 ] } },
{ "type": "Feature", "properties": { "ID": 491, "Type": "Point Filter", "Descriptio": "No access between Havil Street and Dalwood Street", "Enforcemen": "Filter-Barrier-Bollard", "Timed_Enfo": "N", "Exemptions": "N", "Exemption_": null, "LGA": "Southwark", "LTN": "Brunswick Park", "Implementa": "Jan-21", "Date_Remov": null, "url": "https://brunswickpark.commonplace.is/about", "Notes": null }, "geometry": { "type": "Point", "coordinates": [ 533222.255600000033155, 176900.157700000010664 ] } },
{ "type": "Feature", "properties": { "ID": 492, "Type": "Point Filter", "Descriptio": "No access between Havil Street and Southampton Way", "Enforcemen": "Filter-Barrier-Bollard", "Timed_Enfo": "N", "Exemptions": "N", "Exemption_": null, "LGA": "Southwark", "LTN": "Brunswick Park", "Implementa": "Jan-21", "Date_Remov": null, "url": "https://brunswickpark.commonplace.is/about", "Notes": null }, "geometry": { "type": "Point", "coordinates": [ 533126.368000000016764, 177193.3035 ] } },
{ "type": "Feature", "properties": { "ID": 493, "Type": "Point Filter", "Descriptio": "No access between Elmington Road and Benhill Road", "Enforcemen": "Filter-Barrier Bollard", "Timed_Enfo": "N", "Exemptions": "N", "Exemption_": null, "LGA": "Southwark", "LTN": "Brunswick Park", "Implementa": "Jan-20", "Date_Remov": null, "url": "https://brunswickpark.commonplace.is/about", "Notes": null }, "geometry": { "type": "Point", "coordinates": [ 532945.2916, 177067.5932 ] } },
{ "type": "Feature", "properties": { "ID": 494, "Type": "Point Filter", "Descriptio": "No access between Benhill Road and Elmington Road", "Enforcemen": "Filter-Barrier-Bollard", "Timed_Enfo": "N", "Exemptions": "N", "Exemption_": null, "LGA": "Southwark", "LTN": "Brunswick Park", "Implementa": "Jan-21", "Date_Remov": null, "url": "https://brunswickpark.commonplace.is/about", "Notes": null }, "geometry": { "type": "Point", "coordinates": [ 532934.592900000046939, 177047.800500000012107 ] } },
{ "type": "Feature", "properties": { "ID": 495, "Type": "Point Filter", "Descriptio": "No access along bagshot road, just south of Smyrk's road", "Enforcemen": "Filter-Barrier", "Timed_Enfo": "N", "Exemptions": "N", "Exemption_": null, "LGA": "Southwark", "LTN": "East Faraday", "Implementa": "Dec-20", "Date_Remov": null, "url": "https://eastfaraday.commonplace.is/about", "Notes": null }, "geometry": { "type": "Point", "coordinates": [ 533315.201, 178188.555 ] } },
{ "type": "Feature", "properties": { "ID": 496, "Type": "Point Filter", "Descriptio": "No access from Palissy Street to Arnold Circus", "Enforcemen": "Filter-Barrier-Planter", "Timed_Enfo": "N", "Exemptions": "N", "Exemption_": null, "LGA": "Tower Hamlets", "LTN": "Bethnal Green", "Implementa": "14/12/2020", "Date_Remov": null, "url": "https://talk.towerhamlets.gov.uk/lsbethnalgreen/news_feed/arnold-circus", "Notes": "Part of Arnold Circus public realm scheme coming in 2021" }, "geometry": { "type": "Point", "coordinates": [ 533675.468699999968521, 182562.611 ] } },
{ "type": "Feature", "properties": { "ID": 497, "Type": "Point Filter", "Descriptio": "No access between Rochell Street and Arnold Circus", "Enforcemen": "Filter-Barrier-Planter", "Timed_Enfo": "N", "Exemptions": "N", "Exemption_": null, "LGA": "Tower Hamlets", "LTN": "Bethnal Green", "Implementa": "14/12/2020", "Date_Remov": null, "url": "https://talk.towerhamlets.gov.uk/lsbethnalgreen/news_feed/arnold-circus", "Notes": "Part of arnold circus public realm scheme going permenant in 2021" }, "geometry": { "type": "Point", "coordinates": [ 533678.678300000028685, 182542.5508 ] } },
{ "type": "Feature", "properties": { "ID": 498, "Type": "Point Filter", "Descriptio": "No access from Club Row to arnold Circus", "Enforcemen": "Filter-Barrier-Planter", "Timed_Enfo": "N", "Exemptions": "N", "Exemption_": null, "LGA": "Tower Hamlets", "LTN": "Bethnal Green", "Implementa": "14/12/2020", "Date_Remov": null, "url": "https://talk.towerhamlets.gov.uk/lsbethnalgreen/news_feed/arnold-circus", "Notes": "Part of trial run of permenant public realm scheme (pedestrianisation of arnold circus) to be implemented 2021" }, "geometry": { "type": "Point", "coordinates": [ 533655.274800000013784, 182516.07139999998617 ] } },
{ "type": "Feature", "properties": { "ID": 499, "Type": "Point Filter", "Descriptio": "No access between Camlet Street and arnold circus", "Enforcemen": "Filter-Barrier-Planter", "Timed_Enfo": "N", "Exemptions": "N", "Exemption_": null, "LGA": "Tower Hamlets", "LTN": "Bethnal Green", "Implementa": "14/12/2020", "Date_Remov": null, "url": "https://talk.towerhamlets.gov.uk/lsbethnalgreen/news_feed/arnold-circus", "Notes": "Part of perm scheme to pedestrianise Arnold circus 2021" }, "geometry": { "type": "Point", "coordinates": [ 533635.883299999986775, 182516.606300000014016 ] } },
{ "type": "Feature", "properties": { "ID": 500, "Type": "New Access Restriction", "Descriptio": "Navarre Street now one way. Access from Calvert Avenue.", "Enforcemen": "Signage", "Timed_Enfo": "N", "Exemptions": "N", "Exemption_": null, "LGA": "Tower Hamlets", "LTN": "Bethnal Green", "Implementa": "14/12/2020", "Date_Remov": null, "url": "https://talk.towerhamlets.gov.uk/lsbethnalgreen/news_feed/arnold-circus", "Notes": null }, "geometry": { "type": "Point", "coordinates": [ 533574.432400000048801, 182497.8166 ] } },
{ "type": "Feature", "properties": { "ID": 510, "Type": "New Access Restriction", "Descriptio": "No acces Rattray road southbound past Jelf Road.", "Enforcemen": "Signage", "Timed_Enfo": "N", "Exemptions": "N", "Exemption_": null, "LGA": "Lambeth", "LTN": "Railton LTN", "Implementa": "02/2021", "Date_Remov": null, "url": "https://beta.lambeth.gov.uk/streets-roads-transport/railton-low-traffic-neighbourhood-stage-one-monitoring-report/upcoming-changes", "Notes": null }, "geometry": { "type": "Point", "coordinates": [ 531316.985696405638009, 174885.947695715469308 ] } },
{ "type": "Feature", "properties": { "ID": 511, "Type": "New Access Restriction", "Descriptio": "No access Dalberg road southbound past Jelf Road.", "Enforcemen": "Signage", "Timed_Enfo": "N", "Exemptions": "N", "Exemption_": null, "LGA": "Lambeth", "LTN": "Railton LTN", "Implementa": "02/2021", "Date_Remov": null, "url": "https://beta.lambeth.gov.uk/streets-roads-transport/railton-low-traffic-neighbourhood-stage-one-monitoring-report/upcoming-changes", "Notes": null }, "geometry": { "type": "Point", "coordinates": [ 531265.882966952049173, 174857.841194515960524 ] } },
{ "type": "Feature", "properties": { "ID": 512, "Type": "New Access Restriction", "Descriptio": "No access to Trelawn Road From Effra Road", "Enforcemen": "Signage", "Timed_Enfo": "N", "Exemptions": "N", "Exemption_": null, "LGA": "Lambeth", "LTN": "Railton LTN", "Implementa": "02/2021", "Date_Remov": null, "url": "https://beta.lambeth.gov.uk/streets-roads-transport/railton-low-traffic-neighbourhood-stage-one-monitoring-report/upcoming-changes", "Notes": null }, "geometry": { "type": "Point", "coordinates": [ 531130.460733899963088, 174711.772559494362213 ] } },
{ "type": "Feature", "properties": { "ID": 513, "Type": "New Access Restriction", "Descriptio": "Osbourne Road one way west from Lightcliffe Road to just before green lanes", "Enforcemen": "Singage", "Timed_Enfo": "N", "Exemptions": "N", "Exemption_": null, "LGA": "Enfield", "LTN": null, "Implementa": "01/2021", "Date_Remov": null, "url": "https://new.enfield.gov.uk/services/roads-and-transport/traffic-management-orders/connaught-gardens-area-eto-roads.pdf", "Notes": "First phase of wider connaught gardens project." }, "geometry": { "type": "Point", "coordinates": [ 531325.662856886629015, 193222.907262933149468 ] } },
{ "type": "Feature", "properties": { "ID": 514, "Type": "New Access Restriction", "Descriptio": "Windsor Road now one way Eastbound from Green lanes", "Enforcemen": "Signage", "Timed_Enfo": "N", "Exemptions": "N", "Exemption_": null, "LGA": "Enfield", "LTN": null, "Implementa": "01/2021", "Date_Remov": null, "url": "https://new.enfield.gov.uk/services/roads-and-transport/traffic-management-orders/connaught-gardens-area-eto-roads.pdf", "Notes": "Phase 1 of larger scheme." }, "geometry": { "type": "Point", "coordinates": [ 531482.489712679293007, 193070.388837244798196 ] } },
{ "type": "Feature", "properties": { "ID": 515, "Type": "New Access Restriction", "Descriptio": "Lightcliffe Road one way from Osborne road northbound. Also includes banned right turn from Lightcliffe onto Hedge Lane", "Enforcemen": "Signage", "Timed_Enfo": "N", "Exemptions": "N", "Exemption_": null, "LGA": "Enfield", "LTN": null, "Implementa": "01/2021", "Date_Remov": null, "url": "https://new.enfield.gov.uk/services/roads-and-transport/traffic-management-orders/connaught-gardens-area-eto-roads.pdf", "Notes": "Phase one of wider scheme currently being consulted on." }, "geometry": { "type": "Point", "coordinates": [ 531538.212075360352173, 193250.193986926489742 ] } },
{ "type": "Feature", "properties": { "ID": 516, "Type": "New Access Restriction", "Descriptio": "New River Crescent one way northbound from Osborne", "Enforcemen": "Signage", "Timed_Enfo": "N", "Exemptions": "N", "Exemption_": null, "LGA": "Enfield", "LTN": null, "Implementa": "01/2021", "Date_Remov": null, "url": "https://new.enfield.gov.uk/services/roads-and-transport/traffic-management-orders/connaught-gardens-area-eto-roads.pdf", "Notes": "Phase one of larger plan." }, "geometry": { "type": "Point", "coordinates": [ 531595.083352735615335, 193230.087979773583356 ] } },
{ "type": "Feature", "properties": { "ID": 517, "Type": "Point Filter", "Descriptio": "No access between Chingford Road and Dudley Road", "Enforcemen": "Filter-Navigable-ANPR", "Timed_Enfo": "N", "Exemptions": "N", "Exemption_": null, "LGA": "Waltham Forest", "LTN": "Forest Road", "Implementa": "22/02/2021", "Date_Remov": null, "url": "https://forestroadlsp.commonplace.is/proposals/low-traffic-streets", "Notes": null }, "geometry": { "type": "Point", "coordinates": [ 537378.164817520068027, 190047.000224333140068 ] } },
{ "type": "Feature", "properties": { "ID": 518, "Type": "Point Filter", "Descriptio": "No access between Chingford Road and Chandos Ave", "Enforcemen": "Filter-Navigable-ANPR", "Timed_Enfo": "N", "Exemptions": "N", "Exemption_": null, "LGA": "Waltham Forest", "LTN": "Forest Road", "Implementa": "22/02/2021", "Date_Remov": null, "url": "https://forestroadlsp.commonplace.is/proposals/low-traffic-streets", "Notes": null }, "geometry": { "type": "Point", "coordinates": [ 537392.191188335535116, 190051.316030737914843 ] } },
{ "type": "Feature", "properties": { "ID": 519, "Type": "Point Filter", "Descriptio": "No access along Manbey Grove in between Lavender Street and The Grove", "Enforcemen": "Filter-Navigable-ANPR", "Timed_Enfo": "N", "Exemptions": "N", "Exemption_": null, "LGA": "Newham", "LTN": "Manbey - Area 3", "Implementa": "18/03/2021", "Date_Remov": null, "url": "https://consultprojectcentre.co.uk/LTNarea3", "Notes": null }, "geometry": { "type": "Point", "coordinates": [ 539125.818349415203556, 184786.040903097571572 ] } },
{ "type": "Feature", "properties": { "ID": 520, "Type": "Point Filter", "Descriptio": "No access throu Keogh road at corner just west/north of intersection with Carnarvon", "Enforcemen": "Filter-Navigable-ANPR", "Timed_Enfo": "N", "Exemptions": "N", "Exemption_": null, "LGA": "Newham", "LTN": "Atherton Area 4", "Implementa": "18/03/2021", "Date_Remov": null, "url": "https://consultprojectcentre.co.uk/LTNarea4", "Notes": null }, "geometry": { "type": "Point", "coordinates": [ 539568.398724486585706, 185012.773706439271336 ] } },
{ "type": "Feature", "properties": { "ID": 521, "Type": "Point Filter", "Descriptio": "No access between Earlham Grove to Woodgrange Road", "Enforcemen": "Filter-Navigable-ANPR", "Timed_Enfo": "N", "Exemptions": "N", "Exemption_": null, "LGA": "Newham", "LTN": "Atherton Area 4", "Implementa": "18/03/2021", "Date_Remov": null, "url": "https://consultprojectcentre.co.uk/LTNarea4", "Notes": null }, "geometry": { "type": "Point", "coordinates": [ 540484.643810571054928, 185253.391608372709015 ] } },
{ "type": "Feature", "properties": { "ID": 522, "Type": "Diverter Filter", "Descriptio": "No access along aldworth road at Eliot Close and Faringford Road", "Enforcemen": "Filter-Navigable-ANPR", "Timed_Enfo": "N", "Exemptions": "N", "Exemption_": null, "LGA": "Newham", "LTN": "Stratford Park Area 7", "Implementa": "18/03/2021", "Date_Remov": null, "url": "https://consultprojectcentre.co.uk/LTNarea7", "Notes": null }, "geometry": { "type": "Point", "coordinates": [ 539155.95987002144102, 184213.809134180046385 ] } },
{ "type": "Feature", "properties": { "ID": 523, "Type": "Point Filter", "Descriptio": "No acces Benwell Road between Queensland Road and Bryantwood Road", "Enforcemen": "Filter-Navigable-ANPR", "Timed_Enfo": "N", "Exemptions": "N", "Exemption_": null, "LGA": "Islington", "LTN": "Highbury West", "Implementa": "11/01/2021", "Date_Remov": null, "url": "https://www.islington.gov.uk/roads/people-friendly-streets/highbury", "Notes": null }, "geometry": { "type": "Point", "coordinates": [ 531150.771979456883855, 185478.438772173132747 ] } },
{ "type": "Feature", "properties": { "ID": 524, "Type": "Point Filter", "Descriptio": "No access along Highbury Hill between Martineau Road and Coach House Lane", "Enforcemen": "Filter-Navigable-ANPR", "Timed_Enfo": "N", "Exemptions": "N", "Exemption_": null, "LGA": "Islington", "LTN": "Highbury West", "Implementa": "11/01/2021", "Date_Remov": null, "url": "https://www.islington.gov.uk/roads/people-friendly-streets/highbury", "Notes": null }, "geometry": { "type": "Point", "coordinates": [ 531601.723411909770221, 185570.206131590093719 ] } },
{ "type": "Feature", "properties": { "ID": 525, "Type": "Point Filter", "Descriptio": "No access between Aubert Park and Highbury Hill east of intersection.", "Enforcemen": "Filter-Permeable-ANPR", "Timed_Enfo": "N", "Exemptions": "N", "Exemption_": null, "LGA": "Islington", "LTN": "Highbury West", "Implementa": "11/01/2021", "Date_Remov": null, "url": "https://www.islington.gov.uk/roads/people-friendly-streets/highbury", "Notes": null }, "geometry": { "type": "Point", "coordinates": [ 531606.294637783663347, 185773.168560387886828 ] } },
{ "type": "Feature", "properties": { "ID": 526, "Type": "Point Filter", "Descriptio": "No access gillespie Road west of Saint Thomas's Road.", "Enforcemen": "Filter-Navigable-ANPR", "Timed_Enfo": "N", "Exemptions": "N", "Exemption_": null, "LGA": "Islington", "LTN": "Highbury West", "Implementa": "11/01/2021", "Date_Remov": null, "url": "https://www.islington.gov.uk/roads/people-friendly-streets/highbury", "Notes": null }, "geometry": { "type": "Point", "coordinates": [ 531548.297209509764798, 186155.551604733162094 ] } },
{ "type": "Feature", "properties": { "ID": 527, "Type": "Point Filter", "Descriptio": "No Access between Saint Thomas's Road and Monsell Road South of intersection.", "Enforcemen": "Filter-Navigable-ANPR", "Timed_Enfo": "N", "Exemptions": "N", "Exemption_": null, "LGA": "Islington", "LTN": "Highbury West", "Implementa": "11/01/2021", "Date_Remov": null, "url": "https://www.islington.gov.uk/roads/people-friendly-streets/highbury", "Notes": null }, "geometry": { "type": "Point", "coordinates": [ 531507.556158909574151, 186279.3175452669675 ] } },
{ "type": "Feature", "properties": { "ID": 528, "Type": "Point Filter", "Descriptio": "No access between Avenell Road and Onsell Road south of interesection", "Enforcemen": "Filter-Barrier-Bollard", "Timed_Enfo": "N", "Exemptions": "N", "Exemption_": null, "LGA": "Islington", "LTN": "Highbury West", "Implementa": "11/01/2021", "Date_Remov": null, "url": "https://www.islington.gov.uk/roads/people-friendly-streets/highbury", "Notes": null }, "geometry": { "type": "Point", "coordinates": [ 531568.296322708018124, 186307.544865037838463 ] } },
{ "type": "Feature", "properties": { "ID": 529, "Type": "Point Filter", "Descriptio": "No access between Monsell Road and Plimsoll Road south of intersection", "Enforcemen": "Filter-Barrier-Bollard", "Timed_Enfo": "N", "Exemptions": "N", "Exemption_": null, "LGA": "Islington", "LTN": "Highbury West", "Implementa": "11/01/2021", "Date_Remov": null, "url": "https://www.islington.gov.uk/roads/people-friendly-streets/highbury", "Notes": null }, "geometry": { "type": "Point", "coordinates": [ 531639.321744722314179, 186345.771741407661466 ] } },
{ "type": "Feature", "properties": { "ID": 530, "Type": "Point Filter", "Descriptio": "No access on Monsell Road East of intersection with Romilly Road", "Enforcemen": "Filter-Navigable-ANPR", "Timed_Enfo": "N", "Exemptions": "N", "Exemption_": null, "LGA": "Islington", "LTN": "Highbury West", "Implementa": "11/01/2021", "Date_Remov": null, "url": "https://www.islington.gov.uk/roads/people-friendly-streets/highbury", "Notes": null }, "geometry": { "type": "Point", "coordinates": [ 531717.603987811133265, 186389.312667855730979 ] } },
{ "type": "Feature", "properties": { "ID": 531, "Type": "Point Filter", "Descriptio": "No access between Woodberry grove and Seven Sisters Road", "Enforcemen": "Filter-Navigable-ANPR", "Timed_Enfo": "N", "Exemptions": "N", "Exemption_": null, "LGA": "Hackney", "LTN": "Woodberry Grove", "Implementa": "21/06/2021", "Date_Remov": null, "url": "https://rebuildingagreenerhackney.commonplace.is/proposals/woodberry-grove-ltn", "Notes": "This is a school street as well so the other entrance has a timed closure as well with resident exemption." }, "geometry": { "type": "Point", "coordinates": [ 532407.259121362469159, 187696.597557284607319 ] } },
{ "type": "Feature", "properties": { "ID": 532, "Type": "Point Filter", "Descriptio": "No access between King Edward's Road and Shore Street", "Enforcemen": "Filter-Barrier-Bollard", "Timed_Enfo": "N", "Exemptions": "N", "Exemption_": null, "LGA": "Hackney", "LTN": null, "Implementa": "09/11/2020", "Date_Remov": null, "url": "https://rebuildingagreenerhackney.commonplace.is/proposals/shore-place", "Notes": null }, "geometry": { "type": "Point", "coordinates": [ 535239.362111490336247, 183979.619518631574465 ] } },
{ "type": "Feature", "properties": { "ID": 533, "Type": "Point Filter", "Descriptio": "No access along Wayland Avenue north of intersection between Sigdon Road", "Enforcemen": "Filter-Navigable-ANPR", "Timed_Enfo": "N", "Exemptions": "N", "Exemption_": null, "LGA": "Hackney", "LTN": null, "Implementa": "11/2020", "Date_Remov": null, "url": "https://rebuildingagreenerhackney.commonplace.is/proposals/hackney-central-marcon-place-wayland-avenue", "Notes": null }, "geometry": { "type": "Point", "coordinates": [ 534305.317814660491422, 185190.480112284218194 ] } },
{ "type": "Feature", "properties": { "ID": 534, "Type": "Point Filter", "Descriptio": "No access Marcon Place just west of rail crossing", "Enforcemen": "Filter-Navigable-ANPR", "Timed_Enfo": "N", "Exemptions": "N", "Exemption_": null, "LGA": "Hackney", "LTN": null, "Implementa": "11/2020", "Date_Remov": null, "url": "https://rebuildingagreenerhackney.commonplace.is/proposals/hackney-central-marcon-place-wayland-avenue", "Notes": null }, "geometry": { "type": "Point", "coordinates": [ 534563.020673297112808, 185010.145251561771147 ] } },
{ "type": "Feature", "properties": { "ID": 536, "Type": "Point Filter", "Descriptio": "No access Harmood Street South of Clarence Way", "Enforcemen": "Filter-Navigable-ANPR", "Timed_Enfo": "N", "Exemptions": "N", "Exemption_": null, "LGA": "Camden", "LTN": "Kentish Town", "Implementa": "28/01/2021", "Date_Remov": null, "url": "https://democracy.camden.gov.uk/ieDecisionDetails.aspx?Id=3188", "Notes": "Strengthens existing LTN." }, "geometry": { "type": "Point", "coordinates": [ 528575.514743116218597, 184392.115513420809293 ] } },
{ "type": "Feature", "properties": { "ID": 535, "Type": "Point Filter", "Descriptio": "No access Grafton Road just north of Queen's crescent", "Enforcemen": "Filter-Navigable-ANPR", "Timed_Enfo": "N", "Exemptions": "N", "Exemption_": null, "LGA": "Camden", "LTN": "Clarence Way and Hartland Road Safe and Healthy Streets", "Implementa": "20/05/2021", "Date_Remov": null, "url": "https://www.camden.gov.uk/documents/20142/181204604/Queens+Crescent+Business+Letter+May+21.pdf/9c9f180c-691c-99db-09d1-19b3cd9c23a9?t=1621519821068", "Notes": "Nov23: Proposed to be moved north; seems not to have happened yet; Corrected LTN name  - Was 'Kentish Town'. Strengthens existing LTN." }, "geometry": { "type": "Point", "coordinates": [ 528364.524098877096549, 185219.050273995409952 ] } },
{ "type": "Feature", "properties": { "ID": 537, "Type": "Point Filter", "Descriptio": "No access on Queen's Crescent between Bassett Street and Allcroft Road", "Enforcemen": "Filter-Navigable-ANPR", "Timed_Enfo": "N", "Exemptions": "N", "Exemption_": null, "LGA": "Camden", "LTN": "Queen's Crescent", "Implementa": "27/05/2021", "Date_Remov": null, "url": "https://www.camden.gov.uk/documents/20142/181204604/Queens+Crescent+Business+Letter+May+21.pdf/9c9f180c-691c-99db-09d1-19b3cd9c23a9?t=1621519821068", "Notes": "Nov23: Unclear if removed or not; conflicting information. Slightly wider scheme that is timed but this is permenant and 24/7" }, "geometry": { "type": "Point", "coordinates": [ 528227.987296058097854, 185041.458148797391914 ] } },
{ "type": "Feature", "properties": { "ID": 538, "Type": "Point Filter", "Descriptio": "No acess Queen's Crescent Between Weedington Road and Allcroft Road", "Enforcemen": "Filter-Navigable-ANPR", "Timed_Enfo": "N", "Exemptions": "N", "Exemption_": null, "LGA": "Camden", "LTN": "Queen's Crescent", "Implementa": "27/05/2021", "Date_Remov": null, "url": "https://www.camden.gov.uk/documents/20142/181204604/Queens+Crescent+Business+Letter+May+21.pdf/9c9f180c-691c-99db-09d1-19b3cd9c23a9?t=1621519821068", "Notes": "Part of a slightly larger temporary closure, but this is a permenant filter." }, "geometry": { "type": "Point", "coordinates": [ 528296.555684165563434, 185102.941136800305685 ] } },
{ "type": "Feature", "properties": { "ID": 539, "Type": "Point Filter", "Descriptio": "No access between Allcroft Road and Queen's Crescent", "Enforcemen": "Filter-Navigable-ANPR", "Timed_Enfo": "N", "Exemptions": "N", "Exemption_": null, "LGA": "Camden", "LTN": "Queen's Crescent", "Implementa": "27/05/2021", "Date_Remov": null, "url": "https://www.camden.gov.uk/documents/20142/181204604/Queens+Crescent+Business+Letter+May+21.pdf/9c9f180c-691c-99db-09d1-19b3cd9c23a9?t=1621519821068", "Notes": null }, "geometry": { "type": "Point", "coordinates": [ 528260.157298145350069, 185066.542750779975904 ] } },
{ "type": "Feature", "properties": { "ID": 540, "Type": "Point Filter", "Descriptio": "No access between Weedington Road and Queen's Crescent (north of intersection)", "Enforcemen": "Filter-Navigable-ANPR", "Timed_Enfo": "N", "Exemptions": "N", "Exemption_": null, "LGA": "Camden", "LTN": "Queen's Crescent", "Implementa": "27/05/2021", "Date_Remov": null, "url": "https://www.camden.gov.uk/documents/20142/181204604/Queens+Crescent+Business+Letter+May+21.pdf/9c9f180c-691c-99db-09d1-19b3cd9c23a9?t=1621519821068", "Notes": null }, "geometry": { "type": "Point", "coordinates": [ 528305.640995589899831, 185118.654725741507718 ] } },
{ "type": "Feature", "properties": { "ID": 541, "Type": "Point Filter", "Descriptio": "No acess between Agave Road and Olive Road", "Enforcemen": "Filter-Navigable-Signage", "Timed_Enfo": "N", "Exemptions": "N", "Exemption_": null, "LGA": "Brent", "LTN": "Olive Road Healthy Neighbourhood", "Implementa": "12/2020", "Date_Remov": "26/01/2022", "url": "https://www.brent.gov.uk/services-for-residents/transport-and-streets/brent-healthy-neighbourhoods/olive-road-healthy-neighbourhood/", "Notes": null }, "geometry": { "type": "Point", "coordinates": [ 523234.937156754429452, 185704.22712560306536 ] } },
{ "type": "Feature", "properties": { "ID": 542, "Type": "Diverter Filter", "Descriptio": "Diverter filter. Traffic on Dalyell Road forced right.", "Enforcemen": "Filter-Permeable-ANPR", "Timed_Enfo": "N", "Exemptions": "N", "Exemption_": null, "LGA": "Lambeth", "LTN": "Ferndale LTN", "Implementa": "04/2021", "Date_Remov": null, "url": "https://s3-eu-west-2.amazonaws.com/commonplace-customer-assets/fdstreets/LowTraffic_Ferndale.pdf", "Notes": "Enforcement type not confirmed but indicitive images from Lambeth imply navigable anpr" }, "geometry": { "type": "Point", "coordinates": [ 530686.771402782760561, 175837.130617512302706 ] } },
{ "type": "Feature", "properties": { "ID": 543, "Type": "Point Filter", "Descriptio": "No access along Ferndale Road", "Enforcemen": "Filter-Navigable-ANPR", "Timed_Enfo": "N", "Exemptions": "N", "Exemption_": null, "LGA": "Lambeth", "LTN": "Ferndale LTN", "Implementa": "04/2021", "Date_Remov": null, "url": "https://s3-eu-west-2.amazonaws.com/commonplace-customer-assets/fdstreets/LowTraffic_Ferndale.pdf", "Notes": null }, "geometry": { "type": "Point", "coordinates": [ 530801.774957817513496, 175517.387954405217897 ] } },
{ "type": "Feature", "properties": { "ID": 544, "Type": "Diverter Filter", "Descriptio": "Traffic travelling along Murray Street in either direction forced right.", "Enforcemen": "Filter-Navigable-ANPR", "Timed_Enfo": "N", "Exemptions": "N", "Exemption_": "N", "LGA": "Camden", "LTN": "Camden Square", "Implementa": "09/12/2021", "Date_Remov": null, "url": "https://s3-eu-west-2.amazonaws.com/commonplace-customer-assets/safetravelcamden/Camden%20Square%20-%20Notification%20letter%20Dec%202021.pdf", "Notes": "HGVs oddly exempted. I think this is to allow resident deliveries without dangerous U-turns." }, "geometry": { "type": "Point", "coordinates": [ 529574.227438093861565, 184418.330898147425614 ] } },
{ "type": "Feature", "properties": { "ID": 545, "Type": "New Access Restriction", "Descriptio": "No acess on North Villas (westbound) after Camden Terrace. Eastbound access remains", "Enforcemen": "Filter-Navigable-ANPR", "Timed_Enfo": "N", "Exemptions": "N", "Exemption_": "N", "LGA": "Camden", "LTN": "Camden Square", "Implementa": "09/12/2021", "Date_Remov": null, "url": "https://s3-eu-west-2.amazonaws.com/commonplace-customer-assets/safetravelcamden/Camden%20Square%20-%20Notification%20letter%20Dec%202021.pdf", "Notes": null }, "geometry": { "type": "Point", "coordinates": [ 529699.623618445941247, 184667.093848777294625 ] } },
{ "type": "Feature", "properties": { "ID": 546, "Type": "Point Filter", "Descriptio": "No access along lordship road north of Lordship Terrace", "Enforcemen": "Filter-Navigable-ANPR", "Timed_Enfo": "N", "Exemptions": "N", "Exemption_": null, "LGA": "Hackney", "LTN": "Stoke Newington Church Street", "Implementa": "23/12/2021", "Date_Remov": null, "url": "https://rebuildingagreenerhackney.commonplace.is/proposals/stoke-newington", "Notes": null }, "geometry": { "type": "Point", "coordinates": [ 533055.101915328879841, 186626.782966324419249 ] } },
{ "type": "Feature", "properties": { "ID": 547, "Type": "Point Filter", "Descriptio": "Slip road of Lordship road totally closed", "Enforcemen": "Filter-Barrier-Bollard", "Timed_Enfo": "N", "Exemptions": "N", "Exemption_": null, "LGA": "Hackney", "LTN": "Stoke Newington Church Street", "Implementa": "23/12/2021", "Date_Remov": null, "url": "https://rebuildingagreenerhackney.commonplace.is/proposals/stoke-newington", "Notes": null }, "geometry": { "type": "Point", "coordinates": [ 533154.133744137943722, 186555.666513452102663 ] } },
{ "type": "Feature", "properties": { "ID": 548, "Type": "Point Filter", "Descriptio": "No access Yoakley Road and Stoke Newington Church Street", "Enforcemen": "Filter-Navigable-ANPR", "Timed_Enfo": "N", "Exemptions": "N", "Exemption_": null, "LGA": "Hackney", "LTN": "Stoke Newington Church Street", "Implementa": "23/12/2021", "Date_Remov": null, "url": "https://rebuildingagreenerhackney.commonplace.is/proposals/stoke-newington", "Notes": null }, "geometry": { "type": "Point", "coordinates": [ 533228.285655364510603, 186567.591528415447101 ] } },
{ "type": "Feature", "properties": { "ID": 549, "Type": "Point Filter", "Descriptio": "No access Bouverie Road at Stoke Newington Church Street", "Enforcemen": "Filter-Navigable-ANPR", "Timed_Enfo": "N", "Exemptions": "N", "Exemption_": null, "LGA": "Hackney", "LTN": "Stoke Newington Church Street", "Implementa": "23/12/2021", "Date_Remov": null, "url": "https://rebuildingagreenerhackney.commonplace.is/proposals/stoke-newington", "Notes": null }, "geometry": { "type": "Point", "coordinates": [ 533268.180250878212973, 186574.312900485703722 ] } },
{ "type": "Feature", "properties": { "ID": 550, "Type": "Point Filter", "Descriptio": "No access oldfield road south of Kynaston Road", "Enforcemen": "Filter-Navigable-ANPR", "Timed_Enfo": "N", "Exemptions": "N", "Exemption_": null, "LGA": "Hackney", "LTN": "Stoke Newington Church Street", "Implementa": "23/12/2021", "Date_Remov": null, "url": "https://rebuildingagreenerhackney.commonplace.is/proposals/stoke-newington", "Notes": null }, "geometry": { "type": "Point", "coordinates": [ 533232.405205988674425, 186313.263482015638147 ] } },
{ "type": "Feature", "properties": { "ID": 552, "Type": "Point Filter", "Descriptio": "No access Nevill Road north of Barbauld Road", "Enforcemen": "Filter-Navigable-ANPR", "Timed_Enfo": "N", "Exemptions": "N", "Exemption_": null, "LGA": "Hackney", "LTN": "Stoke Newington Church Street", "Implementa": "23/12/2021", "Date_Remov": null, "url": "https://rebuildingagreenerhackney.commonplace.is/proposals/stoke-newington", "Notes": null }, "geometry": { "type": "Point", "coordinates": [ 533279.563219707575627, 186063.651236987760058 ] } },
{ "type": "Feature", "properties": { "ID": 552, "Type": "Point Filter", "Descriptio": "Bus Gate on Stoke Newington Church Street. In operation 7am-7pm Monday-Sunday", "Enforcemen": "Filter-Navigable-ANPR", "Timed_Enfo": "Y", "Exemptions": "Y", "Exemption_": "Bus", "LGA": "Hackney", "LTN": "Stoke Newington Church Street", "Implementa": "23/12/2021", "Date_Remov": null, "url": "https://rebuildingagreenerhackney.commonplace.is/proposals/stoke-newington", "Notes": null }, "geometry": { "type": "Point", "coordinates": [ 533148.631975871277973, 186541.193881656276062 ] } },
{ "type": "Feature", "properties": { "ID": 553, "Type": "Point Filter", "Descriptio": "No access Halton Road North of Braes Street and Richmond Grove", "Enforcemen": "Filter-Navigable-ANPR", "Timed_Enfo": "N", "Exemptions": "N", "Exemption_": null, "LGA": "Islington", "LTN": "St. Mary's Church", "Implementa": "01/02/2022", "Date_Remov": null, "url": "https://www.islington.gov.uk/roads/people-friendly-streets/st-marys-church", "Notes": "Only date for implementation was 'early december'" }, "geometry": { "type": "Point", "coordinates": [ 531876.353099651169032, 184249.397894685214851 ] } },
{ "type": "Feature", "properties": { "ID": 554, "Type": "Point Filter", "Descriptio": "No access between Canonbury Road and Braes Street. I belive this includes Canonbury Villas", "Enforcemen": "Filter-Navigable-ANPR", "Timed_Enfo": "N", "Exemptions": "N", "Exemption_": null, "LGA": "Islington", "LTN": "St.Mary's Church", "Implementa": "01/02/2022", "Date_Remov": null, "url": "https://www.islington.gov.uk/roads/people-friendly-streets/st-marys-church", "Notes": "Initially said was going to be in early december but a new story said that it is all going to commence 01/02" }, "geometry": { "type": "Point", "coordinates": [ 531972.474118907237425, 184268.736195676348871 ] } },
{ "type": "Feature", "properties": { "ID": 555, "Type": "Point Filter", "Descriptio": "No access Hawes street west of Shilingford Street", "Enforcemen": "Filter-Navigable-ANPR", "Timed_Enfo": "N", "Exemptions": "N", "Exemption_": null, "LGA": "Islington", "LTN": "St. Mary's Church", "Implementa": "01/02/2022", "Date_Remov": null, "url": "https://www.islington.gov.uk/roads/people-friendly-streets/st-marys-church", "Notes": null }, "geometry": { "type": "Point", "coordinates": [ 531784.749395738355815, 184048.319149097602349 ] } },
{ "type": "Feature", "properties": { "ID": 556, "Type": "Point Filter", "Descriptio": "No access Cross Street West of Shilingford Street", "Enforcemen": "Filter-Navigable-ANPR", "Timed_Enfo": "N", "Exemptions": "N", "Exemption_": null, "LGA": "Islington", "LTN": "St. Mary's Church", "Implementa": "01/02/2022", "Date_Remov": null, "url": "https://www.islington.gov.uk/roads/people-friendly-streets/st-marys-church", "Notes": null }, "geometry": { "type": "Point", "coordinates": [ 531783.538568945485167, 183968.032018672587583 ] } },
{ "type": "Feature", "properties": { "ID": 557, "Type": "Point Filter", "Descriptio": "No access Tolworth Road at Red Lion Road", "Enforcemen": "Filter-Barrier-Bollard", "Timed_Enfo": "N", "Exemptions": "N", "Exemption_": null, "LGA": "Kingston-upon-Thames", "LTN": null, "Implementa": "13/12/2021", "Date_Remov": null, "url": "https://moderngov.kingston.gov.uk/documents/s95162/Tolworth%20Road%20Low%20Traffic%20Scheme%20clean.pdf", "Notes": "In my mind this does not consitiute a full LTN." }, "geometry": { "type": "Point", "coordinates": [ 518715.690406000649091, 165515.590537206560839 ] } },
{ "type": "Feature", "properties": { "ID": 558, "Type": "Point Filter", "Descriptio": "No access along Antill Road at selwyn Road (and presumably onto selwyn road) Exemptions only apply westbound. No vehicles to pass eastbound at any time.", "Enforcemen": "Filter-Navigable-ANPR", "Timed_Enfo": "N", "Exemptions": "Y", "Exemption_": "Residents", "LGA": "Tower Hamlets", "LTN": "Liveable Streets Bow", "Implementa": "28/03/2022", "Date_Remov": null, "url": "https://talk.towerhamlets.gov.uk/lsbow", "Notes": null }, "geometry": { "type": "Point", "coordinates": [ 536563.649896214832552, 183037.278776981227566 ] } },
{ "type": "Feature", "properties": { "ID": 559, "Type": "Point Filter", "Descriptio": "Physical with emergency vehicle access", "Enforcemen": "Filter-Barrier-Planter", "Timed_Enfo": "N", "Exemptions": "N", "Exemption_": null, "LGA": "Greenwich", "LTN": "Hills and Vales", "Implementa": "Aug-20", "Date_Remov": "25/02/2022", "url": null, "Notes": null }, "geometry": { "type": "Point", "coordinates": [ 538072.074053968070075, 176736.373343665094581 ] } },
{ "type": "Feature", "properties": { "ID": 560, "Type": "Contraflow", "Descriptio": "Contraflow", "Enforcemen": "Filter-Navigable-ANPR", "Timed_Enfo": "N", "Exemptions": "N", "Exemption_": null, "LGA": "Islington", "LTN": "Highbury Fields", "Implementa": "Jan-21", "Date_Remov": null, "url": null, "Notes": null }, "geometry": { "type": "Point", "coordinates": [ 531632.058192689786665, 184781.281230029388098 ] } },
{ "type": "Feature", "properties": { "ID": 561, "Type": "Point filter", "Descriptio": "Camera filter", "Enforcemen": "Filter-Navigable-ANPR", "Timed_Enfo": "N", "Exemptions": "N", "Exemption_": null, "LGA": "Islington", "LTN": "Highbury Fields", "Implementa": "Jan-21", "Date_Remov": null, "url": null, "Notes": null }, "geometry": { "type": "Point", "coordinates": [ 531679.533816570532508, 184920.16379369207425 ] } },
{ "type": "Feature", "properties": { "ID": 562, "Type": "Point filter", "Descriptio": "Dunmow Road", "Enforcemen": "Filter-Navigable-ANPR", "Timed_Enfo": "N", "Exemptions": "N", "Exemption_": null, "LGA": "Newham", "LTN": "South Leytonstone LTN Maryland", "Implementa": "Aug-20", "Date_Remov": null, "url": null, "Notes": null }, "geometry": { "type": "Point", "coordinates": [ 538749.994091141968966, 185539.212144891353091 ] } },
{ "type": "Feature", "properties": { "ID": 563, "Type": "Point filter", "Descriptio": "Colgrave Road", "Enforcemen": "Filter-Barrier-Planter", "Timed_Enfo": "N", "Exemptions": "N", "Exemption_": null, "LGA": "Newham", "LTN": "South Leytonstone LTN Maryland", "Implementa": "Aug-20", "Date_Remov": null, "url": null, "Notes": null }, "geometry": { "type": "Point", "coordinates": [ 538897.656982997898012, 185542.179096350591863 ] } },
{ "type": "Feature", "properties": { "ID": 569, "Type": "Point filter", "Descriptio": "Woodlands Park Road", "Enforcemen": "Filter-Navigable-ANPR", "Timed_Enfo": "N", "Exemptions": "Y", "Exemption_": "Local permit holders", "LGA": "Haringey", "LTN": "St Ann's", "Implementa": "Aug-22", "Date_Remov": null, "url": "https://www.haringey.gov.uk/sites/haringeygovuk/files/st_anns_ltn_map_1.pdf", "Notes": null }, "geometry": { "type": "Point", "coordinates": [ 532093.25824462226592, 188939.149161924608052 ] } },
{ "type": "Feature", "properties": { "ID": 568, "Type": "Point filter", "Descriptio": "Clarendon Rd", "Enforcemen": "Filter-Navigable-ANPR", "Timed_Enfo": "N", "Exemptions": "Y", "Exemption_": "Local permit holders", "LGA": "Haringey", "LTN": "St Ann's", "Implementa": "Aug-22", "Date_Remov": null, "url": "https://www.haringey.gov.uk/sites/haringeygovuk/files/st_anns_ltn_map_1.pdf", "Notes": null }, "geometry": { "type": "Point", "coordinates": [ 532049.635662136366591, 189050.210052216483746 ] } },
{ "type": "Feature", "properties": { "ID": 567, "Type": "Point filter", "Descriptio": "Etherley Rd", "Enforcemen": "Filter-Navigable-ANPR", "Timed_Enfo": "N", "Exemptions": "N", "Exemption_": null, "LGA": "Haringey", "LTN": "St Ann's", "Implementa": "Aug-22", "Date_Remov": null, "url": "https://www.haringey.gov.uk/sites/haringeygovuk/files/st_anns_ltn_map_1.pdf", "Notes": null }, "geometry": { "type": "Point", "coordinates": [ 532303.186908470583148, 188921.410331627528649 ] } },
{ "type": "Feature", "properties": { "ID": 566, "Type": "Point filter", "Descriptio": "Black Boy Lane", "Enforcemen": "Filter-Navigable-ANPR", "Timed_Enfo": "N", "Exemptions": "Y", "Exemption_": "Buses, local permit holders", "LGA": "Haringey", "LTN": "St Ann's", "Implementa": "Aug-22", "Date_Remov": null, "url": "https://www.haringey.gov.uk/sites/haringeygovuk/files/st_anns_ltn_map_1.pdf", "Notes": null }, "geometry": { "type": "Point", "coordinates": [ 532374.546419929945841, 188936.81460691842949 ] } },
{ "type": "Feature", "properties": { "ID": 565, "Type": "Point filter", "Descriptio": "Black Boy Lane", "Enforcemen": "Filter-Navigable-ANPR", "Timed_Enfo": "N", "Exemptions": "Y", "Exemption_": "Buses, local permit holders", "LGA": "Haringey", "LTN": "St Ann's", "Implementa": "Aug-22", "Date_Remov": null, "url": "https://www.haringey.gov.uk/sites/haringeygovuk/files/st_anns_ltn_map_1.pdf", "Notes": null }, "geometry": { "type": "Point", "coordinates": [ 532405.052370667457581, 188956.955990245507564 ] } },
{ "type": "Feature", "properties": { "ID": 564, "Type": "Point filter", "Descriptio": "Falmer/Cornwall Rd", "Enforcemen": "Filter-Navigable-ANPR", "Timed_Enfo": "N", "Exemptions": "N", "Exemption_": null, "LGA": "Haringey", "LTN": "St Ann's", "Implementa": "Aug-22", "Date_Remov": null, "url": "https://www.haringey.gov.uk/sites/haringeygovuk/files/st_anns_ltn_map_1.pdf", "Notes": null }, "geometry": { "type": "Point", "coordinates": [ 532618.656000061193481, 188947.06413015461294 ] } },
{ "type": "Feature", "properties": { "ID": 571, "Type": "Point filter", "Descriptio": "Avenue Road", "Enforcemen": "Filter-Navigable-ANPR", "Timed_Enfo": "N", "Exemptions": "Y", "Exemption_": "Local permit holders", "LGA": "Haringey", "LTN": "St Ann's", "Implementa": "Aug-22", "Date_Remov": null, "url": "https://www.haringey.gov.uk/sites/haringeygovuk/files/st_anns_ltn_map_1.pdf", "Notes": null }, "geometry": { "type": "Point", "coordinates": [ 532813.486806670436636, 188913.475469637138303 ] } },
{ "type": "Feature", "properties": { "ID": 570, "Type": "Point filter", "Descriptio": "Culvert Road", "Enforcemen": "Filter-Navigable-ANPR", "Timed_Enfo": "N", "Exemptions": "Y", "Exemption_": "Local permit holders", "LGA": "Haringey", "LTN": "St Ann's", "Implementa": "Aug-22", "Date_Remov": null, "url": "https://www.haringey.gov.uk/sites/haringeygovuk/files/st_anns_ltn_map_1.pdf", "Notes": null }, "geometry": { "type": "Point", "coordinates": [ 533048.851752618676983, 188731.719314040004974 ] } },
{ "type": "Feature", "properties": { "ID": 572, "Type": "Point filter", "Descriptio": "Queen's Road", "Enforcemen": "Filter-Navigable-ANPR", "Timed_Enfo": "N", "Exemptions": "Y", "Exemption_": "Local permit holders", "LGA": "Haringey", "LTN": "Bounds Green", "Implementa": "Aug-22", "Date_Remov": null, "url": "https://www.haringey.gov.uk/sites/haringeygovuk/files/st_anns_ltn_map_1.pdf", "Notes": null }, "geometry": { "type": "Point", "coordinates": [ 530078.667244135169312, 191421.007823497231584 ] } },
{ "type": "Feature", "properties": { "ID": 573, "Type": "Point filter", "Descriptio": "Whittington Road", "Enforcemen": "Filter-Navigable-ANPR", "Timed_Enfo": "N", "Exemptions": "Y", "Exemption_": "Local permit holders", "LGA": "Haringey", "LTN": "Bounds Green", "Implementa": "Aug-22", "Date_Remov": null, "url": "https://www.haringey.gov.uk/sites/haringeygovuk/files/st_anns_ltn_map_1.pdf", "Notes": null }, "geometry": { "type": "Point", "coordinates": [ 530302.900239939219318, 191407.920037149684504 ] } },
{ "type": "Feature", "properties": { "ID": 574, "Type": "Point filter", "Descriptio": "Marlborough Road", "Enforcemen": "Filter-Navigable-ANPR", "Timed_Enfo": "N", "Exemptions": "Y", "Exemption_": "Local permit holders", "LGA": "Haringey", "LTN": "Bounds Green", "Implementa": "Aug-22", "Date_Remov": null, "url": "https://www.haringey.gov.uk/sites/haringeygovuk/files/st_anns_ltn_map_1.pdf", "Notes": null }, "geometry": { "type": "Point", "coordinates": [ 530500.895105547155254, 191397.549575318873394 ] } },
{ "type": "Feature", "properties": { "ID": 575, "Type": "Point filter", "Descriptio": "Palmerston Road", "Enforcemen": "Filter-Navigable-ANPR", "Timed_Enfo": "N", "Exemptions": "Y", "Exemption_": "Local permit holders", "LGA": "Haringey", "LTN": "Bounds Green", "Implementa": "Aug-22", "Date_Remov": null, "url": "https://www.haringey.gov.uk/sites/haringeygovuk/files/st_anns_ltn_map_1.pdf", "Notes": null }, "geometry": { "type": "Point", "coordinates": [ 530647.255414543207735, 191397.455630453187041 ] } },
{ "type": "Feature", "properties": { "ID": 576, "Type": "Point filter", "Descriptio": "Truro Road", "Enforcemen": "Filter-Barrier-Planter", "Timed_Enfo": "N", "Exemptions": "N", "Exemption_": null, "LGA": "Haringey", "LTN": "Bounds Green", "Implementa": "Aug-22", "Date_Remov": null, "url": "https://www.haringey.gov.uk/sites/haringeygovuk/files/st_anns_ltn_map_1.pdf", "Notes": null }, "geometry": { "type": "Point", "coordinates": [ 530545.963961574714631, 191153.152102474239655 ] } },
{ "type": "Feature", "properties": { "ID": 577, "Type": "Point filter", "Descriptio": "Nightingale Road", "Enforcemen": "Filter-Navigable-ANPR", "Timed_Enfo": "N", "Exemptions": "Y", "Exemption_": "Local permit holders", "LGA": "Haringey", "LTN": "Bounds Green", "Implementa": "Aug-22", "Date_Remov": null, "url": "https://www.haringey.gov.uk/sites/haringeygovuk/files/st_anns_ltn_map_1.pdf", "Notes": null }, "geometry": { "type": "Point", "coordinates": [ 530537.277878447901458, 191038.84571731131291 ] } },
{ "type": "Feature", "properties": { "ID": 578, "Type": "Point filter", "Descriptio": "Blake Road", "Enforcemen": "Filter-Navigable-ANPR", "Timed_Enfo": "N", "Exemptions": "N", "Exemption_": null, "LGA": "Haringey", "LTN": "Bounds Green", "Implementa": "Aug-22", "Date_Remov": null, "url": "https://www.haringey.gov.uk/sites/haringeygovuk/files/st_anns_ltn_map_1.pdf", "Notes": null }, "geometry": { "type": "Point", "coordinates": [ 529502.463832406559959, 191543.758290656958707 ] } },
{ "type": "Feature", "properties": { "ID": 579, "Type": "Point filter", "Descriptio": "Rhys Avenue", "Enforcemen": "Filter-Navigable-ANPR", "Timed_Enfo": "N", "Exemptions": "N", "Exemption_": null, "LGA": "Haringey", "LTN": "Bounds Green", "Implementa": "Aug-22", "Date_Remov": null, "url": "https://www.haringey.gov.uk/sites/haringeygovuk/files/st_anns_ltn_map_1.pdf", "Notes": null }, "geometry": { "type": "Point", "coordinates": [ 529953.990917921066284, 191435.45033771218732 ] } },
{ "type": "Feature", "properties": { "ID": 580, "Type": "Point filter", "Descriptio": "Gordon Road", "Enforcemen": "Filter-Navigable-ANPR", "Timed_Enfo": "N", "Exemptions": "Y", "Exemption_": "Local permit holders", "LGA": "Haringey", "LTN": "Bounds Green", "Implementa": "Aug-22", "Date_Remov": null, "url": "https://www.haringey.gov.uk/sites/haringeygovuk/files/st_anns_ltn_map_1.pdf", "Notes": null }, "geometry": { "type": "Point", "coordinates": [ 529860.192663388093933, 191540.35037263832055 ] } },
{ "type": "Feature", "properties": { "ID": 581, "Type": "Point filter", "Descriptio": "Passmore Gardens", "Enforcemen": "Filter-Navigable-ANPR", "Timed_Enfo": "N", "Exemptions": "Y", "Exemption_": "Local permit holders", "LGA": "Haringey", "LTN": "Bruce Grove A", "Implementa": "Aug-22", "Date_Remov": null, "url": "https://www.haringey.gov.uk/sites/haringeygovuk/files/st_anns_ltn_map_1.pdf", "Notes": null }, "geometry": { "type": "Point", "coordinates": [ 529745.536604387802072, 191641.452786614594515 ] } },
{ "type": "Feature", "properties": { "ID": 582, "Type": "Point filter", "Descriptio": "Downhills Park Road", "Enforcemen": "Filter-Navigable-ANPR", "Timed_Enfo": "N", "Exemptions": "Y", "Exemption_": "Buses and local permit holders", "LGA": "Haringey", "LTN": "Bruce Grove A", "Implementa": "Nov-22", "Date_Remov": null, "url": "https://www.haringey.gov.uk/sites/haringeygovuk/files/bruce_grove_area_a_-_new_design.pdf", "Notes": null }, "geometry": { "type": "Point", "coordinates": [ 532450.700900764437392, 189728.852848643495236 ] } },
{ "type": "Feature", "properties": { "ID": 583, "Type": "Point filter", "Descriptio": "Linden Road", "Enforcemen": "Filter-Barrier-Planter", "Timed_Enfo": "N", "Exemptions": "N", "Exemption_": null, "LGA": "Haringey", "LTN": "Bruce Grove A", "Implementa": "Nov-22", "Date_Remov": null, "url": "https://www.haringey.gov.uk/sites/haringeygovuk/files/bruce_grove_area_a_-_new_design.pdf", "Notes": null }, "geometry": { "type": "Point", "coordinates": [ 532134.711899370187894, 189353.099437789875083 ] } },
{ "type": "Feature", "properties": { "ID": 584, "Type": "Point filter", "Descriptio": "Langham Road", "Enforcemen": "Filter-Navigable-ANPR", "Timed_Enfo": "N", "Exemptions": "Y", "Exemption_": "Local permit holders (Northbound)", "LGA": "Haringey", "LTN": "Bruce Grove A", "Implementa": "Nov-22", "Date_Remov": null, "url": "https://www.haringey.gov.uk/sites/haringeygovuk/files/bruce_grove_area_a_-_new_design.pdf", "Notes": null }, "geometry": { "type": "Point", "coordinates": [ 532185.374796803342178, 189418.252169248880818 ] } },
{ "type": "Feature", "properties": { "ID": 585, "Type": "Point filter", "Descriptio": "Higham Rd/Dongola Rd", "Enforcemen": "Filter-Navigable-ANPR", "Timed_Enfo": "N", "Exemptions": "Y", "Exemption_": "Local permit holders (Southbound only)", "LGA": "Haringey", "LTN": "Bruce Grove A", "Implementa": "Nov-22", "Date_Remov": null, "url": "https://www.haringey.gov.uk/sites/haringeygovuk/files/bruce_grove_area_a_-_new_design.pdf", "Notes": null }, "geometry": { "type": "Point", "coordinates": [ 533034.003266546525992, 189947.216384035535157 ] } },
{ "type": "Feature", "properties": { "ID": 586, "Type": "Point filter", "Descriptio": "Gloucester Rd", "Enforcemen": "Filter-Navigable-ANPR", "Timed_Enfo": "N", "Exemptions": "Y", "Exemption_": "Buses and local permit holders", "LGA": "Haringey", "LTN": "Bruce Grove A", "Implementa": "Nov-22", "Date_Remov": null, "url": "https://www.haringey.gov.uk/sites/haringeygovuk/files/bruce_grove_area_a_-_new_design.pdf", "Notes": null }, "geometry": { "type": "Point", "coordinates": [ 532901.266962155466899, 189962.107356117863674 ] } },
{ "type": "Feature", "properties": { "ID": 587, "Type": "Point filter", "Descriptio": "Mount Pleasant Road", "Enforcemen": "Filter-Navigable-ANPR", "Timed_Enfo": "N", "Exemptions": "Y", "Exemption_": "Local permit holders (Southbound only)", "LGA": "Haringey", "LTN": "Bruce Grove A", "Implementa": "Nov-22", "Date_Remov": null, "url": "https://www.haringey.gov.uk/sites/haringeygovuk/files/bruce_grove_area_a_-_new_design.pdf", "Notes": null }, "geometry": { "type": "Point", "coordinates": [ 533209.843629214679822, 190063.045614068454597 ] } },
{ "type": "Feature", "properties": { "ID": 588, "Type": "Point filter", "Descriptio": "Linley Road", "Enforcemen": "Filter-Navigable-ANPR", "Timed_Enfo": "N", "Exemptions": "Y", "Exemption_": "Local permit holders (Northbound only)", "LGA": "Haringey", "LTN": "Bruce Grove A", "Implementa": "Nov-22", "Date_Remov": "Sep-23", "url": "https://www.haringey.gov.uk/sites/haringeygovuk/files/bruce_grove_area_a_-_new_design.pdf", "Notes": null }, "geometry": { "type": "Point", "coordinates": [ 533494.123210953897797, 190496.97113171138335 ] } },
{ "type": "Feature", "properties": { "ID": 589, "Type": "Point filter", "Descriptio": "Moorefield Road", "Enforcemen": "Filter-Navigable-ANPR", "Timed_Enfo": "N", "Exemptions": "Y", "Exemption_": "Local permit holders (Northbound only)", "LGA": "Haringey", "LTN": "Bruce Grove A", "Implementa": "Nov-22", "Date_Remov": "Sep-23", "url": "https://www.haringey.gov.uk/sites/haringeygovuk/files/bruce_grove_area_a_-_new_design.pdf", "Notes": null }, "geometry": { "type": "Point", "coordinates": [ 533773.78048453561496, 190112.715276513365097 ] } },
{ "type": "Feature", "properties": { "ID": 590, "Type": "Point filter", "Descriptio": "Sperling Road", "Enforcemen": "Filter-Navigable-ANPR", "Timed_Enfo": "N", "Exemptions": "Y", "Exemption_": "Local permit holders (Southbound only)", "LGA": "Haringey", "LTN": "Bruce Grove A", "Implementa": "Nov-22", "Date_Remov": null, "url": "https://www.haringey.gov.uk/sites/haringeygovuk/files/bruce_grove_area_a_-_new_design.pdf", "Notes": null }, "geometry": { "type": "Point", "coordinates": [ 533704.353473628289066, 190024.816526322276331 ] } },
{ "type": "Feature", "properties": { "ID": 591, "Type": "Point filter", "Descriptio": "St Loy's Road", "Enforcemen": "Filter-Navigable-ANPR", "Timed_Enfo": "N", "Exemptions": "Y", "Exemption_": "Local permit holders", "LGA": "Haringey", "LTN": "Bruce Grove A", "Implementa": "Nov-22", "Date_Remov": null, "url": "https://www.haringey.gov.uk/sites/haringeygovuk/files/bruce_grove_area_a_-_new_design.pdf", "Notes": null }, "geometry": { "type": "Point", "coordinates": [ 533556.010926080052741, 189988.024950203485787 ] } },
{ "type": "Feature", "properties": { "ID": 592, "Type": "Point filter", "Descriptio": "Forster Road", "Enforcemen": "Filter-Navigable-ANPR", "Timed_Enfo": "N", "Exemptions": "Y", "Exemption_": "Local permit holders", "LGA": "Haringey", "LTN": "Bruce Grove A", "Implementa": "Nov-22", "Date_Remov": null, "url": "https://www.haringey.gov.uk/sites/haringeygovuk/files/bruce_grove_area_a_-_new_design.pdf", "Notes": null }, "geometry": { "type": "Point", "coordinates": [ 533630.027769758598879, 189883.59954320412362 ] } },
{ "type": "Feature", "properties": { "ID": 593, "Type": "Point filter", "Descriptio": "The Avenue/Broadwater Road", "Enforcemen": "Filter-Navigable-ANPR", "Timed_Enfo": "N", "Exemptions": "Y", "Exemption_": "Buses and local permit holders", "LGA": "Haringey", "LTN": "Bruce Grove A", "Implementa": "Nov-22", "Date_Remov": null, "url": "https://www.haringey.gov.uk/sites/haringeygovuk/files/bruce_grove_area_a_-_new_design.pdf", "Notes": null }, "geometry": { "type": "Point", "coordinates": [ 533399.72240262106061, 190142.501829721208196 ] } },
{ "type": "Feature", "properties": { "ID": 594, "Type": "Point filter", "Descriptio": "The Avenue - allows westbound motor vehicles only", "Enforcemen": "Filter-Navigable-ANPR", "Timed_Enfo": "N", "Exemptions": "Y", "Exemption_": "Buses and local permit holders", "LGA": "Haringey", "LTN": "Bruce Grove A", "Implementa": "Nov-22", "Date_Remov": null, "url": "https://www.haringey.gov.uk/sites/haringeygovuk/files/bruce_grove_area_a_-_new_design.pdf", "Notes": "Changed in Sep-23 to allow Westbound motor vechicles, so now a one-way restriction only." }, "geometry": { "type": "Point", "coordinates": [ 533368.730334018706344, 190122.829101363255177 ] } },
{ "type": "Feature", "properties": { "ID": 595, "Type": "Point filter", "Descriptio": "Pembury Road", "Enforcemen": "Filter-Navigable-ANPR", "Timed_Enfo": "N", "Exemptions": "Y", "Exemption_": "Local permit holders (Northbound only)", "LGA": "Haringey", "LTN": "Bruce Grove A", "Implementa": "Nov-22", "Date_Remov": null, "url": "https://www.haringey.gov.uk/sites/haringeygovuk/files/bruce_grove_area_a_-_new_design.pdf", "Notes": null }, "geometry": { "type": "Point", "coordinates": [ 533880.070200251531787, 190447.444474863877986 ] } },
{ "type": "Feature", "properties": { "ID": 597, "Type": "Point filter", "Descriptio": "Boundary Road", "Enforcemen": "Filter-Navigable-ANPR", "Timed_Enfo": "N", "Exemptions": "Y", "Exemption_": "Local permit holders", "LGA": "Haringey", "LTN": "Bruce Grove B", "Implementa": "Nov-22", "Date_Remov": null, "url": "https://www.haringey.gov.uk/sites/haringeygovuk/files/bruce_grove_area_b_-_new_design.pdf", "Notes": null }, "geometry": { "type": "Point", "coordinates": [ 532211.764493092545308, 190130.343416921794415 ] } },
{ "type": "Feature", "properties": { "ID": 596, "Type": "Point filter", "Descriptio": "Rusper Road/Sirdar Road", "Enforcemen": "Filter-Navigable-ANPR", "Timed_Enfo": "N", "Exemptions": "N", "Exemption_": null, "LGA": "Haringey", "LTN": "Bruce Grove B", "Implementa": "Nov-22", "Date_Remov": null, "url": "https://www.haringey.gov.uk/sites/haringeygovuk/files/bruce_grove_area_b_-_new_design.pdf", "Notes": null }, "geometry": { "type": "Point", "coordinates": [ 531997.44525153725408, 190058.032218447362538 ] } },
{ "type": "Feature", "properties": { "ID": 601, "Type": "Point filter", "Descriptio": "Hawke Park Road", "Enforcemen": "Filter-Navigable-ANPR", "Timed_Enfo": "N", "Exemptions": "N", "Exemption_": null, "LGA": "Haringey", "LTN": "Bruce Grove B", "Implementa": "Nov-22", "Date_Remov": null, "url": "https://www.haringey.gov.uk/sites/haringeygovuk/files/bruce_grove_area_b_-_new_design.pdf", "Notes": "Corrected to ANPR based on 03/23 SVI; planter present but seem decorative and not physical barrier. ANPR cameras signed and seen. Possibly they were planter orignally but not clear." }, "geometry": { "type": "Point", "coordinates": [ 531860.668218795093708, 189949.065345110662747 ] } },
{ "type": "Feature", "properties": { "ID": 600, "Type": "Point filter", "Descriptio": "Hawke Park Road", "Enforcemen": "Filter-Navigable-ANPR", "Timed_Enfo": "N", "Exemptions": "N", "Exemption_": null, "LGA": "Haringey", "LTN": "Bruce Grove B", "Implementa": "Nov-22", "Date_Remov": null, "url": "https://www.haringey.gov.uk/sites/haringeygovuk/files/bruce_grove_area_b_-_new_design.pdf", "Notes": "Corrected to ANPR based on 03/23 SVI; planter present but seem decorative and not physical barrier. ANPR cameras signed and seen. Possibly they were planter orignally but not clear." }, "geometry": { "type": "Point", "coordinates": [ 531879.555072127608582, 189931.183120522706304 ] } },
{ "type": "Feature", "properties": { "ID": 599, "Type": "Point filter", "Descriptio": "Langham Road", "Enforcemen": "Filter-Navigable-ANPR", "Timed_Enfo": "N", "Exemptions": "Y", "Exemption_": "Local permit holders", "LGA": "Haringey", "LTN": "Bruce Grove B", "Implementa": "Nov-22", "Date_Remov": null, "url": "https://www.haringey.gov.uk/sites/haringeygovuk/files/bruce_grove_area_b_-_new_design.pdf", "Notes": null }, "geometry": { "type": "Point", "coordinates": [ 532152.625568924820982, 189442.422342498321086 ] } },
{ "type": "Feature", "properties": { "ID": 598, "Type": "Point filter", "Descriptio": "Carlingford Road", "Enforcemen": "Filter-Navigable-ANPR", "Timed_Enfo": "N", "Exemptions": "Y", "Exemption_": "Local permit holders", "LGA": "Haringey", "LTN": "Bruce Grove B", "Implementa": "Nov-22", "Date_Remov": null, "url": "https://www.haringey.gov.uk/sites/haringeygovuk/files/bruce_grove_area_b_-_new_design.pdf", "Notes": null }, "geometry": { "type": "Point", "coordinates": [ 531648.457559192669578, 189589.842855011229403 ] } },
{ "type": "Feature", "properties": { "ID": 709, "Type": "Point Filter", "Descriptio": "Junction of Bective Road / Woodford Road", "Enforcemen": "Filter-Navigable-ANPR", "Timed_Enfo": "N", "Exemptions": "N", "Exemption_": null, "LGA": "Newham", "LTN": "South Leytonstone LTN Odessa", "Implementa": "Oct-20", "Date_Remov": null, "url": null, "Notes": "Added to data - Nov23" }, "geometry": { "type": "Point", "coordinates": [ 540495.175629140809178, 185902.097044791706139 ] } },
{ "type": "Feature", "properties": { "ID": 710, "Type": "Point Filter", "Descriptio": "Junction of Forest Road/ Woodford Road", "Enforcemen": "Filter-Barrier-Planter", "Timed_Enfo": "N", "Exemptions": "N", "Exemption_": null, "LGA": "Newham", "LTN": "South Leytonstone LTN Odessa", "Implementa": "Oct-20", "Date_Remov": null, "url": null, "Notes": "Added to data - Nov23. Also seems to have ANPR." }, "geometry": { "type": "Point", "coordinates": [ 540498.071725416695699, 185965.50631062471075 ] } },
{ "type": "Feature", "properties": { "ID": 374, "Type": "Point Filter", "Descriptio": "This Order provides modal filters in roads (closures to vehicular traffic) between Forest Road E17,\nThe Drive E17 and Church Hill E17, except pedal cycles., all in relation to the Hilltop Walking, Cycling\nsand LTN scheme in the London Borough of Waltham", "Enforcemen": "Filter-Barrier", "Timed_Enfo": "N", "Exemptions": "N", "Exemption_": null, "LGA": "Waltham Forest", "LTN": "Hilltop", "Implementa": "9/7/2020", "Date_Remov": null, "url": "https://enjoywalthamforest.co.uk/wp-content/uploads/2020/02/021532-HilltopPublic-Consultation-Leaflet-Final.pdfNULL", "Notes": "https://www.google.co.uk/maps/@51.585886,-0.0153994,3a,75y,191.28h,71.11t/data=!3m7!1e1!3m5!1sRxdk4qSPdMD0tRSrDBje2A!2e0!6shttps:%2F%2Fstreetviewpixels-pa.googleapis.com%2Fv1%2Fthumbnail%3Fpanoid%3DRxdk4qSPdMD0tRSrDBje2A%26cb_client%3Dmaps_sv.tactile.gps" }, "geometry": { "type": "Point", "coordinates": [ 537593.114084449829534, 189302.1308197400067 ] } },
{ "type": "Feature", "properties": { "ID": 702, "Type": "Bus Gate", "Descriptio": "Bus gate at junction of Vallentin and Shernahll Street", "Enforcemen": "Filter-Navigable-ANPR", "Timed_Enfo": "N", "Exemptions": "N", "Exemption_": "Bus", "LGA": "Waltham Forest", "LTN": "Vallentin Road Area", "Implementa": "Dec-21", "Date_Remov": null, "url": "https://www.walthamforest.gov.uk/sites/default/files/2021-11/Vallentin%20Road%20Traffic%20Consultation%20%282%29.pdf", "Notes": "Added during Nov23 update, but predates this to Dec-21" }, "geometry": { "type": "Point", "coordinates": [ 538108.944723813678138, 189321.675424887595 ] } },
{ "type": "Feature", "properties": { "ID": 703, "Type": "Point Filter", "Descriptio": "Modal filter neart junction of Havant Road and Turner Road", "Enforcemen": "Filter-Navigable-ANPR", "Timed_Enfo": "N", "Exemptions": "N", "Exemption_": null, "LGA": "Waltham Forest", "LTN": "Vallentin Road Area", "Implementa": "Dec-21", "Date_Remov": null, "url": "https://www.walthamforest.gov.uk/sites/default/files/2021-11/Vallentin%20Road%20Traffic%20Consultation%20%282%29.pdf", "Notes": "Added during Nov23 update, but predates this to Dec-21" }, "geometry": { "type": "Point", "coordinates": [ 538276.410220757243223, 189667.174629746994469 ] } },
{ "type": "Feature", "properties": { "ID": 704, "Type": "Point Filter", "Descriptio": "Modal filter at junction of Wyatt's alne and Wood Street", "Enforcemen": "Filter-Navigable-Signage-Planter", "Timed_Enfo": "N", "Exemptions": "N", "Exemption_": null, "LGA": "Waltham Forest", "LTN": "Vallentin Road Area", "Implementa": "Dec-21", "Date_Remov": null, "url": "https://www.walthamforest.gov.uk/sites/default/files/2021-11/Vallentin%20Road%20Traffic%20Consultation%20%282%29.pdf", "Notes": "Added during Nov23 update, but predates this to Dec-21" }, "geometry": { "type": "Point", "coordinates": [ 538331.690093534765765, 189812.690765440725954 ] } },
{ "type": "Feature", "properties": { "ID": 705, "Type": "Point Filter", "Descriptio": "Modal filter at junction of Windsor Road and Oliver Road", "Enforcemen": "Filter-Barrier", "Timed_Enfo": "N", "Exemptions": "N", "Exemption_": null, "LGA": "Waltham Forest", "LTN": "Windsor Road Area", "Implementa": "Jul-22", "Date_Remov": null, "url": "https://www.walthamforest.gov.uk/sites/default/files/2021-12/022798%20Windsor%20Road%20Consultation%20PRINT.pdf", "Notes": "Added during Nov23 update, but predates this to Jul-22. Assuemd to be barrier due to recent Google map, however no GSV imagery since implementation and council documents are from the proposal period." }, "geometry": { "type": "Point", "coordinates": [ 537734.179703954258002, 186515.408942123700399 ] } },
{ "type": "Feature", "properties": { "ID": 706, "Type": "Point Filter", "Descriptio": "Modal filter at junction of Scarborough Road and Cavendish Drive", "Enforcemen": "Filter-Barrier", "Timed_Enfo": "N", "Exemptions": "N", "Exemption_": null, "LGA": "Waltham Forest", "LTN": "Scarborough Road Area", "Implementa": "May-23", "Date_Remov": null, "url": "https://enjoywalthamforest.co.uk/scarborough-road/", "Notes": "Added during Nov23 update, but predates this to May-23. Assumed to be barrier due to recent Google map, however no GSV imagery since implementation and council documents are from the proposal period." }, "geometry": { "type": "Point", "coordinates": [ 538850.345370476483367, 187211.793074741755845 ] } },
{ "type": "Feature", "properties": { "ID": 707, "Type": "Point Filter", "Descriptio": "Modal filter at junction of Elm Park Road and South Norwood Hill", "Enforcemen": "Filter-Navigable-ANPR", "Timed_Enfo": "N", "Exemptions": "N", "Exemption_": null, "LGA": "Croydon", "LTN": "Holmesdale Road Area", "Implementa": "Sep-22", "Date_Remov": null, "url": "https://www.croydon.gov.uk/parking-streets-and-transport/streets-roads-and-pavements/chns/woodside-ward-south-norwood-chn-albert-road-area", "Notes": "Nov23 update; added as originally missing." }, "geometry": { "type": "Point", "coordinates": [ 533694.765460275695659, 168777.547428149118787 ] } },
{ "type": "Feature", "properties": { "ID": 708, "Type": "Point Filter", "Descriptio": "One-way (southbound-only) restriction with easement for cycle use", "Enforcemen": "Filter-Barrier", "Timed_Enfo": "N", "Exemptions": "N", "Exemption_": null, "LGA": "Camden", "LTN": "Constantine and Savernake", "Implementa": "Aug-22", "Date_Remov": null, "url": null, "Notes": "Nov23 update addition:Exact date of implementation unknown. Not formally part of LTN, but does restrict motor traffic entering the LTN." }, "geometry": { "type": "Point", "coordinates": [ 528046.207885581301525, 185526.04158176513738 ] } },
{ "type": "Feature", "properties": { "ID": 746, "Type": null, "Descriptio": null, "Enforcemen": "Filter-Barrier-Bollard", "Timed_Enfo": null, "Exemptions": null, "Exemption_": null, "LGA": "Waltham Forest", "LTN": "Non-defined", "Implementa": "09/2015", "Date_Remov": null, "url": null, "Notes": "GSI shows imp sometime between MAr 2019 and Sep 2020" }, "geometry": { "type": "Point", "coordinates": [ 538408.057256317348219, 188664.437425173266092 ] } },
{ "type": "Feature", "properties": { "ID": 728, "Type": "Point filter", "Descriptio": null, "Enforcemen": "Filter-Barrier-Bollard", "Timed_Enfo": "N", "Exemptions": "N", "Exemption_": null, "LGA": "Waltham Forest", "LTN": "Blackorse Village East", "Implementa": "04/2016", "Date_Remov": null, "url": null, "Notes": null }, "geometry": { "type": "Point", "coordinates": [ 537014.539294618880376, 189364.333039713063044 ] } },
{ "type": "Feature", "properties": { "ID": 729, "Type": "Point filter", "Descriptio": null, "Enforcemen": "Filter-Barrier-Bollard", "Timed_Enfo": "N", "Exemptions": "N", "Exemption_": null, "LGA": "Waltham Forest", "LTN": "Blackorse Village East", "Implementa": "04/2016", "Date_Remov": null, "url": null, "Notes": null }, "geometry": { "type": "Point", "coordinates": [ 537038.50230234535411, 189245.623986051883548 ] } },
{ "type": "Feature", "properties": { "ID": 726, "Type": "Point filter", "Descriptio": null, "Enforcemen": "Filter-Barrier-Bollard", "Timed_Enfo": "N", "Exemptions": "N", "Exemption_": null, "LGA": "Waltham Forest", "LTN": "Blackorse Village East", "Implementa": "04/2016", "Date_Remov": null, "url": null, "Notes": null }, "geometry": { "type": "Point", "coordinates": [ 536809.194751484552398, 189457.604439018061385 ] } },
{ "type": "Feature", "properties": { "ID": 727, "Type": "Point filter", "Descriptio": null, "Enforcemen": "Filter-Barrier-Bollard", "Timed_Enfo": "N", "Exemptions": "N", "Exemption_": null, "LGA": "Waltham Forest", "LTN": "Blackorse Village East", "Implementa": "04/2016", "Date_Remov": null, "url": null, "Notes": null }, "geometry": { "type": "Point", "coordinates": [ 537010.852678045630455, 189358.250122367055155 ] } },
{ "type": "Feature", "properties": { "ID": 724, "Type": "Point filter", "Descriptio": null, "Enforcemen": "Filter-Barrier-Bollard", "Timed_Enfo": "N", "Exemptions": "N", "Exemption_": null, "LGA": "Waltham Forest", "LTN": "Blackhorse Village West", "Implementa": "02/2017", "Date_Remov": null, "url": null, "Notes": null }, "geometry": { "type": "Point", "coordinates": [ 536618.412343814503402, 189244.518001079617534 ] } },
{ "type": "Feature", "properties": { "ID": 725, "Type": "Point filter", "Descriptio": null, "Enforcemen": "Filter-Barrier-Bollard", "Timed_Enfo": "N", "Exemptions": "N", "Exemption_": null, "LGA": "Waltham Forest", "LTN": "Blackorse Village East", "Implementa": "04/2016", "Date_Remov": null, "url": null, "Notes": null }, "geometry": { "type": "Point", "coordinates": [ 536648.642599715967663, 189471.982243653968908 ] } },
{ "type": "Feature", "properties": { "ID": 722, "Type": "Point filter", "Descriptio": null, "Enforcemen": "Filter-Barrier-Bollard", "Timed_Enfo": "N", "Exemptions": "N", "Exemption_": null, "LGA": "Waltham Forest", "LTN": "Blackhorse Village West", "Implementa": "02/2017", "Date_Remov": null, "url": null, "Notes": null }, "geometry": { "type": "Point", "coordinates": [ 536167.539136896608397, 189316.22269343060907 ] } },
{ "type": "Feature", "properties": { "ID": 723, "Type": "Point filter", "Descriptio": null, "Enforcemen": "Filter-Barrier-Bollard", "Timed_Enfo": "N", "Exemptions": "N", "Exemption_": null, "LGA": "Waltham Forest", "LTN": "Blackhorse Village West", "Implementa": "02/2017", "Date_Remov": null, "url": null, "Notes": null }, "geometry": { "type": "Point", "coordinates": [ 536422.284342113416642, 189333.365460496657761 ] } },
{ "type": "Feature", "properties": { "ID": 720, "Type": "Point filter", "Descriptio": null, "Enforcemen": "Filter-Barrier-Bollard", "Timed_Enfo": "N", "Exemptions": "N", "Exemption_": null, "LGA": "Waltham Forest", "LTN": "Walthamstow Village extension", "Implementa": "Mar-16", "Date_Remov": null, "url": null, "Notes": null }, "geometry": { "type": "Point", "coordinates": [ 538363.656629627454095, 188991.431773320422508 ] } },
{ "type": "Feature", "properties": { "ID": 721, "Type": "Point filter", "Descriptio": null, "Enforcemen": "Filter-Barrier-Bollard", "Timed_Enfo": "N", "Exemptions": "N", "Exemption_": null, "LGA": "Waltham Forest", "LTN": "Walthamstow Village extension", "Implementa": "Mar-16", "Date_Remov": null, "url": null, "Notes": null }, "geometry": { "type": "Point", "coordinates": [ 538401.62878033274319, 189251.706903397396673 ] } },
{ "type": "Feature", "properties": { "ID": 718, "Type": "Point filter", "Descriptio": null, "Enforcemen": "Filter-Barrier-Bollard", "Timed_Enfo": "N", "Exemptions": "N", "Exemption_": null, "LGA": "Waltham Forest", "LTN": "Hoe/Wood St Extension", "Implementa": "Jun-16", "Date_Remov": null, "url": null, "Notes": null }, "geometry": { "type": "Point", "coordinates": [ 537539.513494660030119, 189292.075354875152698 ] } },
{ "type": "Feature", "properties": { "ID": 719, "Type": "Point filter", "Descriptio": null, "Enforcemen": "Filter-Barrier-Bollard", "Timed_Enfo": "N", "Exemptions": "N", "Exemption_": null, "LGA": "Waltham Forest", "LTN": "Walthamstow Village extension", "Implementa": "Mar-16", "Date_Remov": null, "url": null, "Notes": null }, "geometry": { "type": "Point", "coordinates": [ 538641.996180913643911, 189109.956496152910404 ] } },
{ "type": "Feature", "properties": { "ID": 712, "Type": "Point Filter", "Descriptio": null, "Enforcemen": "Filter-Barrier-Bollard", "Timed_Enfo": "N", "Exemptions": "N", "Exemption_": null, "LGA": "Waltham Forest", "LTN": "Walthamstow Village", "Implementa": "Sep-15", "Date_Remov": null, "url": null, "Notes": null }, "geometry": { "type": "Point", "coordinates": [ 537654.380381572176702, 189049.770457953680307 ] } },
{ "type": "Feature", "properties": { "ID": 716, "Type": "Point Filter", "Descriptio": null, "Enforcemen": "Filter-Barrier-Bollard", "Timed_Enfo": "N", "Exemptions": "N", "Exemption_": null, "LGA": "Waltham Forest", "LTN": "Walthamstow Village", "Implementa": "Sep-15", "Date_Remov": null, "url": null, "Notes": null }, "geometry": { "type": "Point", "coordinates": [ 538256.6127987728687, 188573.092484480992425 ] } },
{ "type": "Feature", "properties": { "ID": 713, "Type": "Point Filter", "Descriptio": null, "Enforcemen": "Filter-Barrier-Bollard", "Timed_Enfo": "N", "Exemptions": "N", "Exemption_": null, "LGA": "Waltham Forest", "LTN": "Walthamstow Village", "Implementa": "Sep-15", "Date_Remov": null, "url": null, "Notes": null }, "geometry": { "type": "Point", "coordinates": [ 537810.933515600278042, 188943.127164910983993 ] } },
{ "type": "Feature", "properties": { "ID": 717, "Type": "Point filter", "Descriptio": null, "Enforcemen": "Filter-Barrier-Bollard", "Timed_Enfo": "N", "Exemptions": "N", "Exemption_": null, "LGA": "Waltham Forest", "LTN": "Hoe/Wood St Extension", "Implementa": "Jun-16", "Date_Remov": null, "url": null, "Notes": null }, "geometry": { "type": "Point", "coordinates": [ 537795.733346506487578, 189314.195054315088782 ] } },
{ "type": "Feature", "properties": { "ID": 711, "Type": "Point filter", "Descriptio": null, "Enforcemen": "Filter-Barrier-Bollard", "Timed_Enfo": "N", "Exemptions": "N", "Exemption_": null, "LGA": "Waltham Forest", "LTN": "Walthamstow Village", "Implementa": "Sep-15", "Date_Remov": null, "url": null, "Notes": null }, "geometry": { "type": "Point", "coordinates": [ 537565.283517000847496, 189030.079466002469417 ] } },
{ "type": "Feature", "properties": { "ID": 714, "Type": "Point Filter", "Descriptio": null, "Enforcemen": "Filter-Barrier-Bollard", "Timed_Enfo": "N", "Exemptions": "N", "Exemption_": null, "LGA": "Waltham Forest", "LTN": "Walthamstow Village", "Implementa": "Sep-15", "Date_Remov": null, "url": null, "Notes": null }, "geometry": { "type": "Point", "coordinates": [ 537929.859308572835289, 188565.099111510964576 ] } },
{ "type": "Feature", "properties": { "ID": 715, "Type": "Point Filter", "Descriptio": null, "Enforcemen": "Filter-Barrier-Bollard", "Timed_Enfo": "N", "Exemptions": "N", "Exemption_": null, "LGA": "Waltham Forest", "LTN": "Walthamstow Village", "Implementa": "Sep-15", "Date_Remov": null, "url": null, "Notes": null }, "geometry": { "type": "Point", "coordinates": [ 537922.353336393367499, 188352.884807165246457 ] } },
{ "type": "Feature", "properties": { "ID": 744, "Type": null, "Descriptio": null, "Enforcemen": "Filter-Barrier-Bollard", "Timed_Enfo": null, "Exemptions": null, "Exemption_": null, "LGA": "Waltham Forest", "LTN": "Non-defined", "Implementa": "02/2018", "Date_Remov": null, "url": null, "Notes": "GSI shows imp sometime between April 2016 and Mar 2018" }, "geometry": { "type": "Point", "coordinates": [ 538862.924184323986992, 187138.599647615425056 ] } },
{ "type": "Feature", "properties": { "ID": 745, "Type": null, "Descriptio": null, "Enforcemen": "Filter-Barrier-Bollard", "Timed_Enfo": null, "Exemptions": null, "Exemption_": null, "LGA": "Waltham Forest", "LTN": "Non-defined", "Implementa": "Apr-17", "Date_Remov": null, "url": null, "Notes": "GSI shows  construction April 2017" }, "geometry": { "type": "Point", "coordinates": [ 538404.881333321915008, 186283.110913975717267 ] } },
{ "type": "Feature", "properties": { "ID": 742, "Type": null, "Descriptio": null, "Enforcemen": "Filter-Navigable-ANPR", "Timed_Enfo": null, "Exemptions": null, "Exemption_": null, "LGA": "Waltham Forest", "LTN": "Non-defined", "Implementa": "02/2018", "Date_Remov": null, "url": null, "Notes": "GSI shows imp sometime between Sep 2017 and Mar 2018" }, "geometry": { "type": "Point", "coordinates": [ 538337.169131315662526, 186862.072254347440321 ] } },
{ "type": "Feature", "properties": { "ID": 743, "Type": null, "Descriptio": null, "Enforcemen": "Filter-Barrier-Bollard", "Timed_Enfo": null, "Exemptions": null, "Exemption_": null, "LGA": "Waltham Forest", "LTN": "Non-defined", "Implementa": "Mar-18", "Date_Remov": null, "url": null, "Notes": "GSI shows end of construction Mar 2018" }, "geometry": { "type": "Point", "coordinates": [ 538591.458431097562425, 187209.164900200761622 ] } },
{ "type": "Feature", "properties": { "ID": 740, "Type": null, "Descriptio": null, "Enforcemen": "Filter-Barrier-Bollard", "Timed_Enfo": null, "Exemptions": null, "Exemption_": null, "LGA": "Waltham Forest", "LTN": "Non-defined", "Implementa": "02/2018", "Date_Remov": null, "url": null, "Notes": "GSI shows imp sometime between May 2017 and Mar 2018" }, "geometry": { "type": "Point", "coordinates": [ 537786.322601665160619, 186752.454814752069069 ] } },
{ "type": "Feature", "properties": { "ID": 741, "Type": null, "Descriptio": null, "Enforcemen": "Filter-Navigable-ANPR", "Timed_Enfo": null, "Exemptions": null, "Exemption_": null, "LGA": "Waltham Forest", "LTN": "Non-defined", "Implementa": "02/2018", "Date_Remov": null, "url": null, "Notes": "GSI shows imp sometime between Sep 2017 and Mar 2018" }, "geometry": { "type": "Point", "coordinates": [ 538247.683279271470383, 186949.088620912545593 ] } },
{ "type": "Feature", "properties": { "ID": 738, "Type": null, "Descriptio": null, "Enforcemen": "Filter-Barrier-Bollard", "Timed_Enfo": null, "Exemptions": null, "Exemption_": null, "LGA": "Waltham Forest", "LTN": "Non-defined", "Implementa": "Mar-19", "Date_Remov": null, "url": null, "Notes": "GSI shows end of construction in March 2019" }, "geometry": { "type": "Point", "coordinates": [ 537814.853055221261457, 187390.897014982387191 ] } },
{ "type": "Feature", "properties": { "ID": 739, "Type": null, "Descriptio": null, "Enforcemen": "Filter-Barrier-Bollard", "Timed_Enfo": null, "Exemptions": null, "Exemption_": null, "LGA": "Waltham Forest", "LTN": "Non-defined", "Implementa": "Mar-19", "Date_Remov": null, "url": null, "Notes": "GSI shows implmented sometime  bet March 2018 and Sep 2020. Assume Mar-19 based on related filter 738." }, "geometry": { "type": "Point", "coordinates": [ 537818.561735939816572, 187250.109238226868911 ] } },
{ "type": "Feature", "properties": { "ID": 736, "Type": null, "Descriptio": null, "Enforcemen": "Filter-Barrier-Bollard", "Timed_Enfo": null, "Exemptions": null, "Exemption_": null, "LGA": "Waltham Forest", "LTN": "Non-defined", "Implementa": "Mar-19", "Date_Remov": null, "url": null, "Notes": "GSI shows implmented sometime  bet March 2018 and March 2019. Assume Mar-19 based on related filter 738." }, "geometry": { "type": "Point", "coordinates": [ 537519.060893577290699, 187576.564273976808181 ] } },
{ "type": "Feature", "properties": { "ID": 737, "Type": null, "Descriptio": null, "Enforcemen": "Filter-Barrier-Bollard", "Timed_Enfo": null, "Exemptions": null, "Exemption_": null, "LGA": "Waltham Forest", "LTN": "Non-defined", "Implementa": "Mar-19", "Date_Remov": null, "url": null, "Notes": "GSI shows implmented sometime  bet March 2018 and April 2022. Assume Mar-19 based on related filter 738." }, "geometry": { "type": "Point", "coordinates": [ 537667.377460956689902, 187528.943781795620453 ] } },
{ "type": "Feature", "properties": { "ID": 734, "Type": "Point filter", "Descriptio": null, "Enforcemen": "Filter-Barrier-Bollard", "Timed_Enfo": "N", "Exemptions": "N", "Exemption_": null, "LGA": "Waltham Forest", "LTN": "Blackorse Village East", "Implementa": "04/2016", "Date_Remov": null, "url": null, "Notes": null }, "geometry": { "type": "Point", "coordinates": [ 537339.099801192991436, 189727.649103014613502 ] } },
{ "type": "Feature", "properties": { "ID": 735, "Type": "Point filter", "Descriptio": null, "Enforcemen": "Filter-Barrier-Bollard", "Timed_Enfo": "N", "Exemptions": "N", "Exemption_": null, "LGA": "Waltham Forest", "LTN": "Markhouse Village", "Implementa": "Autumn-19", "Date_Remov": null, "url": null, "Notes": null }, "geometry": { "type": "Point", "coordinates": [ 536823.710804241825826, 188492.540385535627138 ] } },
{ "type": "Feature", "properties": { "ID": 732, "Type": "Point filter", "Descriptio": null, "Enforcemen": "Filter-Barrier-Bollard", "Timed_Enfo": "N", "Exemptions": "N", "Exemption_": null, "LGA": "Waltham Forest", "LTN": "Blackorse Village East", "Implementa": "04/2016", "Date_Remov": null, "url": null, "Notes": null }, "geometry": { "type": "Point", "coordinates": [ 537234.03122885315679, 189650.13798956037499 ] } },
{ "type": "Feature", "properties": { "ID": 733, "Type": "Point filter", "Descriptio": null, "Enforcemen": "Filter-Barrier-Bollard", "Timed_Enfo": "N", "Exemptions": "N", "Exemption_": null, "LGA": "Waltham Forest", "LTN": "Blackorse Village East", "Implementa": "04/2016", "Date_Remov": null, "url": null, "Notes": null }, "geometry": { "type": "Point", "coordinates": [ 537285.229116515256464, 189691.796756838972215 ] } },
{ "type": "Feature", "properties": { "ID": 730, "Type": "Point filter", "Descriptio": null, "Enforcemen": "Filter-Barrier-Bollard", "Timed_Enfo": "N", "Exemptions": "N", "Exemption_": null, "LGA": "Waltham Forest", "LTN": "Blackorse Village East", "Implementa": "04/2016", "Date_Remov": null, "url": null, "Notes": null }, "geometry": { "type": "Point", "coordinates": [ 537073.893821449368261, 189514.746995904861251 ] } },
{ "type": "Feature", "properties": { "ID": 731, "Type": "Point filter", "Descriptio": null, "Enforcemen": "Filter-Barrier-Bollard", "Timed_Enfo": "N", "Exemptions": "N", "Exemption_": null, "LGA": "Waltham Forest", "LTN": "Blackorse Village East", "Implementa": "04/2016", "Date_Remov": null, "url": null, "Notes": null }, "geometry": { "type": "Point", "coordinates": [ 537193.340198424994014, 189583.871056654752465 ] } },
{ "type": "Feature", "properties": { "ID": 749, "Type": "Point Filter", "Descriptio": null, "Enforcemen": "Filter-Navigable-ANPR", "Timed_Enfo": "N", "Exemptions": "Y", "Exemption_": "H&F Residents, visitors, taxis, carers", "LGA": "Hammersmith and Fulham", "LTN": "South Fulham (west)", "Implementa": "14/12/2022", "Date_Remov": null, "url": null, "Notes": null }, "geometry": { "type": "Point", "coordinates": [ 525505.776872763060965, 176559.433505312132183 ] } },
{ "type": "Feature", "properties": { "ID": 750, "Type": "Point Filter", "Descriptio": null, "Enforcemen": "Filter-Navigable-ANPR", "Timed_Enfo": "N", "Exemptions": "Y", "Exemption_": "H&F Residents, visitors, taxis, carers", "LGA": "Hammersmith and Fulham", "LTN": "South Fulham (west)", "Implementa": "14/12/2022", "Date_Remov": null, "url": null, "Notes": null }, "geometry": { "type": "Point", "coordinates": [ 525584.049715513247065, 176393.248879236314679 ] } },
{ "type": "Feature", "properties": { "ID": 751, "Type": "Point Filter", "Descriptio": null, "Enforcemen": "Filter-Navigable-ANPR", "Timed_Enfo": "N", "Exemptions": "Y", "Exemption_": "H&F Residents, visitors, taxis, carers", "LGA": "Hammersmith and Fulham", "LTN": "South Fulham (west)", "Implementa": "14/12/2022", "Date_Remov": null, "url": null, "Notes": null }, "geometry": { "type": "Point", "coordinates": [ 525293.48791646247264, 176115.809975186683005 ] } },
{ "type": "Feature", "properties": { "ID": 752, "Type": "Point Filter", "Descriptio": null, "Enforcemen": "Filter-Navigable-ANPR", "Timed_Enfo": "N", "Exemptions": "Y", "Exemption_": "H&F Residents, visitors, taxis, carers", "LGA": "Hammersmith and Fulham", "LTN": "South Fulham (west)", "Implementa": "14/12/2022", "Date_Remov": null, "url": null, "Notes": null }, "geometry": { "type": "Point", "coordinates": [ 525196.169456188916229, 175889.585201185604092 ] } },
{ "type": "Feature", "properties": { "ID": 753, "Type": "Point Filter", "Descriptio": null, "Enforcemen": "Filter-Navigable-ANPR", "Timed_Enfo": "N", "Exemptions": "Y", "Exemption_": "H&F Residents, visitors, taxis, carers", "LGA": "Hammersmith and Fulham", "LTN": "South Fulham (west)", "Implementa": "14/12/2022", "Date_Remov": null, "url": null, "Notes": null }, "geometry": { "type": "Point", "coordinates": [ 524596.232504191808403, 176036.375814295199234 ] } },
{ "type": "Feature", "properties": { "ID": 754, "Type": "Point Filter", "Descriptio": null, "Enforcemen": "Filter-Navigable-ANPR", "Timed_Enfo": "N", "Exemptions": "Y", "Exemption_": "Blue badge, taxis, accessible private vehicles", "LGA": "Lambeth", "LTN": "Brixton Hill", "Implementa": "04/09/2023", "Date_Remov": null, "url": null, "Notes": null }, "geometry": { "type": "Point", "coordinates": [ 530308.248451343155466, 175049.656781595025677 ] } },
{ "type": "Feature", "properties": { "ID": 755, "Type": "Point Filter", "Descriptio": null, "Enforcemen": "Filter-Barrier-Bollard", "Timed_Enfo": "N", "Exemptions": "Y", "Exemption_": "Blue badge, taxis, accessible private vehicles", "LGA": "Lambeth", "LTN": "Brixton Hill", "Implementa": "04/09/2023", "Date_Remov": null, "url": null, "Notes": null }, "geometry": { "type": "Point", "coordinates": [ 530365.839213521103375, 175052.231978277879534 ] } },
{ "type": "Feature", "properties": { "ID": 756, "Type": "Point Filter", "Descriptio": null, "Enforcemen": "Filter-Barrier-Bollard", "Timed_Enfo": "N", "Exemptions": "Y", "Exemption_": "Blue badge, taxis, accessible private vehicles", "LGA": "Lambeth", "LTN": "Brixton Hill", "Implementa": "04/09/2023", "Date_Remov": null, "url": null, "Notes": null }, "geometry": { "type": "Point", "coordinates": [ 530338.975229944568127, 174678.126132910489105 ] } },
{ "type": "Feature", "properties": { "ID": 757, "Type": "Point Filter", "Descriptio": null, "Enforcemen": "Filter-Barrier-Bollard", "Timed_Enfo": "N", "Exemptions": "Y", "Exemption_": "Blue badge, taxis, accessible private vehicles", "LGA": "Lambeth", "LTN": "Brixton Hill", "Implementa": "04/09/2023", "Date_Remov": null, "url": null, "Notes": null }, "geometry": { "type": "Point", "coordinates": [ 530426.063699579564855, 173600.757484361878596 ] } },
{ "type": "Feature", "properties": { "ID": 758, "Type": "Point Filter", "Descriptio": null, "Enforcemen": "Filter-Navigable-ANPR", "Timed_Enfo": "N", "Exemptions": "Y", "Exemption_": "Blue badge, taxis, accessible private vehicles", "LGA": "Lambeth", "LTN": "Brixton Hill", "Implementa": "04/09/2023", "Date_Remov": null, "url": null, "Notes": null }, "geometry": { "type": "Point", "coordinates": [ 530135.768800796358846, 173824.331378182745539 ] } },
{ "type": "Feature", "properties": { "ID": 759, "Type": "Point Filter", "Descriptio": null, "Enforcemen": "Filter-Navigable-ANPR", "Timed_Enfo": "N", "Exemptions": "Y", "Exemption_": "Blue badge, taxis, accessible private vehicles", "LGA": "Lambeth", "LTN": "Brixton Hill", "Implementa": "04/09/2023", "Date_Remov": null, "url": null, "Notes": null }, "geometry": { "type": "Point", "coordinates": [ 530152.156416050507687, 173935.298944330483209 ] } },
{ "type": "Feature", "properties": { "ID": 760, "Type": "Point Filter", "Descriptio": null, "Enforcemen": "Filter-Navigable-ANPR", "Timed_Enfo": "N", "Exemptions": "Y", "Exemption_": "Blue badge, taxis, accessible private vehicles", "LGA": "Lambeth", "LTN": "Brixton Hill", "Implementa": "04/09/2023", "Date_Remov": null, "url": null, "Notes": null }, "geometry": { "type": "Point", "coordinates": [ 530286.53486113215331, 174034.09285343249212 ] } },
{ "type": "Feature", "properties": { "ID": 761, "Type": "Point Filter", "Descriptio": null, "Enforcemen": "Filter-Navigable-ANPR", "Timed_Enfo": "N", "Exemptions": "Y", "Exemption_": "Blue badge, taxis, accessible private vehicles", "LGA": "Lambeth", "LTN": "Brixton Hill", "Implementa": "04/09/2023", "Date_Remov": null, "url": null, "Notes": null }, "geometry": { "type": "Point", "coordinates": [ 530166.905269778915681, 174587.057813856605208 ] } },
{ "type": "Feature", "properties": { "ID": 762, "Type": "Point Filter", "Descriptio": null, "Enforcemen": "Filter-Navigable-ANPR", "Timed_Enfo": "N", "Exemptions": "Y", "Exemption_": "Blue badge", "LGA": "Lambeth", "LTN": "Streatham Wells", "Implementa": "23/10/2023", "Date_Remov": "07/03/2024", "url": null, "Notes": null }, "geometry": { "type": "Point", "coordinates": [ 530584.913057147758082, 172266.856308802962303 ] } },
{ "type": "Feature", "properties": { "ID": 763, "Type": "Point Filter", "Descriptio": null, "Enforcemen": "Filter-Navigable-ANPR", "Timed_Enfo": "N", "Exemptions": "Y", "Exemption_": "Blue badge", "LGA": "Lambeth", "LTN": "Streatham Wells", "Implementa": "23/10/2023", "Date_Remov": "07/03/2024", "url": null, "Notes": null }, "geometry": { "type": "Point", "coordinates": [ 530623.823686373769306, 172196.566139878763352 ] } },
{ "type": "Feature", "properties": { "ID": 764, "Type": "Point Filter", "Descriptio": null, "Enforcemen": "Filter-Navigable-ANPR", "Timed_Enfo": "N", "Exemptions": "Y", "Exemption_": "Blue badge", "LGA": "Lambeth", "LTN": "Streatham Wells", "Implementa": "23/10/2023", "Date_Remov": "07/03/2024", "url": null, "Notes": null }, "geometry": { "type": "Point", "coordinates": [ 530192.041220125043765, 172097.825188294809777 ] } },
{ "type": "Feature", "properties": { "ID": 765, "Type": "Point Filter", "Descriptio": null, "Enforcemen": "Filter-Navigable-ANPR", "Timed_Enfo": "N", "Exemptions": "Y", "Exemption_": "Blue badge, buses", "LGA": "Lambeth", "LTN": "Streatham Wells", "Implementa": "23/10/2023", "Date_Remov": "07/03/2024", "url": null, "Notes": null }, "geometry": { "type": "Point", "coordinates": [ 530933.225947799044661, 172119.581669152306858 ] } },
{ "type": "Feature", "properties": { "ID": 766, "Type": "Point Filter", "Descriptio": null, "Enforcemen": "Filter-Navigable-ANPR", "Timed_Enfo": "N", "Exemptions": "Y", "Exemption_": "Blue badge, buses", "LGA": "Lambeth", "LTN": "Streatham Wells", "Implementa": "23/10/2023", "Date_Remov": "07/03/2024", "url": null, "Notes": null }, "geometry": { "type": "Point", "coordinates": [ 530763.985630359617062, 171474.836726817797171 ] } },
{ "type": "Feature", "properties": { "ID": 767, "Type": "Point Filter", "Descriptio": null, "Enforcemen": "Filter-Navigable-ANPR", "Timed_Enfo": "N", "Exemptions": "Y", "Exemption_": "Blue badge, buses", "LGA": "Lambeth", "LTN": "Streatham Wells", "Implementa": "23/10/2023", "Date_Remov": "07/03/2024", "url": null, "Notes": null }, "geometry": { "type": "Point", "coordinates": [ 530457.721322904224508, 171573.577678401808953 ] } }
]
}
